Sales Person,Geography,Product,Date,Amount,Boxes
Dennison Crosswaite,UK,Almond Choco,1/1/2021,2037,422
Kelci Walkden,India,Almond Choco,1/1/2021,6160,126
Gigi Bohling,Canada,Caramel Stuffed Bars,1/1/2021,1442,200
Madelene Upcott,India,Eclairs,1/1/2021,6979,252
Oby Sorrel,USA,Manuka Honey Choco,1/1/2021,966,71
Brien Boise,USA,After Nines,1/1/2021,7924,124
Jan Morforth,New Zealand,Spicy Special Slims,1/1/2021,2996,88
Marney O'Breen,USA,85% Dark Bars,1/1/2021,1981,471
Gigi Bohling,Canada,Eclairs,1/1/2021,1456,10
Andria Kimpton,USA,White Choc,1/1/2021,5257,577
Kelci Walkden,Australia,Smooth Sliky Salty,1/1/2021,4767,189
Barr Faughny,Canada,White Choc,1/1/2021,4718,67
Barr Faughny,UK,Orange Choco,1/1/2021,9303,82
Barr Faughny,USA,Mint Chip Choco,1/1/2021,14,1
Husein Augar,UK,Caramel Stuffed Bars,1/1/2021,7518,9
Barr Faughny,Canada,Eclairs,1/1/2021,7651,288
Ches Bonnell,USA,Eclairs,1/1/2021,2359,125
Jan Morforth,Canada,85% Dark Bars,1/1/2021,70,396
Marney O'Breen,USA,Smooth Sliky Salty,1/1/2021,399,70
Dotty Strutley,USA,Peanut Butter Cubes,1/1/2021,3801,52
Jan Morforth,Australia,After Nines,1/1/2021,5201,97
Gigi Bohling,USA,After Nines,1/1/2021,2450,55
Oby Sorrel,India,70% Dark Bites,1/1/2021,5131,619
Curtice Advani,USA,White Choc,1/1/2021,5369,26
Oby Sorrel,Australia,Drinking Coco,1/1/2021,728,634
Rafaelita Blaksland,UK,Manuka Honey Choco,1/1/2021,5880,11
Kaine Padly,UK,Spicy Special Slims,1/1/2021,1148,285
Dotty Strutley,India,After Nines,1/1/2021,2058,321
Beverie Moffet,Australia,Manuka Honey Choco,1/1/2021,3906,131
Husein Augar,Australia,70% Dark Bites,1/1/2021,560,676
Husein Augar,New Zealand,Fruit & Nut Bars,1/1/2021,3647,7
Brien Boise,USA,Eclairs,1/1/2021,3038,539
Jan Morforth,USA,Raspberry Choco,1/1/2021,4760,196
Dennison Crosswaite,New Zealand,Organic Choco Syrup,1/1/2021,1750,138
Husein Augar,UK,After Nines,1/1/2021,10241,377
Dennison Crosswaite,UK,99% Dark & Pure,1/1/2021,3500,46
Curtice Advani,UK,Peanut Butter Cubes,1/1/2021,1652,221
Karlen McCaffrey,UK,Milk Bars,1/1/2021,5257,45
Husein Augar,India,50% Dark Bites,1/1/2021,3360,207
Karlen McCaffrey,USA,Raspberry Choco,1/1/2021,7616,208
Curtice Advani,New Zealand,Organic Choco Syrup,1/1/2021,371,31
Husein Augar,USA,Organic Choco Syrup,1/1/2021,1743,77
Husein Augar,Australia,Fruit & Nut Bars,1/1/2021,6251,212
Dennison Crosswaite,India,Caramel Stuffed Bars,1/4/2021,3717,174
Kaine Padly,India,Fruit & Nut Bars,1/4/2021,5712,537
Curtice Advani,UK,Eclairs,1/4/2021,1862,334
Dotty Strutley,India,Orange Choco,1/4/2021,4473,373
Kaine Padly,USA,After Nines,1/4/2021,5509,39
Wilone O'Kielt,UK,Baker's Choco Chips,1/4/2021,4221,103
Dotty Strutley,Australia,Drinking Coco,1/4/2021,707,203
Gunar Cockshoot,India,Mint Chip Choco,1/4/2021,1603,73
Husein Augar,New Zealand,Orange Choco,1/4/2021,11053,217
Rafaelita Blaksland,USA,Baker's Choco Chips,1/4/2021,5740,109
Dennison Crosswaite,New Zealand,99% Dark & Pure,1/4/2021,6958,427
Husein Augar,India,Raspberry Choco,1/4/2021,2478,63
Gunar Cockshoot,UK,Baker's Choco Chips,1/4/2021,1680,609
Gunar Cockshoot,India,Choco Coated Almonds,1/4/2021,3178,119
Gunar Cockshoot,UK,Smooth Sliky Salty,1/4/2021,5131,112
Beverie Moffet,UK,Almond Choco,1/4/2021,3633,212
Madelene Upcott,USA,Fruit & Nut Bars,1/4/2021,7819,247
Marney O'Breen,India,Orange Choco,1/4/2021,1064,138
Beverie Moffet,New Zealand,Organic Choco Syrup,1/4/2021,3465,259
Dennison Crosswaite,India,After Nines,1/4/2021,1148,240
Beverie Moffet,India,Fruit & Nut Bars,1/4/2021,819,306
Marney O'Breen,Australia,Spicy Special Slims,1/4/2021,2030,177
Karlen McCaffrey,New Zealand,Fruit & Nut Bars,1/4/2021,147,169
Oby Sorrel,India,Mint Chip Choco,1/4/2021,1295,17
Kaine Padly,Australia,Orange Choco,1/4/2021,763,387
Gigi Bohling,Australia,Baker's Choco Chips,1/4/2021,4305,387
Husein Augar,USA,Manuka Honey Choco,1/4/2021,4851,35
Ches Bonnell,India,99% Dark & Pure,1/4/2021,987,271
Kaine Padly,Canada,85% Dark Bars,1/4/2021,4704,266
Karlen McCaffrey,Canada,Almond Choco,1/4/2021,3031,18
Dennison Crosswaite,Canada,Peanut Butter Cubes,1/4/2021,679,88
Gunar Cockshoot,Australia,Organic Choco Syrup,1/4/2021,6804,455
Dotty Strutley,India,Choco Coated Almonds,1/4/2021,357,210
Wilone O'Kielt,UK,Spicy Special Slims,1/4/2021,3815,424
Beverie Moffet,UK,99% Dark & Pure,1/4/2021,5670,122
Karlen McCaffrey,Canada,White Choc,1/4/2021,3010,155
Ches Bonnell,Australia,Manuka Honey Choco,1/4/2021,182,177
Barr Faughny,USA,Drinking Coco,1/4/2021,3080,73
Ches Bonnell,Canada,Caramel Stuffed Bars,1/4/2021,3101,643
Madelene Upcott,Australia,Eclairs,1/4/2021,2233,132
Madelene Upcott,USA,Mint Chip Choco,1/4/2021,3507,74
Gigi Bohling,Australia,Raspberry Choco,1/4/2021,8554,403
Dotty Strutley,India,Organic Choco Syrup,1/4/2021,3479,239
Curtice Advani,UK,Baker's Choco Chips,1/4/2021,1225,348
Rafaelita Blaksland,India,Eclairs,1/4/2021,49,840
Husein Augar,New Zealand,Baker's Choco Chips,1/4/2021,4487,175
Dotty Strutley,India,Spicy Special Slims,1/4/2021,1652,240
Wilone O'Kielt,India,Organic Choco Syrup,1/5/2021,10262,185
Oby Sorrel,Australia,Mint Chip Choco,1/5/2021,5173,217
Jan Morforth,New Zealand,White Choc,1/5/2021,2296,910
Rafaelita Blaksland,Canada,50% Dark Bites,1/5/2021,798,212
Madelene Upcott,India,White Choc,1/5/2021,910,231
Kelci Walkden,Canada,85% Dark Bars,1/5/2021,6510,251
Marney O'Breen,New Zealand,Manuka Honey Choco,1/5/2021,3892,213
Oby Sorrel,India,Spicy Special Slims,1/5/2021,4704,53
Gunar Cockshoot,New Zealand,Baker's Choco Chips,1/5/2021,4095,188
Gunar Cockshoot,Canada,Organic Choco Syrup,1/5/2021,11466,315
Dotty Strutley,India,99% Dark & Pure,1/5/2021,2324,178
Wilone O'Kielt,Canada,Baker's Choco Chips,1/5/2021,5068,128
Wilone O'Kielt,New Zealand,Almond Choco,1/5/2021,8855,436
Barr Faughny,India,Drinking Coco,1/5/2021,4872,175
Wilone O'Kielt,Australia,Peanut Butter Cubes,1/5/2021,8673,96
Curtice Advani,Australia,Orange Choco,1/5/2021,4340,79
Barr Faughny,New Zealand,50% Dark Bites,1/5/2021,35,910
Wilone O'Kielt,Australia,85% Dark Bars,1/5/2021,1659,43
Gunar Cockshoot,Canada,Spicy Special Slims,1/5/2021,4774,345
Wilone O'Kielt,New Zealand,Milk Bars,1/5/2021,637,61
Barr Faughny,New Zealand,Drinking Coco,1/5/2021,2828,208
Kaine Padly,India,Spicy Special Slims,1/5/2021,15288,139
Gigi Bohling,Canada,85% Dark Bars,1/5/2021,952,627
Marney O'Breen,Australia,Mint Chip Choco,1/5/2021,2632,840
Kaine Padly,Canada,Raspberry Choco,1/5/2021,8736,82
Brien Boise,Australia,Baker's Choco Chips,1/5/2021,805,217
Rafaelita Blaksland,Australia,Peanut Butter Cubes,1/5/2021,8316,138
Marney O'Breen,India,Milk Bars,1/5/2021,2072,300
Curtice Advani,New Zealand,Orange Choco,1/5/2021,938,16
Madelene Upcott,Canada,Milk Bars,1/5/2021,4592,96
Dennison Crosswaite,Australia,Drinking Coco,1/5/2021,8008,338
Madelene Upcott,India,Organic Choco Syrup,1/5/2021,8505,71
Wilone O'Kielt,Australia,Spicy Special Slims,1/5/2021,8463,183
Marney O'Breen,New Zealand,Mint Chip Choco,1/5/2021,6405,119
Gigi Bohling,New Zealand,70% Dark Bites,1/6/2021,2723,444
Curtice Advani,New Zealand,After Nines,1/6/2021,595,115
Gigi Bohling,USA,99% Dark & Pure,1/6/2021,5810,356
Marney O'Breen,Australia,White Choc,1/6/2021,10206,58
Jan Morforth,Canada,Drinking Coco,1/6/2021,1190,189
Dotty Strutley,UK,Drinking Coco,1/6/2021,4410,141
Jan Morforth,Australia,Eclairs,1/6/2021,3703,135
Curtice Advani,UK,70% Dark Bites,1/6/2021,4865,106
Andria Kimpton,New Zealand,Raspberry Choco,1/6/2021,7294,149
Gigi Bohling,New Zealand,Almond Choco,1/6/2021,3388,266
Marney O'Breen,India,Manuka Honey Choco,1/6/2021,581,161
Brien Boise,Canada,Eclairs,1/6/2021,875,207
Husein Augar,UK,99% Dark & Pure,1/6/2021,2331,625
Ches Bonnell,UK,After Nines,1/6/2021,259,486
Husein Augar,USA,Smooth Sliky Salty,1/6/2021,11473,251
Oby Sorrel,USA,Raspberry Choco,1/6/2021,1799,178
Dennison Crosswaite,Australia,Baker's Choco Chips,1/7/2021,882,1050
Karlen McCaffrey,India,85% Dark Bars,1/7/2021,5306,217
Beverie Moffet,India,Smooth Sliky Salty,1/7/2021,7210,30
Dotty Strutley,New Zealand,Almond Choco,1/7/2021,602,559
Gunar Cockshoot,Australia,Almond Choco,1/7/2021,2163,85
Jan Morforth,Canada,Fruit & Nut Bars,1/7/2021,1813,64
Brien Boise,USA,70% Dark Bites,1/7/2021,8253,88
Kelci Walkden,Canada,Orange Choco,1/7/2021,175,166
Dennison Crosswaite,UK,Baker's Choco Chips,1/7/2021,3535,83
Karlen McCaffrey,India,Organic Choco Syrup,1/7/2021,6888,840
Rafaelita Blaksland,India,Peanut Butter Cubes,1/7/2021,5845,75
Andria Kimpton,Australia,Almond Choco,1/7/2021,9590,414
Marney O'Breen,Australia,50% Dark Bites,1/7/2021,938,328
Jan Morforth,Canada,Raspberry Choco,1/7/2021,6251,220
Marney O'Breen,Canada,Almond Choco,1/7/2021,126,315
Curtice Advani,Canada,Raspberry Choco,1/7/2021,189,101
Rafaelita Blaksland,Canada,99% Dark & Pure,1/7/2021,2163,573
Dotty Strutley,Canada,Manuka Honey Choco,1/7/2021,7784,100
Madelene Upcott,Canada,Choco Coated Almonds,1/8/2021,3703,511
Brien Boise,UK,After Nines,1/8/2021,1428,220
Dennison Crosswaite,Australia,70% Dark Bites,1/8/2021,91,10
Barr Faughny,Canada,After Nines,1/8/2021,1561,505
Andria Kimpton,UK,Choco Coated Almonds,1/8/2021,532,155
Karlen McCaffrey,Australia,After Nines,1/8/2021,4284,275
Rafaelita Blaksland,Australia,White Choc,1/8/2021,322,296
Barr Faughny,USA,70% Dark Bites,1/8/2021,2576,48
Oby Sorrel,UK,Choco Coated Almonds,1/8/2021,1659,217
Karlen McCaffrey,Australia,Drinking Coco,1/8/2021,4214,135
Dotty Strutley,India,Smooth Sliky Salty,1/8/2021,2170,148
Ches Bonnell,India,Organic Choco Syrup,1/8/2021,630,41
Karlen McCaffrey,USA,Almond Choco,1/8/2021,3689,82
Jan Morforth,Canada,Almond Choco,1/8/2021,805,241
Barr Faughny,UK,Smooth Sliky Salty,1/8/2021,1449,123
Wilone O'Kielt,UK,Manuka Honey Choco,1/8/2021,1554,320
Oby Sorrel,Canada,50% Dark Bites,1/8/2021,2366,89
Dennison Crosswaite,USA,Drinking Coco,1/8/2021,518,389
Karlen McCaffrey,USA,Baker's Choco Chips,1/8/2021,1911,700
Marney O'Breen,Australia,Drinking Coco,1/8/2021,8974,16
Marney O'Breen,India,Choco Coated Almonds,1/8/2021,6580,182
Gigi Bohling,Canada,70% Dark Bites,1/8/2021,1953,25
Wilone O'Kielt,Canada,Smooth Sliky Salty,1/8/2021,1498,25
Curtice Advani,Australia,Caramel Stuffed Bars,1/8/2021,7749,177
Brien Boise,India,White Choc,1/8/2021,9975,171
Dotty Strutley,UK,Mint Chip Choco,1/11/2021,8911,12
Marney O'Breen,Australia,Milk Bars,1/11/2021,1295,27
Marney O'Breen,Australia,Smooth Sliky Salty,1/11/2021,1932,28
Jan Morforth,New Zealand,Fruit & Nut Bars,1/11/2021,112,57
Dotty Strutley,Canada,85% Dark Bars,1/11/2021,4823,103
Dennison Crosswaite,Australia,Orange Choco,1/11/2021,2968,210
Dotty Strutley,UK,Fruit & Nut Bars,1/11/2021,5411,240
Wilone O'Kielt,USA,Eclairs,1/11/2021,98,288
Kaine Padly,Australia,Milk Bars,1/11/2021,2576,99
Kaine Padly,Australia,Almond Choco,1/11/2021,3934,607
Andria Kimpton,Canada,After Nines,1/11/2021,3206,153
Kaine Padly,UK,After Nines,1/11/2021,5992,136
Curtice Advani,USA,Smooth Sliky Salty,1/11/2021,77,75
Beverie Moffet,Australia,50% Dark Bites,1/11/2021,5558,91
Kaine Padly,Canada,Peanut Butter Cubes,1/11/2021,2548,227
Karlen McCaffrey,UK,50% Dark Bites,1/11/2021,973,264
Karlen McCaffrey,Australia,Caramel Stuffed Bars,1/11/2021,3801,640
Marney O'Breen,New Zealand,Fruit & Nut Bars,1/11/2021,6867,770
Karlen McCaffrey,India,After Nines,1/11/2021,2317,276
Madelene Upcott,UK,50% Dark Bites,1/11/2021,462,147
Wilone O'Kielt,Canada,Raspberry Choco,1/11/2021,1022,7
Oby Sorrel,USA,Caramel Stuffed Bars,1/11/2021,5068,227
Dennison Crosswaite,USA,Fruit & Nut Bars,1/11/2021,9793,106
Andria Kimpton,Australia,Smooth Sliky Salty,1/11/2021,7210,219
Jan Morforth,Australia,Manuka Honey Choco,1/11/2021,4340,413
Brien Boise,India,Organic Choco Syrup,1/11/2021,9226,65
Barr Faughny,New Zealand,Orange Choco,1/12/2021,1932,129
Husein Augar,Australia,50% Dark Bites,1/12/2021,1337,133
Gigi Bohling,Canada,Spicy Special Slims,1/12/2021,1771,125
Jan Morforth,India,Mint Chip Choco,1/12/2021,4690,72
Andria Kimpton,UK,Orange Choco,1/12/2021,10241,243
Barr Faughny,UK,Peanut Butter Cubes,1/12/2021,4907,275
Curtice Advani,USA,50% Dark Bites,1/12/2021,5817,119
Dotty Strutley,USA,After Nines,1/12/2021,2527,277
Gigi Bohling,New Zealand,Choco Coated Almonds,1/12/2021,4053,23
Wilone O'Kielt,USA,Baker's Choco Chips,1/12/2021,63,263
Marney O'Breen,Canada,White Choc,1/12/2021,6559,619
Curtice Advani,Canada,After Nines,1/12/2021,4921,770
Gunar Cockshoot,Canada,Mint Chip Choco,1/12/2021,10738,135
Gunar Cockshoot,New Zealand,Almond Choco,1/12/2021,7441,8
Gigi Bohling,New Zealand,99% Dark & Pure,1/12/2021,6244,27
Gigi Bohling,UK,Organic Choco Syrup,1/12/2021,9625,138
Kelci Walkden,USA,Peanut Butter Cubes,1/12/2021,2303,194
Andria Kimpton,UK,Baker's Choco Chips,1/12/2021,406,94
Kaine Padly,UK,Fruit & Nut Bars,1/12/2021,6531,185
Wilone O'Kielt,USA,Fruit & Nut Bars,1/12/2021,2954,137
Andria Kimpton,Canada,Peanut Butter Cubes,1/12/2021,2121,204
Barr Faughny,New Zealand,Smooth Sliky Salty,1/12/2021,5026,222
Gunar Cockshoot,India,White Choc,1/12/2021,1673,410
Beverie Moffet,New Zealand,Choco Coated Almonds,1/13/2021,1337,700
Andria Kimpton,India,Mint Chip Choco,1/13/2021,4795,56
Marney O'Breen,New Zealand,Milk Bars,1/13/2021,224,185
Rafaelita Blaksland,Australia,Caramel Stuffed Bars,1/13/2021,1708,21
Wilone O'Kielt,New Zealand,Eclairs,1/13/2021,1463,577
Karlen McCaffrey,Canada,Milk Bars,1/13/2021,553,65
Kelci Walkden,India,Smooth Sliky Salty,1/13/2021,7812,265
Brien Boise,New Zealand,White Choc,1/13/2021,9149,117
Jan Morforth,UK,Drinking Coco,1/13/2021,3500,469
Madelene Upcott,UK,Almond Choco,1/13/2021,4417,440
Brien Boise,USA,Smooth Sliky Salty,1/13/2021,4487,224
Jan Morforth,Australia,Smooth Sliky Salty,1/13/2021,3444,24
Dennison Crosswaite,Canada,99% Dark & Pure,1/14/2021,4907,275
Gunar Cockshoot,New Zealand,Raspberry Choco,1/14/2021,1631,94
Gunar Cockshoot,Canada,Eclairs,1/14/2021,4949,329
Gigi Bohling,UK,Drinking Coco,1/14/2021,11004,397
Barr Faughny,India,Caramel Stuffed Bars,1/14/2021,7329,390
Husein Augar,India,Baker's Choco Chips,1/14/2021,1295,455
Oby Sorrel,UK,Drinking Coco,1/14/2021,3325,567
Beverie Moffet,New Zealand,Milk Bars,1/14/2021,6741,479
Madelene Upcott,USA,Choco Coated Almonds,1/14/2021,1925,174
Madelene Upcott,New Zealand,Smooth Sliky Salty,1/15/2021,2408,499
Dennison Crosswaite,Australia,50% Dark Bites,1/15/2021,6328,210
Ches Bonnell,USA,70% Dark Bites,1/15/2021,9583,469
Gigi Bohling,Canada,After Nines,1/15/2021,5264,249
Curtice Advani,India,Almond Choco,1/15/2021,2842,411
Kelci Walkden,New Zealand,70% Dark Bites,1/15/2021,3458,338
Dennison Crosswaite,Canada,70% Dark Bites,1/15/2021,7672,840
Dotty Strutley,Australia,50% Dark Bites,1/18/2021,35,51
Madelene Upcott,Australia,Choco Coated Almonds,1/18/2021,4039,114
Brien Boise,UK,Mint Chip Choco,1/18/2021,10969,531
Curtice Advani,Canada,Orange Choco,1/18/2021,7028,53
Kaine Padly,Canada,Fruit & Nut Bars,1/18/2021,5670,84
Gunar Cockshoot,Australia,Drinking Coco,1/18/2021,1645,100
Barr Faughny,Australia,Almond Choco,1/18/2021,2044,408
Ches Bonnell,India,Choco Coated Almonds,1/18/2021,4690,353
Wilone O'Kielt,Australia,Caramel Stuffed Bars,1/18/2021,5670,136
Brien Boise,Australia,Choco Coated Almonds,1/19/2021,4914,339
Ches Bonnell,India,Raspberry Choco,1/19/2021,3052,245
Rafaelita Blaksland,Australia,Almond Choco,1/19/2021,3976,352
Andria Kimpton,Canada,99% Dark & Pure,1/19/2021,4039,118
Rafaelita Blaksland,India,Smooth Sliky Salty,1/19/2021,6286,518
Oby Sorrel,USA,50% Dark Bites,1/19/2021,7007,595
Brien Boise,Australia,Raspberry Choco,1/19/2021,1890,287
Marney O'Breen,Canada,Drinking Coco,1/19/2021,2975,201
Rafaelita Blaksland,USA,Choco Coated Almonds,1/19/2021,1449,37
Beverie Moffet,Canada,Manuka Honey Choco,1/19/2021,4578,251
Ches Bonnell,USA,White Choc,1/19/2021,1449,157
Gunar Cockshoot,USA,85% Dark Bars,1/19/2021,693,85
Rafaelita Blaksland,India,After Nines,1/19/2021,7322,165
Rafaelita Blaksland,New Zealand,50% Dark Bites,1/19/2021,2226,241
Rafaelita Blaksland,USA,Fruit & Nut Bars,1/19/2021,7763,355
Gunar Cockshoot,India,Caramel Stuffed Bars,1/19/2021,322,238
Karlen McCaffrey,Canada,Organic Choco Syrup,1/19/2021,9219,263
Jan Morforth,Australia,Orange Choco,1/19/2021,2926,259
Gunar Cockshoot,Australia,Fruit & Nut Bars,1/19/2021,5831,135
Marney O'Breen,UK,Manuka Honey Choco,1/19/2021,798,163
Jan Morforth,Canada,Choco Coated Almonds,1/19/2021,3094,418
Jan Morforth,USA,Peanut Butter Cubes,1/19/2021,8043,123
Kelci Walkden,Australia,Spicy Special Slims,1/19/2021,9702,235
Beverie Moffet,India,After Nines,1/19/2021,9107,262
Gunar Cockshoot,Canada,After Nines,1/19/2021,1218,1120
Barr Faughny,UK,Spicy Special Slims,1/19/2021,1680,139
Dotty Strutley,Canada,Orange Choco,1/19/2021,1295,63
Andria Kimpton,India,Fruit & Nut Bars,1/19/2021,2625,163
Curtice Advani,UK,99% Dark & Pure,1/19/2021,1939,341
Ches Bonnell,USA,Smooth Sliky Salty,1/19/2021,1575,267
Dennison Crosswaite,Canada,50% Dark Bites,1/19/2021,4690,268
Karlen McCaffrey,New Zealand,Drinking Coco,1/19/2021,4606,298
Curtice Advani,UK,Choco Coated Almonds,1/20/2021,1659,137
Barr Faughny,UK,Choco Coated Almonds,1/20/2021,2576,132
Dennison Crosswaite,New Zealand,Fruit & Nut Bars,1/20/2021,413,151
Kelci Walkden,USA,Milk Bars,1/20/2021,819,106
Karlen McCaffrey,Canada,Peanut Butter Cubes,1/20/2021,5117,43
Ches Bonnell,Australia,Caramel Stuffed Bars,1/20/2021,4186,137
Curtice Advani,UK,Manuka Honey Choco,1/20/2021,4452,34
Brien Boise,Australia,Peanut Butter Cubes,1/20/2021,3556,66
Gigi Bohling,USA,Organic Choco Syrup,1/20/2021,4767,308
Husein Augar,New Zealand,Peanut Butter Cubes,1/20/2021,6629,139
Wilone O'Kielt,New Zealand,Fruit & Nut Bars,1/20/2021,5915,910
Wilone O'Kielt,Canada,Mint Chip Choco,1/20/2021,1358,208
Husein Augar,USA,Peanut Butter Cubes,1/20/2021,9331,215
Kelci Walkden,Canada,Raspberry Choco,1/20/2021,84,59
Kaine Padly,UK,White Choc,1/20/2021,12894,126
Wilone O'Kielt,Australia,Raspberry Choco,1/20/2021,2296,9
Rafaelita Blaksland,UK,Peanut Butter Cubes,1/20/2021,91,473
Kelci Walkden,UK,Choco Coated Almonds,1/20/2021,6405,373
Husein Augar,New Zealand,Eclairs,1/20/2021,4550,36
Barr Faughny,USA,Spicy Special Slims,1/21/2021,7014,180
Kelci Walkden,UK,Organic Choco Syrup,1/21/2021,6979,164
Ches Bonnell,UK,85% Dark Bars,1/21/2021,8344,248
Kelci Walkden,New Zealand,Raspberry Choco,1/21/2021,2793,150
Karlen McCaffrey,UK,Almond Choco,1/21/2021,3143,99
Andria Kimpton,New Zealand,Baker's Choco Chips,1/21/2021,504,347
Karlen McCaffrey,India,Baker's Choco Chips,1/21/2021,868,77
Husein Augar,India,Smooth Sliky Salty,1/21/2021,3143,75
Oby Sorrel,USA,Orange Choco,1/21/2021,4893,840
Marney O'Breen,Canada,Eclairs,1/21/2021,1547,276
Ches Bonnell,Canada,Fruit & Nut Bars,1/21/2021,4200,188
Wilone O'Kielt,Australia,Fruit & Nut Bars,1/21/2021,1778,95
Barr Faughny,USA,99% Dark & Pure,1/21/2021,10675,184
Dotty Strutley,USA,Drinking Coco,1/21/2021,973,145
Dennison Crosswaite,UK,50% Dark Bites,1/21/2021,2310,44
Kelci Walkden,India,Peanut Butter Cubes,1/21/2021,217,333
Rafaelita Blaksland,New Zealand,After Nines,1/21/2021,3451,378
Marney O'Breen,USA,Caramel Stuffed Bars,1/21/2021,4277,60
Rafaelita Blaksland,UK,Spicy Special Slims,1/21/2021,7294,616
Kaine Padly,New Zealand,After Nines,1/22/2021,8365,238
Husein Augar,India,Caramel Stuffed Bars,1/22/2021,9982,403
Gunar Cockshoot,New Zealand,White Choc,1/22/2021,2849,345
Madelene Upcott,New Zealand,50% Dark Bites,1/22/2021,1519,188
Karlen McCaffrey,New Zealand,50% Dark Bites,1/22/2021,1106,438
Beverie Moffet,Australia,Milk Bars,1/22/2021,2695,524
Dennison Crosswaite,USA,Milk Bars,1/22/2021,3108,700
Brien Boise,Canada,Milk Bars,1/22/2021,3115,243
Dennison Crosswaite,New Zealand,50% Dark Bites,1/22/2021,2471,163
Oby Sorrel,Canada,White Choc,1/22/2021,5817,365
Dennison Crosswaite,India,Manuka Honey Choco,1/22/2021,1309,514
Rafaelita Blaksland,USA,Almond Choco,1/22/2021,5768,98
Brien Boise,New Zealand,Spicy Special Slims,1/22/2021,2681,117
Dennison Crosswaite,USA,Almond Choco,1/22/2021,3661,228
Barr Faughny,New Zealand,Caramel Stuffed Bars,1/22/2021,3290,6
Ches Bonnell,USA,85% Dark Bars,1/22/2021,8428,17
Brien Boise,USA,Baker's Choco Chips,1/22/2021,2044,31
Kelci Walkden,Canada,Manuka Honey Choco,1/25/2021,2219,320
Ches Bonnell,Canada,Spicy Special Slims,1/25/2021,4473,202
Dennison Crosswaite,UK,Fruit & Nut Bars,1/25/2021,2086,410
Beverie Moffet,New Zealand,Drinking Coco,1/25/2021,2618,128
Beverie Moffet,Canada,Almond Choco,1/25/2021,7630,276
Karlen McCaffrey,USA,Fruit & Nut Bars,1/25/2021,7910,480
Madelene Upcott,UK,Spicy Special Slims,1/25/2021,7882,103
Husein Augar,Australia,Orange Choco,1/25/2021,2940,573
Ches Bonnell,UK,70% Dark Bites,1/25/2021,3192,572
Marney O'Breen,USA,Spicy Special Slims,1/25/2021,3465,42
Beverie Moffet,UK,Caramel Stuffed Bars,1/25/2021,4410,88
Ches Bonnell,Australia,White Choc,1/25/2021,5397,301
Beverie Moffet,Canada,After Nines,1/25/2021,4928,222
Brien Boise,Canada,Manuka Honey Choco,1/25/2021,7987,49
Dennison Crosswaite,India,Baker's Choco Chips,1/25/2021,3710,6
Andria Kimpton,Australia,Orange Choco,1/25/2021,4620,105
Madelene Upcott,Australia,Orange Choco,1/25/2021,441,10
Oby Sorrel,New Zealand,Caramel Stuffed Bars,1/25/2021,6601,20
Jan Morforth,India,Peanut Butter Cubes,1/25/2021,7896,85
Brien Boise,USA,Drinking Coco,1/25/2021,812,602
Andria Kimpton,UK,50% Dark Bites,1/25/2021,2219,472
Ches Bonnell,UK,Almond Choco,1/25/2021,4886,173
Ches Bonnell,New Zealand,85% Dark Bars,1/25/2021,7644,133
Wilone O'Kielt,UK,70% Dark Bites,1/25/2021,4410,248
Husein Augar,New Zealand,Organic Choco Syrup,1/25/2021,7728,269
Oby Sorrel,USA,Almond Choco,1/25/2021,4739,124
Marney O'Breen,India,Smooth Sliky Salty,1/25/2021,2205,305
Barr Faughny,India,Milk Bars,1/25/2021,1547,251
Wilone O'Kielt,UK,Mint Chip Choco,1/26/2021,1204,22
Curtice Advani,UK,Mint Chip Choco,1/26/2021,7084,65
Karlen McCaffrey,USA,Drinking Coco,1/26/2021,3157,106
Brien Boise,India,Orange Choco,1/26/2021,525,187
Madelene Upcott,UK,Orange Choco,1/26/2021,1113,106
Ches Bonnell,India,Baker's Choco Chips,1/26/2021,2898,113
Husein Augar,New Zealand,Smooth Sliky Salty,1/26/2021,5495,255
Wilone O'Kielt,UK,White Choc,1/26/2021,1414,590
Dotty Strutley,Australia,Manuka Honey Choco,1/26/2021,1372,166
Jan Morforth,Australia,85% Dark Bars,1/27/2021,5299,168
Madelene Upcott,Australia,Drinking Coco,1/27/2021,1673,157
Kelci Walkden,India,After Nines,1/27/2021,4956,548
Oby Sorrel,New Zealand,Drinking Coco,1/27/2021,3745,254
Dennison Crosswaite,USA,Eclairs,1/27/2021,49,192
Brien Boise,India,Manuka Honey Choco,1/27/2021,3997,299
Husein Augar,Canada,85% Dark Bars,1/27/2021,6279,177
Marney O'Breen,Australia,Peanut Butter Cubes,1/27/2021,3346,449
Dotty Strutley,Canada,White Choc,1/28/2021,434,10
Gigi Bohling,India,Spicy Special Slims,1/28/2021,2051,13
Kelci Walkden,New Zealand,Caramel Stuffed Bars,1/28/2021,7350,176
Dennison Crosswaite,Canada,Choco Coated Almonds,1/28/2021,3752,232
Madelene Upcott,Canada,Smooth Sliky Salty,1/28/2021,6139,54
Barr Faughny,India,85% Dark Bars,1/28/2021,896,130
Brien Boise,India,Choco Coated Almonds,1/28/2021,1750,110
Marney O'Breen,Australia,Choco Coated Almonds,1/28/2021,2093,346
Rafaelita Blaksland,UK,After Nines,1/28/2021,1197,72
Madelene Upcott,Canada,Manuka Honey Choco,1/28/2021,2968,398
Brien Boise,Australia,Organic Choco Syrup,1/28/2021,10759,187
Gunar Cockshoot,Canada,85% Dark Bars,1/28/2021,2191,1190
Kaine Padly,UK,Smooth Sliky Salty,1/28/2021,2555,12
Husein Augar,New Zealand,70% Dark Bites,1/28/2021,2394,329
Dotty Strutley,Australia,Eclairs,1/28/2021,2450,150
Kaine Padly,India,Organic Choco Syrup,1/28/2021,9170,223
Oby Sorrel,Australia,After Nines,1/28/2021,2296,171
Barr Faughny,Australia,Mint Chip Choco,1/28/2021,721,479
Curtice Advani,Australia,Peanut Butter Cubes,1/28/2021,10080,48
Dennison Crosswaite,USA,After Nines,1/28/2021,294,398
Andria Kimpton,Australia,White Choc,1/29/2021,1512,107
Gigi Bohling,USA,Eclairs,1/29/2021,6706,126
Dennison Crosswaite,Australia,Fruit & Nut Bars,1/29/2021,6853,61
Husein Augar,UK,Organic Choco Syrup,1/29/2021,630,515
Rafaelita Blaksland,Australia,Organic Choco Syrup,1/29/2021,12999,74
Ches Bonnell,Australia,Baker's Choco Chips,1/29/2021,1330,344
Wilone O'Kielt,USA,Mint Chip Choco,1/29/2021,5383,49
Ches Bonnell,Australia,Peanut Butter Cubes,1/29/2021,735,153
Oby Sorrel,New Zealand,Eclairs,1/29/2021,3598,74
Gunar Cockshoot,UK,50% Dark Bites,1/29/2021,2478,16
Dennison Crosswaite,UK,Peanut Butter Cubes,1/29/2021,3276,5
Karlen McCaffrey,Australia,Mint Chip Choco,1/29/2021,5047,2
Kelci Walkden,Canada,Baker's Choco Chips,1/29/2021,5775,41
Ches Bonnell,USA,Almond Choco,1/29/2021,1232,411
Curtice Advani,New Zealand,Drinking Coco,1/29/2021,5754,4
Beverie Moffet,New Zealand,Baker's Choco Chips,1/29/2021,399,459
Jan Morforth,Canada,99% Dark & Pure,1/29/2021,5775,126
Brien Boise,Australia,Orange Choco,1/29/2021,1547,231
Husein Augar,UK,Manuka Honey Choco,1/29/2021,5383,9
Karlen McCaffrey,UK,Manuka Honey Choco,1/29/2021,1162,182
Barr Faughny,India,Manuka Honey Choco,1/29/2021,3423,434
Gigi Bohling,Canada,Fruit & Nut Bars,1/29/2021,3395,209
Dotty Strutley,New Zealand,50% Dark Bites,1/29/2021,322,72
Beverie Moffet,UK,Eclairs,1/29/2021,5719,199
Gunar Cockshoot,USA,Orange Choco,2/1/2021,12824,5
Husein Augar,New Zealand,After Nines,2/1/2021,2177,14
Kelci Walkden,Canada,White Choc,2/1/2021,1673,577
Kelci Walkden,India,Milk Bars,2/1/2021,1260,238
Curtice Advani,USA,Almond Choco,2/1/2021,1596,74
Andria Kimpton,New Zealand,50% Dark Bites,2/1/2021,4949,122
Beverie Moffet,Canada,Caramel Stuffed Bars,2/1/2021,5950,218
Kaine Padly,New Zealand,Orange Choco,2/1/2021,1876,339
Gigi Bohling,Australia,85% Dark Bars,2/1/2021,1708,220
Beverie Moffet,Canada,Choco Coated Almonds,2/1/2021,5628,434
Wilone O'Kielt,Canada,Peanut Butter Cubes,2/1/2021,7133,441
Gunar Cockshoot,UK,Milk Bars,2/1/2021,854,18
Marney O'Breen,India,Raspberry Choco,2/1/2021,4837,77
Brien Boise,India,Spicy Special Slims,2/1/2021,3241,448
Wilone O'Kielt,Australia,Organic Choco Syrup,2/1/2021,14,129
Marney O'Breen,USA,Fruit & Nut Bars,2/1/2021,2982,770
Dotty Strutley,Canada,Choco Coated Almonds,2/1/2021,1120,262
Dotty Strutley,USA,Caramel Stuffed Bars,2/1/2021,1575,700
Ches Bonnell,New Zealand,White Choc,2/1/2021,182,23
Dotty Strutley,Canada,Raspberry Choco,2/1/2021,1113,35
Marney O'Breen,India,Peanut Butter Cubes,2/1/2021,4613,170
Wilone O'Kielt,UK,Caramel Stuffed Bars,2/1/2021,882,209
Rafaelita Blaksland,UK,Organic Choco Syrup,2/1/2021,693,9
Beverie Moffet,New Zealand,After Nines,2/1/2021,3556,24
Rafaelita Blaksland,USA,Organic Choco Syrup,2/1/2021,49,245
Dotty Strutley,India,Almond Choco,2/1/2021,8288,185
Kelci Walkden,UK,Baker's Choco Chips,2/1/2021,1197,379
Gigi Bohling,Canada,Choco Coated Almonds,2/1/2021,8218,250
Dotty Strutley,Australia,Spicy Special Slims,2/1/2021,3689,128
Van Tuxwell,New Zealand,Fruit & Nut Bars,2/1/2021,5089,283
Dennison Crosswaite,USA,Almond Choco,2/1/2021,3507,130
Camilla Castle,Australia,Raspberry Choco,2/1/2021,11102,654
Karlen McCaffrey,India,Caramel Stuffed Bars,2/1/2021,7518,327
Dotty Strutley,UK,Baker's Choco Chips,2/1/2021,4907,189
Barr Faughny,New Zealand,Baker's Choco Chips,2/1/2021,6076,217
Ches Bonnell,USA,Peanut Butter Cubes,2/1/2021,2737,548
Curtice Advani,India,85% Dark Bars,2/1/2021,8386,494
Brien Boise,New Zealand,50% Dark Bites,2/1/2021,8715,301
Andria Kimpton,Canada,After Nines,2/1/2021,3255,172
Gunar Cockshoot,UK,Peanut Butter Cubes,2/1/2021,1792,150
Brien Boise,India,Spicy Special Slims,2/1/2021,8904,308
Curtice Advani,Canada,Fruit & Nut Bars,2/2/2021,5992,306
Madelene Upcott,USA,After Nines,2/2/2021,903,238
Rafaelita Blaksland,Australia,Drinking Coco,2/2/2021,3941,663
Marney O'Breen,New Zealand,Organic Choco Syrup,2/2/2021,3024,175
Beverie Moffet,Canada,Raspberry Choco,2/2/2021,91,595
Andria Kimpton,India,Milk Bars,2/2/2021,1085,458
Husein Augar,Australia,Mint Chip Choco,2/2/2021,2905,25
Curtice Advani,USA,Spicy Special Slims,2/2/2021,5586,303
Dennison Crosswaite,USA,Mint Chip Choco,2/2/2021,5306,390
Ches Bonnell,UK,Raspberry Choco,2/2/2021,2877,249
Wilone O'Kielt,USA,99% Dark & Pure,2/2/2021,490,99
Rafaelita Blaksland,New Zealand,85% Dark Bars,2/2/2021,2212,11
Gigi Bohling,UK,Eclairs,2/2/2021,3885,102
Dennison Crosswaite,Australia,99% Dark & Pure,2/2/2021,5992,263
Rafaelita Blaksland,New Zealand,Orange Choco,2/2/2021,140,150
Beverie Moffet,UK,Choco Coated Almonds,2/2/2021,3913,12
Madelene Upcott,UK,Manuka Honey Choco,2/2/2021,2373,426
Rafaelita Blaksland,Canada,Drinking Coco,2/2/2021,5054,124
Madelene Upcott,India,Baker's Choco Chips,2/2/2021,1652,49
Wilone O'Kielt,UK,Milk Bars,2/2/2021,2947,42
Marney O'Breen,India,Almond Choco,2/2/2021,5040,158
Mallorie Waber,USA,Peanut Butter Cubes,2/2/2021,7021,541
Gigi Bohling,UK,Drinking Coco,2/2/2021,8967,374
Jehu Rudeforth,New Zealand,After Nines,2/2/2021,4620,210
Karlen McCaffrey,UK,Orange Choco,2/2/2021,15645,1330
Camilla Castle,New Zealand,After Nines,2/2/2021,5873,267
Andria Kimpton,India,85% Dark Bars,2/2/2021,6195,564
Gunar Cockshoot,UK,Caramel Stuffed Bars,2/2/2021,1274,51
Rafaelita Blaksland,USA,White Choc,2/2/2021,17976,1820
Ches Bonnell,Australia,Orange Choco,2/2/2021,616,39
Van Tuxwell,India,Drinking Coco,2/2/2021,1729,62
Wilone O'Kielt,UK,Choco Coated Almonds,2/3/2021,2128,235
Kaine Padly,USA,Spicy Special Slims,2/3/2021,2716,97
Oby Sorrel,India,Fruit & Nut Bars,2/3/2021,392,64
Barr Faughny,India,70% Dark Bites,2/3/2021,1148,318
Rafaelita Blaksland,Canada,85% Dark Bars,2/3/2021,9632,770
Jan Morforth,UK,Peanut Butter Cubes,2/3/2021,3983,290
Brien Boise,Australia,After Nines,2/3/2021,476,458
Curtice Advani,India,Eclairs,2/3/2021,6783,246
Kaine Padly,Canada,Baker's Choco Chips,2/3/2021,9233,119
Barr Faughny,UK,85% Dark Bars,2/3/2021,12222,180
Barr Faughny,New Zealand,Mint Chip Choco,2/3/2021,5397,70
Wilone O'Kielt,UK,Peanut Butter Cubes,2/3/2021,4830,284
Barr Faughny,India,Choco Coated Almonds,2/3/2021,5845,358
Karlen McCaffrey,Canada,Baker's Choco Chips,2/3/2021,1113,23
Kaine Padly,USA,Caramel Stuffed Bars,2/3/2021,672,671
Jan Morforth,USA,85% Dark Bars,2/3/2021,6986,499
Oby Sorrel,India,Manuka Honey Choco,2/3/2021,20167,1120
Gunar Cockshoot,India,Peanut Butter Cubes,2/3/2021,3976,663
Wilone O'Kielt,Canada,Caramel Stuffed Bars,2/3/2021,4984,217
Beverie Moffet,India,Fruit & Nut Bars,2/3/2021,7259,427
Karlen McCaffrey,UK,Manuka Honey Choco,2/3/2021,7238,381
Wilone O'Kielt,India,Spicy Special Slims,2/3/2021,4004,161
Van Tuxwell,USA,Eclairs,2/3/2021,1372,48
Roddy Speechley,New Zealand,Choco Coated Almonds,2/3/2021,2226,83
Roddy Speechley,Australia,85% Dark Bars,2/3/2021,182,23
Gigi Bohling,Australia,Spicy Special Slims,2/4/2021,1442,454
Gigi Bohling,New Zealand,After Nines,2/4/2021,8050,170
Beverie Moffet,UK,Fruit & Nut Bars,2/4/2021,6419,198
Kaine Padly,New Zealand,Almond Choco,2/4/2021,5516,20
Wilone O'Kielt,UK,Almond Choco,2/4/2021,6685,840
Brien Boise,Canada,Orange Choco,2/4/2021,1120,152
Andria Kimpton,Australia,After Nines,2/4/2021,5936,268
Dennison Crosswaite,Australia,Spicy Special Slims,2/4/2021,5789,305
Dotty Strutley,Canada,99% Dark & Pure,2/4/2021,4130,63
Oby Sorrel,Canada,Smooth Sliky Salty,2/4/2021,343,165
Gigi Bohling,UK,After Nines,2/4/2021,6230,46
Brien Boise,UK,Manuka Honey Choco,2/4/2021,231,230
Gunar Cockshoot,India,Fruit & Nut Bars,2/4/2021,7518,97
Karlen McCaffrey,New Zealand,Smooth Sliky Salty,2/4/2021,7091,337
Gigi Bohling,Canada,Manuka Honey Choco,2/4/2021,1267,318
Ches Bonnell,New Zealand,Eclairs,2/4/2021,3213,308
Ches Bonnell,India,Spicy Special Slims,2/4/2021,3255,322
Gigi Bohling,India,Raspberry Choco,2/4/2021,13398,268
Karlen McCaffrey,UK,Smooth Sliky Salty,2/4/2021,2275,188
Gunar Cockshoot,Canada,Choco Coated Almonds,2/4/2021,2779,321
Barr Faughny,USA,Smooth Sliky Salty,2/4/2021,427,129
Kelci Walkden,New Zealand,Mint Chip Choco,2/4/2021,2037,31
Kelci Walkden,USA,Fruit & Nut Bars,2/4/2021,2576,253
Kaine Padly,Canada,Spicy Special Slims,2/4/2021,3948,168
Madelene Upcott,UK,85% Dark Bars,2/4/2021,1386,413
Curtice Advani,Australia,Spicy Special Slims,2/4/2021,3724,431
Dotty Strutley,UK,Raspberry Choco,2/4/2021,2177,219
Oby Sorrel,Canada,Manuka Honey Choco,2/4/2021,6531,373
Dennison Crosswaite,UK,85% Dark Bars,2/4/2021,714,88
Husein Augar,Canada,Orange Choco,2/4/2021,616,338
Oby Sorrel,Canada,Baker's Choco Chips,2/4/2021,11144,127
Karlen McCaffrey,UK,Fruit & Nut Bars,2/4/2021,5544,175
Rafaelita Blaksland,Australia,Eclairs,2/4/2021,2611,24
Gunar Cockshoot,India,99% Dark & Pure,2/4/2021,6041,22
Andria Kimpton,India,After Nines,2/4/2021,441,545
Jan Morforth,USA,Spicy Special Slims,2/4/2021,3948,308
Karlen McCaffrey,New Zealand,99% Dark & Pure,2/4/2021,301,258
Gunar Cockshoot,UK,Almond Choco,2/4/2021,1414,148
Gunar Cockshoot,Australia,Mint Chip Choco,2/4/2021,8890,371
Rafaelita Blaksland,UK,Eclairs,2/4/2021,1372,46
Van Tuxwell,Australia,Caramel Stuffed Bars,2/4/2021,10710,595
Beverie Moffet,New Zealand,Mint Chip Choco,2/5/2021,4900,53
Gunar Cockshoot,USA,Spicy Special Slims,2/5/2021,9485,52
Husein Augar,USA,Caramel Stuffed Bars,2/5/2021,2100,227
Kelci Walkden,UK,Manuka Honey Choco,2/5/2021,2863,22
Husein Augar,Australia,85% Dark Bars,2/5/2021,6272,131
Barr Faughny,Australia,Caramel Stuffed Bars,2/5/2021,5327,16
Marney O'Breen,UK,Almond Choco,2/5/2021,644,25
Oby Sorrel,New Zealand,50% Dark Bites,2/5/2021,2191,474
Gigi Bohling,India,Almond Choco,2/5/2021,280,564
Ches Bonnell,India,Manuka Honey Choco,2/5/2021,5509,66
Gigi Bohling,USA,Organic Choco Syrup,2/5/2021,9331,374
Wilone O'Kielt,USA,Caramel Stuffed Bars,2/5/2021,16520,661
Gigi Bohling,India,Drinking Coco,2/5/2021,371,13
Gigi Bohling,Canada,After Nines,2/5/2021,3353,177
Beverie Moffet,New Zealand,Milk Bars,2/5/2021,9548,597
Van Tuxwell,USA,Mint Chip Choco,2/5/2021,1407,75
Gigi Bohling,UK,99% Dark & Pure,2/5/2021,10780,469
Roddy Speechley,UK,Almond Choco,2/5/2021,7343,272
Karlen McCaffrey,New Zealand,Caramel Stuffed Bars,2/8/2021,301,305
Oby Sorrel,UK,White Choc,2/8/2021,5068,318
Kelci Walkden,New Zealand,Organic Choco Syrup,2/8/2021,2709,39
Rafaelita Blaksland,UK,White Choc,2/8/2021,2737,40
Beverie Moffet,Canada,Drinking Coco,2/8/2021,4648,104
Jan Morforth,India,70% Dark Bites,2/8/2021,8764,262
Wilone O'Kielt,USA,Caramel Stuffed Bars,2/8/2021,5145,376
Oby Sorrel,Canada,Milk Bars,2/8/2021,1918,390
Marney O'Breen,Australia,70% Dark Bites,2/8/2021,4396,674
Ches Bonnell,Australia,Fruit & Nut Bars,2/8/2021,7420,83
Barr Faughny,New Zealand,Fruit & Nut Bars,2/8/2021,5292,500
Gigi Bohling,Canada,Smooth Sliky Salty,2/8/2021,3787,236
Beverie Moffet,UK,Organic Choco Syrup,2/8/2021,581,19
Ches Bonnell,India,Drinking Coco,2/8/2021,4900,154
Roddy Speechley,Canada,Organic Choco Syrup,2/8/2021,2639,80
Madelene Upcott,UK,White Choc,2/8/2021,7980,980
Oby Sorrel,New Zealand,70% Dark Bites,2/8/2021,2695,108
Oby Sorrel,USA,Mint Chip Choco,2/9/2021,686,261
Karlen McCaffrey,USA,Eclairs,2/9/2021,10647,185
Jan Morforth,Australia,Raspberry Choco,2/9/2021,1890,93
Rafaelita Blaksland,USA,Raspberry Choco,2/9/2021,1162,38
Ches Bonnell,UK,85% Dark Bars,2/9/2021,2296,192
Marney O'Breen,USA,70% Dark Bites,2/9/2021,15659,490
Jan Morforth,New Zealand,70% Dark Bites,2/9/2021,2100,73
Rafaelita Blaksland,Canada,Orange Choco,2/9/2021,2338,213
Andria Kimpton,USA,Organic Choco Syrup,2/10/2021,5194,29
Gigi Bohling,India,Peanut Butter Cubes,2/10/2021,4424,320
Andria Kimpton,India,70% Dark Bites,2/10/2021,2303,260
Kaine Padly,Australia,Spicy Special Slims,2/10/2021,1876,12
Marney O'Breen,New Zealand,Raspberry Choco,2/10/2021,294,700
Wilone O'Kielt,New Zealand,After Nines,2/10/2021,756,121
Madelene Upcott,India,Spicy Special Slims,2/10/2021,2359,105
Oby Sorrel,UK,Smooth Sliky Salty,2/10/2021,511,407
Kelci Walkden,New Zealand,99% Dark & Pure,2/10/2021,9051,683
Marney O'Breen,USA,99% Dark & Pure,2/10/2021,1540,101
Dotty Strutley,UK,70% Dark Bites,2/10/2021,3738,145
Kelci Walkden,UK,After Nines,2/10/2021,1232,119
Jan Morforth,New Zealand,Mint Chip Choco,2/10/2021,462,145
Oby Sorrel,UK,Caramel Stuffed Bars,2/10/2021,5229,393
Madelene Upcott,UK,Peanut Butter Cubes,2/10/2021,1841,344
Beverie Moffet,India,Milk Bars,2/10/2021,8456,910
Barr Faughny,India,Orange Choco,2/10/2021,1631,140
Wilone O'Kielt,USA,White Choc,2/10/2021,2205,265
Barr Faughny,Canada,Drinking Coco,2/10/2021,637,219
Kaine Padly,Australia,70% Dark Bites,2/10/2021,8925,5
Gunar Cockshoot,India,Baker's Choco Chips,2/10/2021,511,249
Brien Boise,UK,Spicy Special Slims,2/10/2021,1750,196
Andria Kimpton,USA,Fruit & Nut Bars,2/10/2021,4571,31
Kaine Padly,USA,Drinking Coco,2/10/2021,4536,60
Curtice Advani,Canada,Baker's Choco Chips,2/10/2021,8078,248
Curtice Advani,Canada,50% Dark Bites,2/10/2021,6097,84
Barr Faughny,India,White Choc,2/10/2021,1743,452
Gunar Cockshoot,Australia,99% Dark & Pure,2/10/2021,1575,145
Wilone O'Kielt,Canada,Manuka Honey Choco,2/10/2021,4151,35
Gunar Cockshoot,Australia,Orange Choco,2/10/2021,2016,685
Ches Bonnell,USA,Manuka Honey Choco,2/10/2021,1540,212
Dennison Crosswaite,USA,85% Dark Bars,2/10/2021,5404,250
Madelene Upcott,India,Peanut Butter Cubes,2/10/2021,5453,38
Curtice Advani,India,Spicy Special Slims,2/10/2021,287,67
Madelene Upcott,Australia,Peanut Butter Cubes,2/10/2021,15211,333
Ches Bonnell,UK,Choco Coated Almonds,2/10/2021,4025,510
Karlen McCaffrey,Australia,Raspberry Choco,2/10/2021,4949,330
Dotty Strutley,India,Eclairs,2/10/2021,18305,591
Kelci Walkden,UK,Choco Coated Almonds,2/10/2021,8225,284
Barr Faughny,Canada,After Nines,2/10/2021,3990,250
Andria Kimpton,New Zealand,Smooth Sliky Salty,2/10/2021,252,20
Jan Morforth,Australia,Organic Choco Syrup,2/10/2021,1295,48
Madelene Upcott,New Zealand,99% Dark & Pure,2/10/2021,9835,518
Gigi Bohling,Canada,Organic Choco Syrup,2/10/2021,497,21
Dennison Crosswaite,Australia,Raspberry Choco,2/10/2021,10486,656
Gigi Bohling,New Zealand,Raspberry Choco,2/10/2021,917,92
Gunar Cockshoot,Australia,Orange Choco,2/10/2021,7308,665
Mallorie Waber,New Zealand,After Nines,2/10/2021,6517,311
Van Tuxwell,Canada,70% Dark Bites,2/10/2021,2821,89
Curtice Advani,New Zealand,85% Dark Bars,2/11/2021,3213,324
Kelci Walkden,India,Organic Choco Syrup,2/11/2021,2912,413
Brien Boise,India,Eclairs,2/11/2021,3549,165
Gigi Bohling,UK,Mint Chip Choco,2/11/2021,7371,304
Marney O'Breen,New Zealand,After Nines,2/11/2021,2541,358
Ches Bonnell,UK,Eclairs,2/11/2021,3416,34
Kaine Padly,New Zealand,Drinking Coco,2/11/2021,6657,318
Wilone O'Kielt,New Zealand,Spicy Special Slims,2/11/2021,7476,840
Jan Morforth,India,Manuka Honey Choco,2/11/2021,1876,392
Andria Kimpton,Canada,Mint Chip Choco,2/11/2021,532,310
Madelene Upcott,Canada,Mint Chip Choco,2/11/2021,1960,504
Rafaelita Blaksland,India,Mint Chip Choco,2/11/2021,630,220
Madelene Upcott,New Zealand,Organic Choco Syrup,2/11/2021,10962,247
Madelene Upcott,New Zealand,Drinking Coco,2/11/2021,6797,60
Marney O'Breen,Canada,Fruit & Nut Bars,2/11/2021,4102,770
Gigi Bohling,New Zealand,Caramel Stuffed Bars,2/11/2021,6797,338
Wilone O'Kielt,USA,50% Dark Bites,2/11/2021,14483,129
Husein Augar,New Zealand,Almond Choco,2/11/2021,2611,419
Andria Kimpton,UK,70% Dark Bites,2/11/2021,3080,170
Kelci Walkden,Canada,Drinking Coco,2/11/2021,10157,60
Dotty Strutley,Canada,Baker's Choco Chips,2/11/2021,3745,136
Kaine Padly,Australia,Raspberry Choco,2/11/2021,2898,770
Dotty Strutley,USA,Manuka Honey Choco,2/11/2021,2002,478
Dotty Strutley,Australia,Raspberry Choco,2/11/2021,1638,138
Ches Bonnell,Australia,Choco Coated Almonds,2/11/2021,1652,291
Beverie Moffet,New Zealand,Peanut Butter Cubes,2/11/2021,126,510
Karlen McCaffrey,New Zealand,70% Dark Bites,2/11/2021,1288,83
Gunar Cockshoot,USA,Eclairs,2/11/2021,903,422
Marney O'Breen,USA,Peanut Butter Cubes,2/11/2021,7196,22
Husein Augar,Australia,Almond Choco,2/11/2021,2429,118
Dotty Strutley,India,White Choc,2/11/2021,5999,50
Barr Faughny,Canada,50% Dark Bites,2/11/2021,2254,103
Jehu Rudeforth,Australia,85% Dark Bars,2/11/2021,11634,700
Brien Boise,Canada,Smooth Sliky Salty,2/11/2021,5390,415
Jan Morforth,USA,White Choc,2/11/2021,9359,1050
Dennison Crosswaite,Canada,Eclairs,2/11/2021,9513,433
Camilla Castle,USA,Eclairs,2/11/2021,721,28
Brien Boise,India,Peanut Butter Cubes,2/11/2021,11879,840
Marney O'Breen,Australia,Orange Choco,2/12/2021,2611,114
Wilone O'Kielt,USA,Raspberry Choco,2/12/2021,1239,60
Karlen McCaffrey,Australia,Eclairs,2/12/2021,742,154
Gunar Cockshoot,Australia,Choco Coated Almonds,2/12/2021,12180,162
Rafaelita Blaksland,India,Raspberry Choco,2/12/2021,5551,199
Madelene Upcott,India,Mint Chip Choco,2/12/2021,4963,208
Barr Faughny,New Zealand,Peanut Butter Cubes,2/12/2021,3913,139
Gunar Cockshoot,UK,Mint Chip Choco,2/12/2021,546,144
Karlen McCaffrey,USA,Mint Chip Choco,2/12/2021,5313,215
Kaine Padly,Australia,Choco Coated Almonds,2/12/2021,686,109
Curtice Advani,Australia,White Choc,2/12/2021,2415,63
Beverie Moffet,UK,Mint Chip Choco,2/12/2021,2485,497
Andria Kimpton,Australia,Manuka Honey Choco,2/12/2021,8673,294
Gigi Bohling,India,Orange Choco,2/12/2021,1820,292
Madelene Upcott,Australia,50% Dark Bites,2/12/2021,17794,535
Dotty Strutley,Canada,Fruit & Nut Bars,2/12/2021,1036,495
Barr Faughny,UK,99% Dark & Pure,2/12/2021,6069,168
Marney O'Breen,UK,Orange Choco,2/12/2021,2072,127
Gunar Cockshoot,India,Raspberry Choco,2/12/2021,2037,63
Barr Faughny,India,99% Dark & Pure,2/12/2021,1715,212
Madelene Upcott,UK,White Choc,2/12/2021,1442,36
Kaine Padly,New Zealand,Mint Chip Choco,2/12/2021,882,17
Kelci Walkden,India,Raspberry Choco,2/12/2021,1904,337
Gigi Bohling,USA,50% Dark Bites,2/12/2021,2177,99
Curtice Advani,USA,Mint Chip Choco,2/12/2021,2317,73
Dotty Strutley,UK,Spicy Special Slims,2/12/2021,7945,93
Karlen McCaffrey,New Zealand,Manuka Honey Choco,2/12/2021,8162,409
Andria Kimpton,Canada,Peanut Butter Cubes,2/12/2021,3472,386
Kaine Padly,Canada,Choco Coated Almonds,2/12/2021,4039,156
Andria Kimpton,Australia,Fruit & Nut Bars,2/15/2021,3514,23
Beverie Moffet,Australia,85% Dark Bars,2/15/2021,1351,405
Kelci Walkden,USA,Smooth Sliky Salty,2/15/2021,6937,242
Ches Bonnell,New Zealand,Manuka Honey Choco,2/15/2021,4753,189
Curtice Advani,India,Raspberry Choco,2/15/2021,2051,321
Husein Augar,Canada,Milk Bars,2/15/2021,5768,38
Beverie Moffet,Canada,70% Dark Bites,2/15/2021,301,471
Brien Boise,Canada,Raspberry Choco,2/15/2021,182,165
Gigi Bohling,Australia,Almond Choco,2/15/2021,287,156
Gigi Bohling,UK,Orange Choco,2/15/2021,4221,389
Marney O'Breen,Australia,Caramel Stuffed Bars,2/15/2021,10087,12
Dotty Strutley,USA,99% Dark & Pure,2/15/2021,791,413
Brien Boise,USA,Manuka Honey Choco,2/15/2021,4060,64
Curtice Advani,New Zealand,Spicy Special Slims,2/15/2021,1519,14
Beverie Moffet,Canada,Smooth Sliky Salty,2/15/2021,4046,481
Dennison Crosswaite,USA,Caramel Stuffed Bars,2/15/2021,14315,410
Kelci Walkden,USA,Organic Choco Syrup,2/15/2021,5012,155
Karlen McCaffrey,India,Drinking Coco,2/15/2021,406,366
Kelci Walkden,Australia,70% Dark Bites,2/15/2021,7826,272
Kelci Walkden,Australia,85% Dark Bars,2/15/2021,8099,272
Jan Morforth,USA,Mint Chip Choco,2/15/2021,784,1120
Curtice Advani,USA,Drinking Coco,2/15/2021,3745,54
Andria Kimpton,Australia,70% Dark Bites,2/15/2021,2296,205
Dennison Crosswaite,Australia,After Nines,2/15/2021,7763,123
Andria Kimpton,Canada,Orange Choco,2/15/2021,4900,50
Rafaelita Blaksland,UK,Orange Choco,2/15/2021,1743,601
Gigi Bohling,India,Smooth Sliky Salty,2/15/2021,4011,5
Ches Bonnell,UK,Organic Choco Syrup,2/15/2021,4347,258
Rafaelita Blaksland,USA,Mint Chip Choco,2/15/2021,1351,980
Dennison Crosswaite,UK,70% Dark Bites,2/15/2021,7140,368
Kaine Padly,UK,99% Dark & Pure,2/15/2021,14875,484
Wilone O'Kielt,Canada,White Choc,2/15/2021,2289,124
Kelci Walkden,India,Orange Choco,2/15/2021,4466,62
Rafaelita Blaksland,UK,Drinking Coco,2/15/2021,3661,171
Andria Kimpton,UK,50% Dark Bites,2/15/2021,2912,104
Jan Morforth,New Zealand,Drinking Coco,2/15/2021,6216,201
Beverie Moffet,Australia,Organic Choco Syrup,2/15/2021,4641,146
Roddy Speechley,UK,Raspberry Choco,2/15/2021,4683,391
Dennison Crosswaite,UK,50% Dark Bites,2/15/2021,5159,185
Van Tuxwell,UK,Almond Choco,2/15/2021,203,8
Camilla Castle,New Zealand,Drinking Coco,2/15/2021,357,15
Husein Augar,Australia,Spicy Special Slims,2/16/2021,322,59
Andria Kimpton,Canada,Baker's Choco Chips,2/16/2021,1323,85
Dennison Crosswaite,India,Smooth Sliky Salty,2/16/2021,14147,235
Madelene Upcott,USA,Baker's Choco Chips,2/16/2021,3570,152
Marney O'Breen,Canada,After Nines,2/16/2021,4347,232
Dennison Crosswaite,USA,White Choc,2/16/2021,2786,123
Rafaelita Blaksland,Australia,Spicy Special Slims,2/16/2021,5005,279
Gunar Cockshoot,New Zealand,Drinking Coco,2/16/2021,1463,63
Husein Augar,Australia,After Nines,2/16/2021,1757,535
Dennison Crosswaite,Australia,Baker's Choco Chips,2/16/2021,700,25
Curtice Advani,Australia,Milk Bars,2/16/2021,10220,445
Jan Morforth,Australia,70% Dark Bites,2/16/2021,5824,233
Andria Kimpton,India,Almond Choco,2/16/2021,6461,259
Wilone O'Kielt,India,Eclairs,2/17/2021,1932,21
Brien Boise,Australia,Drinking Coco,2/17/2021,11186,255
Oby Sorrel,UK,Fruit & Nut Bars,2/17/2021,1085,79
Jan Morforth,UK,Raspberry Choco,2/17/2021,8358,112
Oby Sorrel,Canada,99% Dark & Pure,2/17/2021,1260,279
Dotty Strutley,Australia,Baker's Choco Chips,2/17/2021,4032,300
Curtice Advani,Canada,70% Dark Bites,2/17/2021,1148,63
Barr Faughny,UK,Baker's Choco Chips,2/17/2021,7924,96
Karlen McCaffrey,Australia,Baker's Choco Chips,2/17/2021,525,209
Dennison Crosswaite,New Zealand,85% Dark Bars,2/17/2021,4669,488
Kaine Padly,Australia,After Nines,2/17/2021,4487,160
Marney O'Breen,UK,Spicy Special Slims,2/17/2021,1862,106
Brien Boise,Canada,70% Dark Bites,2/17/2021,2800,37
Jan Morforth,UK,50% Dark Bites,2/17/2021,4074,295
Husein Augar,India,Orange Choco,2/17/2021,11606,7
Karlen McCaffrey,India,50% Dark Bites,2/17/2021,7035,275
Madelene Upcott,Canada,Caramel Stuffed Bars,2/17/2021,1442,137
Rafaelita Blaksland,Australia,Smooth Sliky Salty,2/17/2021,1589,173
Jan Morforth,New Zealand,Choco Coated Almonds,2/17/2021,9562,65
Wilone O'Kielt,UK,50% Dark Bites,2/17/2021,35,244
Andria Kimpton,New Zealand,Mint Chip Choco,2/17/2021,4480,199
Karlen McCaffrey,India,Orange Choco,2/17/2021,3668,287
Kelci Walkden,USA,Raspberry Choco,2/17/2021,2730,83
Kaine Padly,India,Eclairs,2/17/2021,6272,683
Husein Augar,Australia,Smooth Sliky Salty,2/17/2021,4445,84
Gigi Bohling,India,White Choc,2/17/2021,11823,173
Gigi Bohling,USA,White Choc,2/17/2021,6293,241
Kaine Padly,Australia,Mint Chip Choco,2/17/2021,4340,71
Dotty Strutley,India,Orange Choco,2/17/2021,2688,192
Madelene Upcott,USA,Choco Coated Almonds,2/17/2021,3409,137
Rafaelita Blaksland,Canada,Eclairs,2/17/2021,1631,71
Brien Boise,New Zealand,Baker's Choco Chips,2/17/2021,1708,66
Madelene Upcott,India,Fruit & Nut Bars,2/17/2021,13517,1260
Oby Sorrel,USA,Baker's Choco Chips,2/17/2021,13293,459
Curtice Advani,India,Caramel Stuffed Bars,2/17/2021,2989,158
Kelci Walkden,Australia,Spicy Special Slims,2/17/2021,3087,124
Jan Morforth,UK,After Nines,2/18/2021,2268,32
Wilone O'Kielt,USA,Choco Coated Almonds,2/18/2021,1729,156
Rafaelita Blaksland,Australia,Orange Choco,2/18/2021,6083,374
Husein Augar,USA,99% Dark & Pure,2/18/2021,6671,206
Madelene Upcott,India,Raspberry Choco,2/18/2021,504,34
Andria Kimpton,New Zealand,85% Dark Bars,2/18/2021,385,394
Dotty Strutley,UK,50% Dark Bites,2/18/2021,10269,447
Karlen McCaffrey,Canada,Fruit & Nut Bars,2/18/2021,11725,910
Dennison Crosswaite,USA,White Choc,2/18/2021,3437,688
Ches Bonnell,Canada,Organic Choco Syrup,2/19/2021,4074,215
Curtice Advani,Canada,Manuka Honey Choco,2/19/2021,1239,147
Rafaelita Blaksland,India,85% Dark Bars,2/19/2021,4452,501
Madelene Upcott,Canada,85% Dark Bars,2/19/2021,7875,264
Dotty Strutley,USA,Orange Choco,2/19/2021,2576,44
Barr Faughny,Canada,Organic Choco Syrup,2/19/2021,3563,10
Gunar Cockshoot,Australia,Caramel Stuffed Bars,2/19/2021,525,118
Ches Bonnell,USA,Drinking Coco,2/19/2021,8008,83
Dennison Crosswaite,Australia,Milk Bars,2/19/2021,5467,110
Gigi Bohling,UK,Peanut Butter Cubes,2/19/2021,4039,191
Kelci Walkden,Australia,Peanut Butter Cubes,2/19/2021,7476,220
Barr Faughny,USA,85% Dark Bars,2/19/2021,8771,251
Dennison Crosswaite,Canada,Eclairs,2/19/2021,1246,264
Gunar Cockshoot,India,After Nines,2/19/2021,826,180
Andria Kimpton,New Zealand,Choco Coated Almonds,2/19/2021,12173,285
Curtice Advani,USA,Peanut Butter Cubes,2/19/2021,3339,182
Dennison Crosswaite,Canada,After Nines,2/19/2021,2030,236
Barr Faughny,USA,Organic Choco Syrup,2/19/2021,11207,23
Dennison Crosswaite,Canada,Smooth Sliky Salty,2/19/2021,10878,108
Curtice Advani,USA,After Nines,2/19/2021,2800,152
Husein Augar,Australia,Baker's Choco Chips,2/19/2021,10934,123
Kelci Walkden,Canada,Caramel Stuffed Bars,2/19/2021,3675,102
Madelene Upcott,India,After Nines,2/19/2021,8029,651
Brien Boise,Canada,Smooth Sliky Salty,2/19/2021,168,19
Ches Bonnell,Canada,Mint Chip Choco,2/19/2021,378,182
Roddy Speechley,New Zealand,Peanut Butter Cubes,2/19/2021,13363,980
Marney O'Breen,Australia,Milk Bars,2/19/2021,1932,92
Ches Bonnell,Canada,85% Dark Bars,2/19/2021,4830,372
Madelene Upcott,UK,Choco Coated Almonds,2/19/2021,11060,357
Ches Bonnell,New Zealand,Raspberry Choco,2/19/2021,7273,428
Dennison Crosswaite,India,Almond Choco,2/19/2021,7476,288
Karlen McCaffrey,USA,White Choc,2/19/2021,2898,264
Mallorie Waber,USA,Spicy Special Slims,2/19/2021,4984,161
Wilone O'Kielt,USA,Orange Choco,2/22/2021,7301,192
Karlen McCaffrey,India,99% Dark & Pure,2/22/2021,2058,205
Andria Kimpton,Canada,Caramel Stuffed Bars,2/22/2021,1960,67
Husein Augar,Canada,Caramel Stuffed Bars,2/22/2021,1834,453
Gunar Cockshoot,India,Drinking Coco,2/22/2021,3556,438
Gigi Bohling,Canada,Raspberry Choco,2/22/2021,6174,165
Gunar Cockshoot,UK,After Nines,2/22/2021,5754,217
Husein Augar,Australia,Caramel Stuffed Bars,2/22/2021,15792,259
Barr Faughny,India,Organic Choco Syrup,2/22/2021,4921,980
Marney O'Breen,UK,Smooth Sliky Salty,2/22/2021,658,29
Andria Kimpton,India,Drinking Coco,2/22/2021,5698,143
Brien Boise,Australia,Milk Bars,2/22/2021,8988,360
Wilone O'Kielt,New Zealand,Smooth Sliky Salty,2/22/2021,3675,307
Mallorie Waber,UK,Smooth Sliky Salty,2/22/2021,6398,640
Andria Kimpton,Canada,Milk Bars,2/22/2021,6944,348
Jehu Rudeforth,Australia,Raspberry Choco,2/22/2021,11333,840
Brien Boise,Australia,Almond Choco,2/23/2021,5551,354
Dotty Strutley,Australia,Orange Choco,2/23/2021,6412,281
Oby Sorrel,New Zealand,Mint Chip Choco,2/23/2021,2478,100
Jan Morforth,Australia,70% Dark Bites,2/23/2021,17206,522
Ches Bonnell,Canada,Peanut Butter Cubes,2/23/2021,1365,38
Curtice Advani,USA,85% Dark Bars,2/23/2021,3696,211
Kelci Walkden,New Zealand,Manuka Honey Choco,2/23/2021,8253,178
Andria Kimpton,Canada,White Choc,2/23/2021,3465,371
Oby Sorrel,Canada,Organic Choco Syrup,2/23/2021,1603,840
Gunar Cockshoot,New Zealand,Orange Choco,2/23/2021,3213,215
Kelci Walkden,India,Milk Bars,2/23/2021,11200,590
Andria Kimpton,USA,Baker's Choco Chips,2/23/2021,5971,249
Dotty Strutley,Canada,50% Dark Bites,2/23/2021,3304,138
Husein Augar,Canada,Caramel Stuffed Bars,2/23/2021,10815,416
Jehu Rudeforth,UK,After Nines,2/23/2021,5012,335
Beverie Moffet,Canada,Choco Coated Almonds,2/23/2021,8246,250
Marney O'Breen,Australia,99% Dark & Pure,2/23/2021,8190,410
Mallorie Waber,New Zealand,85% Dark Bars,2/23/2021,5915,348
Brien Boise,Australia,Mint Chip Choco,2/23/2021,728,34
Dotty Strutley,New Zealand,Peanut Butter Cubes,2/23/2021,10332,1470
Andria Kimpton,USA,Fruit & Nut Bars,2/23/2021,7217,401
Gunar Cockshoot,New Zealand,Mint Chip Choco,2/24/2021,10143,381
Andria Kimpton,UK,Drinking Coco,2/24/2021,2478,446
Barr Faughny,Australia,White Choc,2/24/2021,3899,271
Dotty Strutley,USA,Almond Choco,2/24/2021,4900,579
Dennison Crosswaite,New Zealand,Orange Choco,2/24/2021,8729,103
Brien Boise,India,Smooth Sliky Salty,2/24/2021,392,244
Curtice Advani,India,Drinking Coco,2/24/2021,7021,213
Rafaelita Blaksland,India,Milk Bars,2/24/2021,5978,326
Wilone O'Kielt,Canada,Eclairs,2/24/2021,2072,101
Kelci Walkden,UK,Eclairs,2/24/2021,2121,134
Ches Bonnell,USA,Caramel Stuffed Bars,2/24/2021,5831,40
Jan Morforth,New Zealand,70% Dark Bites,2/24/2021,2093,264
Wilone O'Kielt,New Zealand,Drinking Coco,2/24/2021,3122,9
Kaine Padly,USA,White Choc,2/24/2021,6573,22
Dotty Strutley,UK,Eclairs,2/24/2021,700,217
Andria Kimpton,New Zealand,99% Dark & Pure,2/24/2021,1057,95
Barr Faughny,USA,Fruit & Nut Bars,2/24/2021,3486,150
Kelci Walkden,New Zealand,Drinking Coco,2/24/2021,2954,33
Brien Boise,UK,85% Dark Bars,2/24/2021,7987,318
Gigi Bohling,USA,70% Dark Bites,2/24/2021,1967,20
Marney O'Breen,USA,Manuka Honey Choco,2/24/2021,2163,209
Madelene Upcott,Canada,Raspberry Choco,2/24/2021,1561,118
Husein Augar,New Zealand,Mint Chip Choco,2/24/2021,2772,386
Gunar Cockshoot,USA,Baker's Choco Chips,2/24/2021,8834,127
Gunar Cockshoot,USA,50% Dark Bites,2/24/2021,1631,86
Oby Sorrel,Australia,Spicy Special Slims,2/24/2021,4606,290
Ches Bonnell,Canada,Manuka Honey Choco,2/24/2021,3199,180
Gigi Bohling,Australia,Drinking Coco,2/24/2021,3423,19
Gunar Cockshoot,New Zealand,Spicy Special Slims,2/24/2021,1421,518
Rafaelita Blaksland,USA,Manuka Honey Choco,2/24/2021,5530,87
Brien Boise,UK,Milk Bars,2/24/2021,546,910
Beverie Moffet,India,Baker's Choco Chips,2/24/2021,11921,486
Gunar Cockshoot,USA,Caramel Stuffed Bars,2/24/2021,3934,296
Van Tuxwell,Canada,Peanut Butter Cubes,2/24/2021,11424,2310
Beverie Moffet,USA,Fruit & Nut Bars,2/24/2021,4753,280
Van Tuxwell,New Zealand,After Nines,2/24/2021,12796,770
Roddy Speechley,New Zealand,Drinking Coco,2/24/2021,10045,305
Rafaelita Blaksland,UK,Spicy Special Slims,2/24/2021,4935,198
Dotty Strutley,USA,70% Dark Bites,2/24/2021,16401,566
Marney O'Breen,India,70% Dark Bites,2/25/2021,2527,250
Oby Sorrel,India,Choco Coated Almonds,2/25/2021,8162,301
Dotty Strutley,New Zealand,Fruit & Nut Bars,2/25/2021,3325,369
Jan Morforth,UK,Manuka Honey Choco,2/25/2021,3787,103
Karlen McCaffrey,Canada,Drinking Coco,2/25/2021,854,135
Andria Kimpton,New Zealand,70% Dark Bites,2/25/2021,2303,477
Madelene Upcott,Canada,Fruit & Nut Bars,2/25/2021,3724,383
Jan Morforth,New Zealand,Raspberry Choco,2/25/2021,4942,345
Curtice Advani,Canada,99% Dark & Pure,2/25/2021,1575,381
Oby Sorrel,New Zealand,Choco Coated Almonds,2/25/2021,8155,105
Ches Bonnell,UK,Milk Bars,2/25/2021,8316,238
Andria Kimpton,Australia,Spicy Special Slims,2/25/2021,189,2
Madelene Upcott,New Zealand,After Nines,2/25/2021,13433,82
Kaine Padly,UK,Caramel Stuffed Bars,2/25/2021,1449,125
Husein Augar,UK,Drinking Coco,2/25/2021,6832,43
Dennison Crosswaite,USA,Peanut Butter Cubes,2/25/2021,735,25
Beverie Moffet,USA,Peanut Butter Cubes,2/25/2021,7483,309
Kelci Walkden,UK,Caramel Stuffed Bars,2/25/2021,966,371
Kaine Padly,USA,85% Dark Bars,2/25/2021,1113,118
Gunar Cockshoot,USA,70% Dark Bites,2/25/2021,2730,64
Karlen McCaffrey,USA,50% Dark Bites,2/25/2021,6706,41
Karlen McCaffrey,New Zealand,Organic Choco Syrup,2/25/2021,4970,98
Madelene Upcott,UK,Organic Choco Syrup,2/25/2021,6867,348
Dennison Crosswaite,UK,Raspberry Choco,2/25/2021,2093,146
Kaine Padly,Canada,After Nines,2/25/2021,4753,770
Gigi Bohling,New Zealand,Smooth Sliky Salty,2/25/2021,1141,72
Roddy Speechley,New Zealand,70% Dark Bites,2/25/2021,5453,166
Dennison Crosswaite,New Zealand,Peanut Butter Cubes,2/25/2021,2884,206
Beverie Moffet,UK,Orange Choco,2/25/2021,12005,700
Mallorie Waber,USA,Baker's Choco Chips,2/25/2021,3444,138
Dennison Crosswaite,UK,After Nines,2/26/2021,4270,288
Husein Augar,India,Milk Bars,2/26/2021,9219,156
Gigi Bohling,Canada,Organic Choco Syrup,2/26/2021,2870,466
Ches Bonnell,India,Smooth Sliky Salty,2/26/2021,4718,347
Beverie Moffet,India,70% Dark Bites,2/26/2021,5908,24
Dennison Crosswaite,USA,70% Dark Bites,2/26/2021,602,147
Brien Boise,UK,Fruit & Nut Bars,2/26/2021,1071,48
Roddy Speechley,India,Caramel Stuffed Bars,2/26/2021,11361,669
Husein Augar,New Zealand,White Choc,2/26/2021,5635,434
Dennison Crosswaite,USA,Orange Choco,2/26/2021,11445,910
Brien Boise,Australia,Peanut Butter Cubes,2/26/2021,1925,214
Barr Faughny,Canada,Peanut Butter Cubes,2/26/2021,630,63
Mallorie Waber,India,Milk Bars,2/26/2021,10836,452
Curtice Advani,Canada,Smooth Sliky Salty,2/26/2021,7798,488
Mallorie Waber,Canada,Baker's Choco Chips,2/26/2021,2226,106
Dotty Strutley,UK,99% Dark & Pure,2/26/2021,2849,179
Gunar Cockshoot,New Zealand,Eclairs,2/26/2021,7182,313
Dennison Crosswaite,USA,Organic Choco Syrup,2/26/2021,6020,215
Gunar Cockshoot,India,Smooth Sliky Salty,2/26/2021,6153,513
Dotty Strutley,USA,Caramel Stuffed Bars,2/26/2021,833,49
Kelci Walkden,Australia,Milk Bars,3/1/2021,6181,425
Oby Sorrel,USA,White Choc,3/1/2021,2639,634
Rafaelita Blaksland,Canada,Smooth Sliky Salty,3/1/2021,6804,35
Curtice Advani,Canada,Eclairs,3/1/2021,1855,230
Madelene Upcott,USA,Milk Bars,3/1/2021,483,129
Marney O'Breen,Canada,Organic Choco Syrup,3/1/2021,3346,7
Dotty Strutley,UK,Caramel Stuffed Bars,3/1/2021,9639,65
Oby Sorrel,Canada,Raspberry Choco,3/1/2021,987,675
Dennison Crosswaite,India,White Choc,3/1/2021,2688,210
Jan Morforth,USA,Milk Bars,3/1/2021,707,553
Barr Faughny,Canada,Orange Choco,3/1/2021,4921,144
Madelene Upcott,New Zealand,Orange Choco,3/1/2021,1085,246
Jan Morforth,USA,Orange Choco,3/1/2021,5187,40
Barr Faughny,Australia,Smooth Sliky Salty,3/1/2021,12684,62
Gigi Bohling,Canada,99% Dark & Pure,3/1/2021,10073,286
Gigi Bohling,India,Manuka Honey Choco,3/1/2021,4459,69
Gunar Cockshoot,Australia,After Nines,3/1/2021,35,214
Gigi Bohling,USA,Manuka Honey Choco,3/1/2021,4515,359
Jan Morforth,New Zealand,Caramel Stuffed Bars,3/1/2021,1764,35
Karlen McCaffrey,USA,After Nines,3/1/2021,4312,131
Curtice Advani,Canada,Milk Bars,3/1/2021,3605,565
Kelci Walkden,USA,70% Dark Bites,3/1/2021,7658,212
Curtice Advani,Australia,Drinking Coco,3/1/2021,4662,467
Beverie Moffet,USA,99% Dark & Pure,3/1/2021,679,29
Barr Faughny,Australia,Organic Choco Syrup,3/1/2021,7728,235
Van Tuxwell,Canada,Mint Chip Choco,3/1/2021,4774,217
Gigi Bohling,Australia,White Choc,3/1/2021,2807,562
Husein Augar,USA,Milk Bars,3/1/2021,11767,561
Mallorie Waber,UK,Organic Choco Syrup,3/1/2021,6804,252
Beverie Moffet,UK,Baker's Choco Chips,3/2/2021,6020,115
Dotty Strutley,New Zealand,Drinking Coco,3/2/2021,7,76
Jan Morforth,USA,70% Dark Bites,3/2/2021,77,441
Kelci Walkden,USA,99% Dark & Pure,3/2/2021,2569,13
Beverie Moffet,UK,85% Dark Bars,3/2/2021,4249,121
Ches Bonnell,UK,Orange Choco,3/2/2021,2541,224
Kelci Walkden,Australia,Raspberry Choco,3/2/2021,2303,558
Karlen McCaffrey,New Zealand,Spicy Special Slims,3/2/2021,11956,630
Barr Faughny,India,Spicy Special Slims,3/2/2021,10094,337
Jehu Rudeforth,India,Milk Bars,3/2/2021,3577,179
Brien Boise,New Zealand,Eclairs,3/2/2021,8470,385
Husein Augar,Canada,Organic Choco Syrup,3/2/2021,3829,160
Marney O'Breen,New Zealand,Raspberry Choco,3/2/2021,8463,565
Madelene Upcott,UK,Caramel Stuffed Bars,3/2/2021,1526,70
Kaine Padly,India,Fruit & Nut Bars,3/2/2021,2989,167
Brien Boise,UK,85% Dark Bars,3/2/2021,1085,121
Jan Morforth,UK,After Nines,3/2/2021,5572,279
Brien Boise,Canada,Fruit & Nut Bars,3/2/2021,889,60
Kelci Walkden,Canada,Smooth Sliky Salty,3/2/2021,1764,98
Camilla Castle,India,99% Dark & Pure,3/2/2021,7042,321
Camilla Castle,USA,85% Dark Bars,3/2/2021,3143,393
Andria Kimpton,India,Caramel Stuffed Bars,3/3/2021,4228,56
Brien Boise,New Zealand,Choco Coated Almonds,3/3/2021,4830,19
Dotty Strutley,India,70% Dark Bites,3/3/2021,15036,1120
Rafaelita Blaksland,USA,Smooth Sliky Salty,3/3/2021,133,374
Dotty Strutley,Canada,Eclairs,3/3/2021,13034,374
Andria Kimpton,New Zealand,Fruit & Nut Bars,3/3/2021,686,387
Ches Bonnell,Australia,Choco Coated Almonds,3/3/2021,903,35
Van Tuxwell,India,Organic Choco Syrup,3/3/2021,4368,182
Camilla Castle,Australia,Peanut Butter Cubes,3/3/2021,2226,172
Mallorie Waber,Australia,Spicy Special Slims,3/3/2021,1190,43
Madelene Upcott,India,Raspberry Choco,3/3/2021,3773,343
Marney O'Breen,New Zealand,Peanut Butter Cubes,3/3/2021,6671,668
Brien Boise,Australia,Choco Coated Almonds,3/3/2021,10318,397
Jehu Rudeforth,UK,Drinking Coco,3/3/2021,14896,621
Kaine Padly,UK,Fruit & Nut Bars,3/3/2021,4606,355
Andria Kimpton,UK,Fruit & Nut Bars,3/3/2021,3892,260
Karlen McCaffrey,New Zealand,Almond Choco,3/4/2021,3556,546
Wilone O'Kielt,Canada,85% Dark Bars,3/4/2021,1057,309
Dennison Crosswaite,UK,Milk Bars,3/4/2021,11305,97
Barr Faughny,Canada,Peanut Butter Cubes,3/4/2021,2303,163
Marney O'Breen,Canada,Manuka Honey Choco,3/4/2021,1785,82
Dotty Strutley,UK,99% Dark & Pure,3/4/2021,1694,180
Oby Sorrel,Canada,Fruit & Nut Bars,3/4/2021,4508,69
Gigi Bohling,New Zealand,Peanut Butter Cubes,3/4/2021,13293,517
Jan Morforth,UK,Orange Choco,3/4/2021,2275,349
Rafaelita Blaksland,Canada,Manuka Honey Choco,3/4/2021,504,604
Oby Sorrel,Canada,70% Dark Bites,3/4/2021,6664,213
Andria Kimpton,Australia,Baker's Choco Chips,3/4/2021,3164,594
Marney O'Breen,Australia,85% Dark Bars,3/4/2021,6804,190
Kaine Padly,USA,Orange Choco,3/4/2021,2555,165
Madelene Upcott,USA,Almond Choco,3/4/2021,2681,328
Dennison Crosswaite,Australia,Mint Chip Choco,3/4/2021,4025,448
Rafaelita Blaksland,Australia,Choco Coated Almonds,3/4/2021,2828,300
Dennison Crosswaite,UK,Caramel Stuffed Bars,3/4/2021,5208,222
Brien Boise,UK,Orange Choco,3/4/2021,7455,654
Kelci Walkden,Canada,99% Dark & Pure,3/4/2021,1638,88
Karlen McCaffrey,New Zealand,Orange Choco,3/4/2021,7518,418
Kaine Padly,New Zealand,Fruit & Nut Bars,3/4/2021,406,32
Jan Morforth,New Zealand,Spicy Special Slims,3/4/2021,5383,200
Dotty Strutley,New Zealand,Fruit & Nut Bars,3/4/2021,2583,162
Camilla Castle,India,After Nines,3/4/2021,98,8
Van Tuxwell,UK,White Choc,3/4/2021,6258,1050
Marney O'Breen,India,Fruit & Nut Bars,3/5/2021,5089,17
Gigi Bohling,UK,Smooth Sliky Salty,3/5/2021,4718,9
Dotty Strutley,New Zealand,Baker's Choco Chips,3/5/2021,2044,32
Kaine Padly,Canada,70% Dark Bites,3/5/2021,7133,182
Curtice Advani,New Zealand,Milk Bars,3/5/2021,7329,465
Jan Morforth,UK,70% Dark Bites,3/5/2021,11466,508
Jan Morforth,USA,Drinking Coco,3/5/2021,11340,142
Wilone O'Kielt,USA,Choco Coated Almonds,3/5/2021,6048,252
Andria Kimpton,Canada,Raspberry Choco,3/5/2021,7672,480
Barr Faughny,India,After Nines,3/5/2021,1071,77
Gunar Cockshoot,UK,Choco Coated Almonds,3/5/2021,12502,464
Madelene Upcott,India,Orange Choco,3/5/2021,665,37
Gunar Cockshoot,UK,Baker's Choco Chips,3/5/2021,3556,162
Beverie Moffet,USA,Smooth Sliky Salty,3/5/2021,903,76
Barr Faughny,India,50% Dark Bites,3/8/2021,2905,7
Kelci Walkden,UK,Milk Bars,3/8/2021,11480,770
Kaine Padly,Canada,50% Dark Bites,3/8/2021,6699,236
Husein Augar,Canada,Eclairs,3/8/2021,4165,289
Andria Kimpton,Australia,Milk Bars,3/8/2021,7616,700
Karlen McCaffrey,New Zealand,Eclairs,3/8/2021,4361,352
Brien Boise,Canada,99% Dark & Pure,3/8/2021,9408,51
Ches Bonnell,Canada,After Nines,3/8/2021,1379,69
Dennison Crosswaite,USA,Choco Coated Almonds,3/8/2021,2128,29
Rafaelita Blaksland,New Zealand,Drinking Coco,3/8/2021,5054,45
Ches Bonnell,USA,Baker's Choco Chips,3/8/2021,3311,11
Madelene Upcott,Canada,Orange Choco,3/8/2021,1820,292
Madelene Upcott,UK,Caramel Stuffed Bars,3/8/2021,1092,75
Husein Augar,UK,Choco Coated Almonds,3/8/2021,154,1
Andria Kimpton,USA,70% Dark Bites,3/8/2021,5831,309
Curtice Advani,USA,Milk Bars,3/8/2021,2870,325
Gunar Cockshoot,Canada,Raspberry Choco,3/8/2021,3038,424
Karlen McCaffrey,UK,Spicy Special Slims,3/8/2021,4529,334
Curtice Advani,Australia,70% Dark Bites,3/8/2021,4543,557
Brien Boise,USA,Spicy Special Slims,3/8/2021,266,539
Marney O'Breen,Canada,Smooth Sliky Salty,3/8/2021,2646,288
Kaine Padly,USA,Mint Chip Choco,3/8/2021,9240,484
Dotty Strutley,Australia,Peanut Butter Cubes,3/8/2021,6293,388
Curtice Advani,Canada,Almond Choco,3/8/2021,2408,88
Dotty Strutley,New Zealand,After Nines,3/8/2021,427,24
Jan Morforth,UK,Organic Choco Syrup,3/8/2021,6146,228
Mallorie Waber,India,85% Dark Bars,3/8/2021,763,70
Ches Bonnell,Canada,Peanut Butter Cubes,3/8/2021,3584,598
Camilla Castle,USA,70% Dark Bites,3/8/2021,140,5
Oby Sorrel,Australia,Choco Coated Almonds,3/9/2021,1540,146
Ches Bonnell,UK,50% Dark Bites,3/9/2021,4123,367
Kelci Walkden,Australia,50% Dark Bites,3/9/2021,7413,17
Barr Faughny,Australia,Raspberry Choco,3/9/2021,4865,205
Gunar Cockshoot,New Zealand,99% Dark & Pure,3/9/2021,11417,343
Rafaelita Blaksland,New Zealand,Organic Choco Syrup,3/9/2021,8442,38
Karlen McCaffrey,USA,70% Dark Bites,3/9/2021,10416,54
Husein Augar,USA,85% Dark Bars,3/9/2021,546,88
Oby Sorrel,UK,85% Dark Bars,3/9/2021,2772,492
Beverie Moffet,Canada,Eclairs,3/9/2021,2247,405
Ches Bonnell,India,Peanut Butter Cubes,3/9/2021,5131,92
Gunar Cockshoot,UK,Spicy Special Slims,3/9/2021,3451,1680
Karlen McCaffrey,UK,85% Dark Bars,3/9/2021,7357,237
Curtice Advani,USA,Smooth Sliky Salty,3/9/2021,8323,641
Jehu Rudeforth,New Zealand,99% Dark & Pure,3/9/2021,6384,256
Ches Bonnell,India,Peanut Butter Cubes,3/9/2021,2212,222
Madelene Upcott,Canada,Spicy Special Slims,3/9/2021,315,12
Jan Morforth,New Zealand,Manuka Honey Choco,3/9/2021,1316,83
Curtice Advani,USA,White Choc,3/9/2021,966,81
Dotty Strutley,India,99% Dark & Pure,3/9/2021,11627,466
Wilone O'Kielt,USA,Spicy Special Slims,3/9/2021,1470,57
Barr Faughny,USA,Orange Choco,3/9/2021,1652,118
Roddy Speechley,Canada,85% Dark Bars,3/9/2021,7455,497
Dotty Strutley,New Zealand,50% Dark Bites,3/9/2021,16583,553
Kelci Walkden,UK,Fruit & Nut Bars,3/9/2021,9877,770
Oby Sorrel,USA,50% Dark Bites,3/9/2021,1694,74
Jehu Rudeforth,India,Eclairs,3/9/2021,12719,509
Oby Sorrel,New Zealand,Raspberry Choco,3/10/2021,917,627
Gunar Cockshoot,USA,99% Dark & Pure,3/10/2021,917,132
Beverie Moffet,Australia,Peanut Butter Cubes,3/10/2021,8414,21
Kelci Walkden,India,Mint Chip Choco,3/10/2021,3136,770
Beverie Moffet,New Zealand,Smooth Sliky Salty,3/10/2021,7987,187
Oby Sorrel,Australia,85% Dark Bars,3/10/2021,14140,82
Madelene Upcott,Canada,Drinking Coco,3/10/2021,10276,104
Kelci Walkden,Australia,White Choc,3/10/2021,6657,488
Ches Bonnell,Canada,Orange Choco,3/10/2021,1414,252
Gunar Cockshoot,UK,Fruit & Nut Bars,3/10/2021,1232,36
Andria Kimpton,New Zealand,White Choc,3/10/2021,8603,432
Husein Augar,India,White Choc,3/10/2021,448,287
Kelci Walkden,UK,50% Dark Bites,3/10/2021,4242,84
Brien Boise,India,85% Dark Bars,3/10/2021,6062,599
Wilone O'Kielt,Canada,50% Dark Bites,3/10/2021,10080,542
Dotty Strutley,USA,White Choc,3/10/2021,4802,20
Dennison Crosswaite,Canada,Raspberry Choco,3/10/2021,1533,136
Jan Morforth,Australia,White Choc,3/10/2021,8848,300
Madelene Upcott,USA,70% Dark Bites,3/10/2021,3878,501
Barr Faughny,New Zealand,Choco Coated Almonds,3/10/2021,12614,29
Madelene Upcott,New Zealand,White Choc,3/10/2021,4382,77
Curtice Advani,Australia,Fruit & Nut Bars,3/10/2021,9877,90
Brien Boise,New Zealand,Baker's Choco Chips,3/10/2021,2121,244
Madelene Upcott,USA,Orange Choco,3/10/2021,4998,463
Ches Bonnell,India,Eclairs,3/10/2021,5796,1120
Rafaelita Blaksland,USA,Eclairs,3/10/2021,8701,542
Ches Bonnell,Australia,50% Dark Bites,3/10/2021,4242,613
Dotty Strutley,UK,Choco Coated Almonds,3/10/2021,3535,18
Dotty Strutley,India,85% Dark Bars,3/10/2021,2877,18
Rafaelita Blaksland,India,Almond Choco,3/10/2021,12705,399
Husein Augar,Canada,Choco Coated Almonds,3/10/2021,5390,61
Husein Augar,UK,Raspberry Choco,3/10/2021,7210,15
Brien Boise,India,70% Dark Bites,3/10/2021,6006,700
Gigi Bohling,Canada,Peanut Butter Cubes,3/10/2021,3080,36
Wilone O'Kielt,Canada,Organic Choco Syrup,3/10/2021,5271,171
Barr Faughny,Canada,Almond Choco,3/10/2021,11242,363
Ches Bonnell,Canada,99% Dark & Pure,3/10/2021,924,41
Marney O'Breen,Australia,Mint Chip Choco,3/10/2021,1694,71
Gunar Cockshoot,New Zealand,Organic Choco Syrup,3/11/2021,3640,96
Kaine Padly,India,After Nines,3/11/2021,3906,556
Barr Faughny,UK,50% Dark Bites,3/11/2021,210,56
Brien Boise,USA,Peanut Butter Cubes,3/11/2021,3178,4
Oby Sorrel,UK,Spicy Special Slims,3/11/2021,3241,181
Madelene Upcott,Australia,Baker's Choco Chips,3/11/2021,15134,637
Husein Augar,USA,Mint Chip Choco,3/11/2021,9877,159
Jan Morforth,Canada,70% Dark Bites,3/11/2021,3178,331
Rafaelita Blaksland,UK,Choco Coated Almonds,3/11/2021,1183,399
Andria Kimpton,Australia,Organic Choco Syrup,3/11/2021,7924,100
Brien Boise,Australia,Smooth Sliky Salty,3/11/2021,7154,17
Curtice Advani,India,70% Dark Bites,3/11/2021,9821,169
Beverie Moffet,Canada,Baker's Choco Chips,3/11/2021,4298,337
Wilone O'Kielt,New Zealand,Baker's Choco Chips,3/11/2021,364,327
Ches Bonnell,Canada,70% Dark Bites,3/11/2021,14126,71
Rafaelita Blaksland,Canada,70% Dark Bites,3/11/2021,1085,35
Jehu Rudeforth,Australia,99% Dark & Pure,3/11/2021,4172,167
Dennison Crosswaite,Australia,Choco Coated Almonds,3/11/2021,11935,478
Husein Augar,New Zealand,Mint Chip Choco,3/11/2021,10913,455
Ches Bonnell,India,Eclairs,3/11/2021,8792,284
Andria Kimpton,UK,Organic Choco Syrup,3/11/2021,2317,78
Rafaelita Blaksland,India,Orange Choco,3/12/2021,11991,201
Marney O'Breen,New Zealand,50% Dark Bites,3/12/2021,4907,161
Ches Bonnell,UK,Caramel Stuffed Bars,3/12/2021,2968,135
Marney O'Breen,New Zealand,Orange Choco,3/12/2021,2156,114
Oby Sorrel,USA,Peanut Butter Cubes,3/12/2021,6139,92
Andria Kimpton,UK,Organic Choco Syrup,3/12/2021,5012,402
Barr Faughny,UK,Fruit & Nut Bars,3/12/2021,8820,148
Gigi Bohling,India,50% Dark Bites,3/12/2021,322,606
Andria Kimpton,UK,Smooth Sliky Salty,3/12/2021,2891,64
Gigi Bohling,India,Eclairs,3/12/2021,2933,533
Brien Boise,USA,Mint Chip Choco,3/12/2021,4935,140
Dotty Strutley,Canada,Caramel Stuffed Bars,3/12/2021,4060,52
Gunar Cockshoot,UK,99% Dark & Pure,3/12/2021,7742,134
Husein Augar,India,Eclairs,3/12/2021,6202,509
Husein Augar,Canada,Spicy Special Slims,3/12/2021,1330,37
Rafaelita Blaksland,USA,Orange Choco,3/12/2021,126,691
Husein Augar,USA,Raspberry Choco,3/12/2021,2345,239
Jan Morforth,New Zealand,Smooth Sliky Salty,3/12/2021,12222,120
Karlen McCaffrey,Australia,70% Dark Bites,3/12/2021,4571,700
Dotty Strutley,UK,After Nines,3/12/2021,7749,690
Rafaelita Blaksland,USA,Peanut Butter Cubes,3/12/2021,7917,286
Oby Sorrel,Australia,Caramel Stuffed Bars,3/12/2021,938,85
Beverie Moffet,USA,99% Dark & Pure,3/12/2021,2520,294
Barr Faughny,New Zealand,After Nines,3/12/2021,4585,770
Wilone O'Kielt,UK,99% Dark & Pure,3/12/2021,518,7
Roddy Speechley,UK,Caramel Stuffed Bars,3/12/2021,8001,321
Karlen McCaffrey,UK,Eclairs,3/12/2021,8967,310
Camilla Castle,UK,Manuka Honey Choco,3/12/2021,3598,212
Andria Kimpton,Australia,White Choc,3/12/2021,2779,214
Barr Faughny,UK,Eclairs,3/12/2021,1498,58
Kaine Padly,USA,Caramel Stuffed Bars,3/12/2021,4767,281
Kaine Padly,New Zealand,50% Dark Bites,3/12/2021,9898,330
Wilone O'Kielt,India,Drinking Coco,3/12/2021,3948,120
Karlen McCaffrey,Canada,85% Dark Bars,3/15/2021,56,770
Karlen McCaffrey,Australia,Smooth Sliky Salty,3/15/2021,11578,3
Brien Boise,UK,Eclairs,3/15/2021,3822,238
Jan Morforth,India,Baker's Choco Chips,3/15/2021,1995,147
Ches Bonnell,USA,Choco Coated Almonds,3/15/2021,7175,141
Beverie Moffet,Australia,99% Dark & Pure,3/15/2021,70,36
Andria Kimpton,USA,Caramel Stuffed Bars,3/15/2021,15393,454
Gigi Bohling,New Zealand,85% Dark Bars,3/15/2021,14294,399
Andria Kimpton,India,Smooth Sliky Salty,3/15/2021,336,269
Barr Faughny,Canada,Spicy Special Slims,3/15/2021,5677,362
Dennison Crosswaite,Australia,Almond Choco,3/15/2021,3045,94
Beverie Moffet,UK,Smooth Sliky Salty,3/15/2021,6335,15
Jan Morforth,Australia,Organic Choco Syrup,3/15/2021,1043,266
Curtice Advani,UK,Organic Choco Syrup,3/15/2021,6902,383
Husein Augar,Australia,Eclairs,3/15/2021,8337,684
Curtice Advani,India,Manuka Honey Choco,3/15/2021,1596,259
Andria Kimpton,New Zealand,Peanut Butter Cubes,3/15/2021,6552,207
Dotty Strutley,New Zealand,85% Dark Bars,3/15/2021,931,83
Rafaelita Blaksland,New Zealand,Fruit & Nut Bars,3/15/2021,1106,259
Brien Boise,Canada,White Choc,3/15/2021,5663,21
Brien Boise,Australia,Mint Chip Choco,3/15/2021,2898,147
Jan Morforth,Australia,Milk Bars,3/15/2021,3542,244
Gigi Bohling,Australia,Mint Chip Choco,3/15/2021,8127,32
Oby Sorrel,UK,Mint Chip Choco,3/15/2021,14371,129
Andria Kimpton,India,Spicy Special Slims,3/15/2021,4095,38
Madelene Upcott,USA,Caramel Stuffed Bars,3/15/2021,9996,22
Marney O'Breen,UK,After Nines,3/15/2021,56,581
Beverie Moffet,New Zealand,99% Dark & Pure,3/15/2021,7189,21
Andria Kimpton,UK,After Nines,3/15/2021,665,421
Brien Boise,UK,Peanut Butter Cubes,3/15/2021,3794,81
Barr Faughny,New Zealand,99% Dark & Pure,3/15/2021,1001,336
Husein Augar,India,Manuka Honey Choco,3/15/2021,9583,503
Wilone O'Kielt,New Zealand,Mint Chip Choco,3/15/2021,1351,68
Karlen McCaffrey,UK,After Nines,3/15/2021,8302,437
Jan Morforth,India,50% Dark Bites,3/15/2021,5509,197
Van Tuxwell,Canada,Manuka Honey Choco,3/15/2021,77,5
Wilone O'Kielt,India,Smooth Sliky Salty,3/15/2021,13881,1190
Dennison Crosswaite,Canada,Orange Choco,3/15/2021,9219,461
Curtice Advani,UK,Raspberry Choco,3/15/2021,2254,251
Van Tuxwell,USA,Spicy Special Slims,3/15/2021,1582,64
Rafaelita Blaksland,India,85% Dark Bars,3/15/2021,3283,253
Camilla Castle,USA,Manuka Honey Choco,3/15/2021,2212,148
Barr Faughny,USA,50% Dark Bites,3/15/2021,5250,175
Camilla Castle,New Zealand,Peanut Butter Cubes,3/15/2021,1274,98
Kelci Walkden,New Zealand,Baker's Choco Chips,3/16/2021,1575,695
Dennison Crosswaite,New Zealand,Raspberry Choco,3/16/2021,4984,600
Oby Sorrel,UK,Almond Choco,3/16/2021,5264,9
Oby Sorrel,India,Orange Choco,3/16/2021,4571,770
Barr Faughny,UK,Manuka Honey Choco,3/16/2021,2758,417
Karlen McCaffrey,Australia,99% Dark & Pure,3/16/2021,13629,180
Karlen McCaffrey,Australia,Organic Choco Syrup,3/16/2021,9555,493
Rafaelita Blaksland,Canada,70% Dark Bites,3/16/2021,4207,249
Brien Boise,India,Raspberry Choco,3/16/2021,6279,429
Beverie Moffet,India,99% Dark & Pure,3/16/2021,6279,325
Wilone O'Kielt,India,Drinking Coco,3/16/2021,882,144
Barr Faughny,UK,Drinking Coco,3/16/2021,3451,511
Barr Faughny,Canada,Fruit & Nut Bars,3/16/2021,2212,143
Ches Bonnell,New Zealand,Caramel Stuffed Bars,3/16/2021,13566,143
Dennison Crosswaite,New Zealand,Drinking Coco,3/16/2021,2884,493
Marney O'Breen,New Zealand,70% Dark Bites,3/16/2021,8232,139
Jan Morforth,USA,Caramel Stuffed Bars,3/16/2021,4081,231
Curtice Advani,India,Baker's Choco Chips,3/16/2021,4599,158
Dotty Strutley,Australia,Choco Coated Almonds,3/16/2021,8568,148
Brien Boise,India,99% Dark & Pure,3/16/2021,10801,192
Brien Boise,India,Drinking Coco,3/16/2021,2268,149
Brien Boise,India,Caramel Stuffed Bars,3/16/2021,1057,444
Ches Bonnell,USA,99% Dark & Pure,3/16/2021,1316,143
Brien Boise,USA,Milk Bars,3/16/2021,8057,538
Gigi Bohling,UK,White Choc,3/16/2021,6524,383
Madelene Upcott,India,Drinking Coco,3/16/2021,3570,309
Ches Bonnell,UK,Mint Chip Choco,3/16/2021,3535,199
Kelci Walkden,USA,Mint Chip Choco,3/16/2021,1687,121
Beverie Moffet,New Zealand,85% Dark Bars,3/16/2021,8988,37
Barr Faughny,New Zealand,Eclairs,3/16/2021,3689,980
Kaine Padly,UK,Baker's Choco Chips,3/16/2021,3948,280
Mallorie Waber,Canada,Milk Bars,3/16/2021,574,25
Husein Augar,Australia,70% Dark Bites,3/16/2021,8729,324
Roddy Speechley,UK,70% Dark Bites,3/16/2021,9751,315
Andria Kimpton,Canada,85% Dark Bars,3/17/2021,5075,770
Gunar Cockshoot,Canada,99% Dark & Pure,3/17/2021,7987,159
Marney O'Breen,USA,Choco Coated Almonds,3/17/2021,847,1
Barr Faughny,Canada,Manuka Honey Choco,3/17/2021,2555,153
Dennison Crosswaite,India,Peanut Butter Cubes,3/17/2021,5761,165
Ches Bonnell,UK,Manuka Honey Choco,3/17/2021,2947,405
Kelci Walkden,UK,Raspberry Choco,3/17/2021,1302,532
Gigi Bohling,USA,Orange Choco,3/17/2021,273,40
Karlen McCaffrey,UK,99% Dark & Pure,3/17/2021,1106,233
Wilone O'Kielt,USA,Organic Choco Syrup,3/17/2021,4732,840
Kaine Padly,India,Manuka Honey Choco,3/17/2021,6839,87
Oby Sorrel,Australia,Peanut Butter Cubes,3/17/2021,903,377
Kaine Padly,Australia,Fruit & Nut Bars,3/17/2021,6027,45
Andria Kimpton,UK,Milk Bars,3/17/2021,6811,254
Oby Sorrel,USA,Manuka Honey Choco,3/17/2021,6223,346
Camilla Castle,New Zealand,85% Dark Bars,3/17/2021,448,56
Andria Kimpton,Australia,Manuka Honey Choco,3/17/2021,11690,770
Andria Kimpton,New Zealand,50% Dark Bites,3/17/2021,7462,311
Rafaelita Blaksland,Canada,Manuka Honey Choco,3/17/2021,7434,438
Dennison Crosswaite,New Zealand,Spicy Special Slims,3/17/2021,10388,385
Wilone O'Kielt,India,Choco Coated Almonds,3/17/2021,917,29
Gigi Bohling,UK,Manuka Honey Choco,3/17/2021,5656,378
Kaine Padly,New Zealand,Baker's Choco Chips,3/17/2021,1344,50
Gigi Bohling,Canada,70% Dark Bites,3/17/2021,154,6
Barr Faughny,New Zealand,Spicy Special Slims,3/17/2021,9401,314
Andria Kimpton,UK,Milk Bars,3/17/2021,3899,244
Ches Bonnell,New Zealand,Drinking Coco,3/18/2021,3948,80
Curtice Advani,New Zealand,50% Dark Bites,3/18/2021,10598,365
Beverie Moffet,Australia,Almond Choco,3/18/2021,9219,79
Gunar Cockshoot,Australia,Smooth Sliky Salty,3/18/2021,2072,259
Gunar Cockshoot,Canada,50% Dark Bites,3/18/2021,2541,295
Barr Faughny,Australia,85% Dark Bars,3/18/2021,6405,70
Gigi Bohling,New Zealand,Milk Bars,3/18/2021,5803,82
Beverie Moffet,India,85% Dark Bars,3/18/2021,12775,69
Jan Morforth,USA,Eclairs,3/18/2021,5698,74
Dennison Crosswaite,USA,Orange Choco,3/18/2021,13153,506
Gunar Cockshoot,Australia,Raspberry Choco,3/18/2021,5537,265
Rafaelita Blaksland,UK,Mint Chip Choco,3/18/2021,4634,501
Karlen McCaffrey,Canada,Eclairs,3/18/2021,4060,659
Dotty Strutley,Canada,70% Dark Bites,3/18/2021,826,27
Ches Bonnell,Canada,Orange Choco,3/18/2021,2807,166
Gunar Cockshoot,India,Organic Choco Syrup,3/18/2021,6153,199
Roddy Speechley,UK,99% Dark & Pure,3/18/2021,5026,252
Kelci Walkden,Australia,Drinking Coco,3/18/2021,735,24
Oby Sorrel,Australia,99% Dark & Pure,3/18/2021,5033,265
Marney O'Breen,India,Orange Choco,3/18/2021,6321,452
Mallorie Waber,USA,50% Dark Bites,3/18/2021,2541,91
Curtice Advani,UK,After Nines,3/18/2021,1456,112
Mallorie Waber,Canada,Choco Coated Almonds,3/18/2021,5236,175
Wilone O'Kielt,India,Mint Chip Choco,3/18/2021,1162,62
Gigi Bohling,Australia,Eclairs,3/19/2021,2366,375
Madelene Upcott,UK,70% Dark Bites,3/19/2021,189,251
Kaine Padly,New Zealand,99% Dark & Pure,3/19/2021,12628,76
Gigi Bohling,New Zealand,50% Dark Bites,3/19/2021,4207,391
Marney O'Breen,UK,Caramel Stuffed Bars,3/19/2021,6916,34
Gigi Bohling,Australia,Choco Coated Almonds,3/19/2021,2142,168
Karlen McCaffrey,UK,White Choc,3/19/2021,4403,166
Rafaelita Blaksland,India,Choco Coated Almonds,3/19/2021,3556,136
Marney O'Breen,UK,Organic Choco Syrup,3/19/2021,8974,522
Barr Faughny,UK,Raspberry Choco,3/19/2021,2072,465
Husein Augar,UK,Mint Chip Choco,3/19/2021,15113,117
Dennison Crosswaite,India,Spicy Special Slims,3/19/2021,9604,428
Kaine Padly,India,White Choc,3/19/2021,5285,659
Ches Bonnell,New Zealand,Milk Bars,3/19/2021,4298,423
Gunar Cockshoot,India,50% Dark Bites,3/19/2021,6601,262
Ches Bonnell,India,Drinking Coco,3/19/2021,6727,172
Oby Sorrel,USA,85% Dark Bars,3/19/2021,12488,232
Kelci Walkden,India,Caramel Stuffed Bars,3/19/2021,4228,283
Madelene Upcott,USA,99% Dark & Pure,3/19/2021,9303,161
Dotty Strutley,New Zealand,Choco Coated Almonds,3/19/2021,10934,373
Jan Morforth,Canada,After Nines,3/19/2021,6356,606
Rafaelita Blaksland,India,Organic Choco Syrup,3/19/2021,5509,272
Rafaelita Blaksland,New Zealand,Choco Coated Almonds,3/19/2021,25984,97
Ches Bonnell,New Zealand,Orange Choco,3/19/2021,3871,286
Brien Boise,New Zealand,Manuka Honey Choco,3/19/2021,1715,622
Wilone O'Kielt,USA,Manuka Honey Choco,3/19/2021,609,496
Dennison Crosswaite,New Zealand,Spicy Special Slims,3/19/2021,1757,1400
Marney O'Breen,USA,Baker's Choco Chips,3/19/2021,2667,371
Jan Morforth,Australia,Peanut Butter Cubes,3/19/2021,917,215
Dennison Crosswaite,USA,Drinking Coco,3/19/2021,4130,173
Madelene Upcott,Australia,Choco Coated Almonds,3/19/2021,2786,88
Gigi Bohling,India,White Choc,3/19/2021,10171,1050
Curtice Advani,India,Baker's Choco Chips,3/19/2021,224,9
Madelene Upcott,UK,85% Dark Bars,3/19/2021,3696,411
Beverie Moffet,India,Peanut Butter Cubes,3/19/2021,1813,363
Jan Morforth,UK,Caramel Stuffed Bars,3/19/2021,6328,373
Beverie Moffet,New Zealand,Caramel Stuffed Bars,3/19/2021,6797,358
Ches Bonnell,Australia,Mint Chip Choco,3/22/2021,4137,93
Ches Bonnell,Australia,Orange Choco,3/22/2021,3283,70
Rafaelita Blaksland,New Zealand,Spicy Special Slims,3/22/2021,5439,840
Oby Sorrel,UK,Raspberry Choco,3/22/2021,10381,76
Gunar Cockshoot,India,70% Dark Bites,3/22/2021,4060,142
Wilone O'Kielt,USA,Smooth Sliky Salty,3/22/2021,2065,132
Kaine Padly,New Zealand,Fruit & Nut Bars,3/22/2021,13951,66
Dotty Strutley,New Zealand,After Nines,3/22/2021,7546,106
Beverie Moffet,New Zealand,Almond Choco,3/22/2021,1197,588
Beverie Moffet,UK,Drinking Coco,3/22/2021,21,412
Kelci Walkden,India,99% Dark & Pure,3/22/2021,763,198
Kaine Padly,New Zealand,Peanut Butter Cubes,3/22/2021,2114,335
Madelene Upcott,UK,Raspberry Choco,3/22/2021,1414,118
Ches Bonnell,India,85% Dark Bars,3/22/2021,623,283
Husein Augar,Australia,White Choc,3/22/2021,8610,186
Beverie Moffet,USA,Spicy Special Slims,3/22/2021,3262,50
Curtice Advani,India,99% Dark & Pure,3/22/2021,1505,314
Kaine Padly,New Zealand,Spicy Special Slims,3/22/2021,16646,327
Ches Bonnell,India,Caramel Stuffed Bars,3/22/2021,12306,141
Oby Sorrel,India,99% Dark & Pure,3/22/2021,9345,63
Brien Boise,Canada,Mint Chip Choco,3/22/2021,8176,22
Brien Boise,New Zealand,Caramel Stuffed Bars,3/22/2021,3927,64
Madelene Upcott,USA,50% Dark Bites,3/22/2021,252,72
Marney O'Breen,India,Drinking Coco,3/22/2021,16149,9
Brien Boise,New Zealand,Peanut Butter Cubes,3/22/2021,2065,259
Mallorie Waber,New Zealand,Manuka Honey Choco,3/22/2021,6153,362
Barr Faughny,India,85% Dark Bars,3/22/2021,1932,194
Jehu Rudeforth,Australia,Orange Choco,3/22/2021,70,4
Ches Bonnell,Canada,Smooth Sliky Salty,3/22/2021,455,46
Madelene Upcott,New Zealand,Baker's Choco Chips,3/22/2021,7203,267
Kaine Padly,New Zealand,Peanut Butter Cubes,3/22/2021,7784,1120
Mallorie Waber,New Zealand,Drinking Coco,3/22/2021,7154,276
Kelci Walkden,India,Manuka Honey Choco,3/23/2021,6328,770
Wilone O'Kielt,India,85% Dark Bars,3/23/2021,2289,68
Madelene Upcott,New Zealand,Baker's Choco Chips,3/23/2021,1953,486
Kelci Walkden,Canada,50% Dark Bites,3/23/2021,7518,130
Oby Sorrel,India,Peanut Butter Cubes,3/23/2021,3234,248
Dotty Strutley,India,Eclairs,3/23/2021,4123,356
Andria Kimpton,New Zealand,Spicy Special Slims,3/23/2021,7665,133
Gunar Cockshoot,Australia,Baker's Choco Chips,3/23/2021,3563,666
Marney O'Breen,Canada,Caramel Stuffed Bars,3/23/2021,644,51
Karlen McCaffrey,Australia,Spicy Special Slims,3/23/2021,875,1120
Curtice Advani,New Zealand,White Choc,3/23/2021,245,34
Barr Faughny,UK,Eclairs,3/23/2021,1295,55
Jan Morforth,India,Almond Choco,3/23/2021,1904,527
Gigi Bohling,Canada,Mint Chip Choco,3/23/2021,12642,216
Madelene Upcott,India,Milk Bars,3/23/2021,6804,345
Kelci Walkden,UK,Baker's Choco Chips,3/23/2021,826,40
Oby Sorrel,UK,Milk Bars,3/23/2021,406,17
Andria Kimpton,Canada,50% Dark Bites,3/23/2021,2436,91
Dotty Strutley,USA,99% Dark & Pure,3/23/2021,7994,421
Barr Faughny,New Zealand,Organic Choco Syrup,3/23/2021,5033,153
Brien Boise,USA,Caramel Stuffed Bars,3/23/2021,16660,770
Curtice Advani,USA,Organic Choco Syrup,3/23/2021,16394,566
Mallorie Waber,UK,Caramel Stuffed Bars,3/23/2021,168,7
Beverie Moffet,India,Manuka Honey Choco,3/23/2021,15225,770
Dotty Strutley,Australia,70% Dark Bites,3/23/2021,3661,147
Gigi Bohling,India,Organic Choco Syrup,3/24/2021,3171,910
Brien Boise,India,Fruit & Nut Bars,3/24/2021,2198,83
Curtice Advani,Australia,Choco Coated Almonds,3/24/2021,7245,185
Brien Boise,USA,White Choc,3/24/2021,4235,604
Gigi Bohling,USA,Milk Bars,3/24/2021,595,452
Gigi Bohling,Australia,Caramel Stuffed Bars,3/24/2021,2954,269
Wilone O'Kielt,Australia,Almond Choco,3/24/2021,10262,294
Brien Boise,UK,Almond Choco,3/24/2021,6482,353
Dennison Crosswaite,India,50% Dark Bites,3/24/2021,1953,287
Dennison Crosswaite,UK,Drinking Coco,3/24/2021,3073,49
Curtice Advani,Canada,Mint Chip Choco,3/24/2021,2436,385
Andria Kimpton,Canada,Smooth Sliky Salty,3/24/2021,686,306
Kelci Walkden,New Zealand,Almond Choco,3/24/2021,4235,46
Kaine Padly,Canada,Manuka Honey Choco,3/24/2021,2891,467
Marney O'Breen,Australia,Eclairs,3/24/2021,4823,559
Barr Faughny,Australia,Eclairs,3/24/2021,12054,217
Beverie Moffet,USA,Drinking Coco,3/24/2021,1981,154
Dotty Strutley,India,Fruit & Nut Bars,3/24/2021,8862,187
Jan Morforth,India,50% Dark Bites,3/24/2021,3416,428
Andria Kimpton,Canada,50% Dark Bites,3/24/2021,2149,229
Ches Bonnell,New Zealand,Fruit & Nut Bars,3/24/2021,2443,154
Jehu Rudeforth,USA,Peanut Butter Cubes,3/24/2021,1638,273
Van Tuxwell,India,White Choc,3/24/2021,5607,1120
Andria Kimpton,Canada,Organic Choco Syrup,3/24/2021,6160,220
Jan Morforth,New Zealand,Fruit & Nut Bars,3/24/2021,7945,663
Barr Faughny,India,Eclairs,3/24/2021,1197,43
Van Tuxwell,New Zealand,Drinking Coco,3/24/2021,756,24
Barr Faughny,New Zealand,Smooth Sliky Salty,3/24/2021,3178,245
Husein Augar,Australia,Milk Bars,3/24/2021,2772,164
Jan Morforth,India,Raspberry Choco,3/25/2021,574,303
Kelci Walkden,USA,After Nines,3/25/2021,8309,149
Marney O'Breen,UK,Baker's Choco Chips,3/25/2021,5208,174
Jan Morforth,Canada,Caramel Stuffed Bars,3/25/2021,168,91
Jan Morforth,Canada,Baker's Choco Chips,3/25/2021,1778,160
Oby Sorrel,New Zealand,Milk Bars,3/25/2021,7063,355
Marney O'Breen,USA,Orange Choco,3/25/2021,8918,690
Dotty Strutley,Australia,Milk Bars,3/25/2021,4613,144
Rafaelita Blaksland,Canada,Baker's Choco Chips,3/25/2021,560,57
Marney O'Breen,UK,Almond Choco,3/25/2021,5495,220
Madelene Upcott,Canada,White Choc,3/25/2021,5096,700
Roddy Speechley,India,Baker's Choco Chips,3/25/2021,7889,304
Husein Augar,New Zealand,Eclairs,3/25/2021,805,29
Wilone O'Kielt,New Zealand,Peanut Butter Cubes,3/25/2021,9639,1400
Marney O'Breen,India,Eclairs,3/25/2021,10913,377
Wilone O'Kielt,New Zealand,50% Dark Bites,3/25/2021,2324,93
Brien Boise,New Zealand,After Nines,3/25/2021,3598,225
Brien Boise,Canada,Almond Choco,3/25/2021,5509,221
Marney O'Breen,Canada,Fruit & Nut Bars,3/25/2021,3997,223
Brien Boise,USA,Almond Choco,3/26/2021,10808,184
Wilone O'Kielt,India,Spicy Special Slims,3/26/2021,315,1260
Curtice Advani,New Zealand,Eclairs,3/26/2021,2702,124
Marney O'Breen,India,Baker's Choco Chips,3/26/2021,7539,340
Gigi Bohling,Australia,70% Dark Bites,3/26/2021,2065,453
Curtice Advani,Australia,99% Dark & Pure,3/26/2021,336,244
Husein Augar,USA,After Nines,3/26/2021,8162,207
Ches Bonnell,Canada,Smooth Sliky Salty,3/26/2021,1848,18
Barr Faughny,Canada,Choco Coated Almonds,3/26/2021,35,83
Kelci Walkden,Australia,Caramel Stuffed Bars,3/26/2021,3199,166
Karlen McCaffrey,USA,Milk Bars,3/26/2021,8393,524
Andria Kimpton,New Zealand,Drinking Coco,3/26/2021,5516,182
Madelene Upcott,New Zealand,Almond Choco,3/26/2021,4879,146
Barr Faughny,USA,Choco Coated Almonds,3/26/2021,3129,150
Gunar Cockshoot,USA,Milk Bars,3/26/2021,14119,275
Andria Kimpton,UK,Peanut Butter Cubes,3/26/2021,119,149
Beverie Moffet,India,Mint Chip Choco,3/26/2021,10017,381
Gigi Bohling,Australia,Fruit & Nut Bars,3/26/2021,9065,840
Marney O'Breen,New Zealand,Almond Choco,3/26/2021,2555,107
Ches Bonnell,India,Milk Bars,3/26/2021,5082,318
Marney O'Breen,India,Manuka Honey Choco,3/26/2021,6657,333
Kelci Walkden,USA,85% Dark Bars,3/26/2021,1827,183
Brien Boise,Canada,Caramel Stuffed Bars,3/29/2021,6580,43
Oby Sorrel,Australia,White Choc,3/29/2021,6419,198
Oby Sorrel,New Zealand,After Nines,3/29/2021,9730,175
Curtice Advani,USA,99% Dark & Pure,3/29/2021,5845,248
Kelci Walkden,USA,Manuka Honey Choco,3/29/2021,3206,644
Curtice Advani,Australia,Manuka Honey Choco,3/29/2021,1316,55
Karlen McCaffrey,USA,99% Dark & Pure,3/29/2021,9660,460
Kaine Padly,Canada,Mint Chip Choco,3/29/2021,6405,321
Curtice Advani,New Zealand,Orange Choco,3/29/2021,1568,98
Beverie Moffet,Canada,99% Dark & Pure,3/30/2021,1064,64
Madelene Upcott,Australia,Almond Choco,3/30/2021,6237,205
Gigi Bohling,USA,Drinking Coco,3/30/2021,11130,152
Rafaelita Blaksland,Australia,Fruit & Nut Bars,3/30/2021,8043,140
Ches Bonnell,Canada,Milk Bars,3/30/2021,2618,371
Husein Augar,Australia,Manuka Honey Choco,3/30/2021,9527,555
Husein Augar,USA,Almond Choco,3/30/2021,16002,840
Kaine Padly,New Zealand,Eclairs,3/30/2021,4872,75
Rafaelita Blaksland,USA,Milk Bars,3/30/2021,91,840
Karlen McCaffrey,USA,Caramel Stuffed Bars,3/30/2021,1995,183
Brien Boise,Canada,Almond Choco,3/30/2021,11368,201
Barr Faughny,New Zealand,70% Dark Bites,3/30/2021,8211,198
Wilone O'Kielt,UK,Eclairs,3/30/2021,1358,14
Brien Boise,Canada,50% Dark Bites,3/30/2021,1008,90
Ches Bonnell,USA,Spicy Special Slims,3/30/2021,5852,2310
Karlen McCaffrey,UK,After Nines,3/30/2021,1169,283
Van Tuxwell,USA,Smooth Sliky Salty,3/30/2021,2387,199
Jehu Rudeforth,Canada,Fruit & Nut Bars,3/30/2021,9730,980
Rafaelita Blaksland,Canada,Organic Choco Syrup,3/30/2021,1421,60
Beverie Moffet,New Zealand,Choco Coated Almonds,3/30/2021,1582,50
Wilone O'Kielt,UK,Choco Coated Almonds,3/30/2021,3654,115
Kelci Walkden,UK,Organic Choco Syrup,3/30/2021,6566,227
Jan Morforth,USA,Caramel Stuffed Bars,3/30/2021,4200,162
Brien Boise,New Zealand,Caramel Stuffed Bars,3/30/2021,14,1
Gunar Cockshoot,New Zealand,Baker's Choco Chips,3/30/2021,1358,47
Dennison Crosswaite,UK,85% Dark Bars,3/30/2021,8036,980
Andria Kimpton,Australia,50% Dark Bites,3/30/2021,63,3
Jan Morforth,Australia,50% Dark Bites,3/30/2021,6622,246
Husein Augar,Canada,99% Dark & Pure,3/30/2021,2044,86
Rafaelita Blaksland,Australia,Peanut Butter Cubes,3/30/2021,6272,628
Roddy Speechley,India,Organic Choco Syrup,3/30/2021,9254,331
Dotty Strutley,Australia,After Nines,3/30/2021,7847,462
Curtice Advani,UK,Orange Choco,3/31/2021,1862,530
Oby Sorrel,India,Baker's Choco Chips,3/31/2021,2730,318
Gigi Bohling,New Zealand,Drinking Coco,3/31/2021,9485,213
Curtice Advani,New Zealand,Fruit & Nut Bars,3/31/2021,2177,95
Wilone O'Kielt,Canada,Drinking Coco,3/31/2021,8148,176
Barr Faughny,Canada,Smooth Sliky Salty,3/31/2021,7042,179
Dotty Strutley,New Zealand,Manuka Honey Choco,3/31/2021,12698,840
Husein Augar,New Zealand,Drinking Coco,3/31/2021,5173,424
Beverie Moffet,India,Eclairs,3/31/2021,6587,545
Wilone O'Kielt,USA,70% Dark Bites,3/31/2021,2597,521
Jan Morforth,New Zealand,Milk Bars,3/31/2021,14042,301
Kelci Walkden,New Zealand,Orange Choco,3/31/2021,742,262
Gunar Cockshoot,India,Peanut Butter Cubes,3/31/2021,14770,60
Dennison Crosswaite,USA,Organic Choco Syrup,3/31/2021,7840,58
Beverie Moffet,Australia,Eclairs,3/31/2021,5964,252
Dennison Crosswaite,Australia,85% Dark Bars,3/31/2021,9513,399
Wilone O'Kielt,UK,Organic Choco Syrup,3/31/2021,4655,503
Gunar Cockshoot,Canada,Smooth Sliky Salty,3/31/2021,12068,38
Kaine Padly,India,50% Dark Bites,3/31/2021,6846,487
Oby Sorrel,Australia,99% Dark & Pure,3/31/2021,5250,60
Gigi Bohling,USA,Caramel Stuffed Bars,3/31/2021,3283,138
Jan Morforth,India,Drinking Coco,3/31/2021,6650,289
Marney O'Breen,UK,Choco Coated Almonds,3/31/2021,2100,185
Barr Faughny,Canada,Milk Bars,3/31/2021,7770,379
Dotty Strutley,Canada,Almond Choco,3/31/2021,5005,910
Camilla Castle,UK,Orange Choco,3/31/2021,2177,168
Brien Boise,Canada,Raspberry Choco,3/31/2021,8582,537
Karlen McCaffrey,UK,Milk Bars,3/31/2021,3325,208
Wilone O'Kielt,USA,Smooth Sliky Salty,3/31/2021,8855,980
Gunar Cockshoot,New Zealand,Orange Choco,4/1/2021,1617,840
Gigi Bohling,Australia,Milk Bars,4/1/2021,4270,166
Kelci Walkden,India,85% Dark Bars,4/1/2021,9674,434
Karlen McCaffrey,Australia,Almond Choco,4/1/2021,3465,156
Barr Faughny,UK,70% Dark Bites,4/1/2021,553,89
Dennison Crosswaite,India,Fruit & Nut Bars,4/1/2021,3535,264
Madelene Upcott,Australia,85% Dark Bars,4/1/2021,10094,242
Marney O'Breen,New Zealand,85% Dark Bars,4/1/2021,5418,514
Husein Augar,USA,Drinking Coco,4/1/2021,2786,770
Dotty Strutley,Canada,Milk Bars,4/1/2021,5082,408
Madelene Upcott,New Zealand,Fruit & Nut Bars,4/1/2021,2996,229
Andria Kimpton,USA,Smooth Sliky Salty,4/1/2021,1071,130
Dotty Strutley,USA,Smooth Sliky Salty,4/1/2021,9828,280
Curtice Advani,UK,White Choc,4/1/2021,392,210
Gigi Bohling,UK,99% Dark & Pure,4/1/2021,455,189
Dennison Crosswaite,Canada,Almond Choco,4/1/2021,3115,415
Dotty Strutley,UK,50% Dark Bites,4/1/2021,2744,67
Kelci Walkden,Canada,Fruit & Nut Bars,4/1/2021,161,167
Madelene Upcott,India,Fruit & Nut Bars,4/1/2021,9737,840
Oby Sorrel,New Zealand,Orange Choco,4/1/2021,1932,96
Oby Sorrel,UK,Peanut Butter Cubes,4/1/2021,1841,232
Wilone O'Kielt,Canada,Almond Choco,4/1/2021,6909,347
Gunar Cockshoot,India,Manuka Honey Choco,4/1/2021,3304,269
Oby Sorrel,Canada,Almond Choco,4/1/2021,3297,202
Brien Boise,USA,Raspberry Choco,4/1/2021,3633,520
Karlen McCaffrey,India,Almond Choco,4/1/2021,5285,641
Kaine Padly,India,85% Dark Bars,4/1/2021,2093,840
Beverie Moffet,Australia,Organic Choco Syrup,4/1/2021,5264,194
Gunar Cockshoot,UK,Eclairs,4/1/2021,1701,95
Gunar Cockshoot,New Zealand,Choco Coated Almonds,4/1/2021,140,5
Camilla Castle,Canada,Milk Bars,4/1/2021,3745,163
Dennison Crosswaite,Australia,Smooth Sliky Salty,4/1/2021,7560,473
Madelene Upcott,New Zealand,Manuka Honey Choco,4/1/2021,1470,70
Beverie Moffet,USA,Manuka Honey Choco,4/1/2021,4480,224
Brien Boise,USA,99% Dark & Pure,4/1/2021,567,23
Wilone O'Kielt,Canada,After Nines,4/1/2021,63,5
Andria Kimpton,Australia,99% Dark & Pure,4/1/2021,5544,222
Beverie Moffet,Canada,Orange Choco,4/1/2021,5985,375
Oby Sorrel,Australia,50% Dark Bites,4/2/2021,1232,490
Kaine Padly,Canada,Choco Coated Almonds,4/2/2021,1617,408
Andria Kimpton,New Zealand,Eclairs,4/2/2021,1393,76
Husein Augar,UK,Smooth Sliky Salty,4/2/2021,1561,68
Marney O'Breen,India,Caramel Stuffed Bars,4/2/2021,1120,103
Beverie Moffet,New Zealand,Manuka Honey Choco,4/2/2021,3745,242
Madelene Upcott,Australia,Manuka Honey Choco,4/2/2021,8407,15
Wilone O'Kielt,Canada,99% Dark & Pure,4/2/2021,2212,3
Wilone O'Kielt,India,70% Dark Bites,4/2/2021,5754,406
Barr Faughny,New Zealand,Spicy Special Slims,4/2/2021,378,314
Brien Boise,USA,50% Dark Bites,4/2/2021,12481,840
Wilone O'Kielt,UK,Drinking Coco,4/2/2021,371,306
Dennison Crosswaite,UK,Organic Choco Syrup,4/2/2021,2415,1120
Oby Sorrel,Canada,Orange Choco,4/2/2021,6545,162
Madelene Upcott,Canada,Eclairs,4/2/2021,3339,449
Kelci Walkden,Canada,Milk Bars,4/2/2021,504,32
Ches Bonnell,USA,85% Dark Bars,4/2/2021,1232,77
Karlen McCaffrey,India,Milk Bars,4/2/2021,21,1
Dennison Crosswaite,Canada,White Choc,4/2/2021,7518,1050
Husein Augar,Australia,Spicy Special Slims,4/2/2021,4032,156
Ches Bonnell,India,Almond Choco,4/2/2021,1827,71
Kelci Walkden,USA,Eclairs,4/2/2021,4746,207
Dennison Crosswaite,New Zealand,99% Dark & Pure,4/2/2021,5509,230
Andria Kimpton,New Zealand,Organic Choco Syrup,4/2/2021,7840,327
Van Tuxwell,UK,After Nines,4/2/2021,3171,212
Gigi Bohling,Australia,White Choc,4/5/2021,1162,425
Kaine Padly,USA,70% Dark Bites,4/5/2021,952,160
Kaine Padly,USA,Raspberry Choco,4/5/2021,2135,700
Wilone O'Kielt,USA,Almond Choco,4/5/2021,3269,247
Beverie Moffet,USA,70% Dark Bites,4/5/2021,4382,255
Dotty Strutley,UK,White Choc,4/5/2021,1001,147
Andria Kimpton,UK,Fruit & Nut Bars,4/5/2021,2898,364
Brien Boise,Canada,Fruit & Nut Bars,4/5/2021,1428,106
Madelene Upcott,Australia,Mint Chip Choco,4/5/2021,4767,7
Dennison Crosswaite,India,99% Dark & Pure,4/5/2021,1064,154
Ches Bonnell,New Zealand,Smooth Sliky Salty,4/5/2021,1141,335
Curtice Advani,UK,Drinking Coco,4/5/2021,273,74
Husein Augar,India,Organic Choco Syrup,4/5/2021,2737,69
Gunar Cockshoot,UK,Raspberry Choco,4/5/2021,602,89
Dennison Crosswaite,UK,Manuka Honey Choco,4/5/2021,3962,83
Wilone O'Kielt,Canada,Fruit & Nut Bars,4/5/2021,7441,184
Karlen McCaffrey,Australia,Manuka Honey Choco,4/5/2021,5845,504
Ches Bonnell,USA,Raspberry Choco,4/5/2021,2513,19
Rafaelita Blaksland,India,Caramel Stuffed Bars,4/5/2021,4319,150
Curtice Advani,Australia,Milk Bars,4/5/2021,5397,242
Ches Bonnell,Australia,Milk Bars,4/5/2021,4613,433
Madelene Upcott,Canada,70% Dark Bites,4/5/2021,959,620
Barr Faughny,USA,Orange Choco,4/5/2021,4648,192
Husein Augar,Canada,Smooth Sliky Salty,4/5/2021,259,262
Barr Faughny,Canada,Spicy Special Slims,4/5/2021,2114,82
Madelene Upcott,USA,85% Dark Bars,4/5/2021,588,42
Andria Kimpton,Australia,After Nines,4/5/2021,8246,486
Wilone O'Kielt,Australia,White Choc,4/5/2021,5117,840
Madelene Upcott,UK,Almond Choco,4/5/2021,2086,72
Karlen McCaffrey,New Zealand,99% Dark & Pure,4/5/2021,2611,109
Roddy Speechley,UK,Peanut Butter Cubes,4/5/2021,2667,191
Jehu Rudeforth,Australia,Fruit & Nut Bars,4/5/2021,1736,92
Oby Sorrel,Australia,Raspberry Choco,4/5/2021,4207,301
Dennison Crosswaite,India,99% Dark & Pure,4/5/2021,413,26
Mallorie Waber,India,Eclairs,4/5/2021,9324,389
Brien Boise,USA,Organic Choco Syrup,4/5/2021,2345,98
Beverie Moffet,Canada,Smooth Sliky Salty,4/5/2021,15540,1120
Wilone O'Kielt,Canada,Almond Choco,4/5/2021,9604,370
Kaine Padly,New Zealand,Mint Chip Choco,4/5/2021,4389,183
Gunar Cockshoot,USA,Spicy Special Slims,4/5/2021,7007,242
Wilone O'Kielt,UK,Baker's Choco Chips,4/5/2021,7679,334
Curtice Advani,Canada,Caramel Stuffed Bars,4/6/2021,763,256
Ches Bonnell,Australia,Organic Choco Syrup,4/6/2021,9331,840
Andria Kimpton,Canada,70% Dark Bites,4/6/2021,434,34
Rafaelita Blaksland,Australia,Manuka Honey Choco,4/6/2021,6965,634
Gunar Cockshoot,New Zealand,Smooth Sliky Salty,4/6/2021,196,9
Brien Boise,USA,Orange Choco,4/6/2021,7063,643
Curtice Advani,UK,Almond Choco,4/6/2021,4102,342
Beverie Moffet,India,White Choc,4/6/2021,11361,700
Dotty Strutley,UK,Manuka Honey Choco,4/6/2021,5446,454
Wilone O'Kielt,Canada,Choco Coated Almonds,4/6/2021,819,33
Kelci Walkden,New Zealand,White Choc,4/6/2021,2975,186
Oby Sorrel,USA,Choco Coated Almonds,4/6/2021,763,31
Oby Sorrel,Canada,85% Dark Bars,4/6/2021,658,44
Oby Sorrel,USA,99% Dark & Pure,4/6/2021,7616,332
Brien Boise,UK,Organic Choco Syrup,4/6/2021,1883,189
Mallorie Waber,UK,Baker's Choco Chips,4/6/2021,11074,411
Gunar Cockshoot,New Zealand,Milk Bars,4/6/2021,2058,109
Brien Boise,USA,Mint Chip Choco,4/6/2021,476,20
Barr Faughny,Australia,After Nines,4/6/2021,9380,447
Andria Kimpton,UK,After Nines,4/6/2021,14210,1120
Jan Morforth,New Zealand,Choco Coated Almonds,4/6/2021,3402,122
Rafaelita Blaksland,Australia,Mint Chip Choco,4/6/2021,7357,273
Brien Boise,India,Almond Choco,4/6/2021,5544,206
Dotty Strutley,India,White Choc,4/6/2021,315,25
Gunar Cockshoot,New Zealand,Milk Bars,4/7/2021,1764,118
Gigi Bohling,India,After Nines,4/7/2021,6489,840
Gigi Bohling,USA,Choco Coated Almonds,4/7/2021,4060,157
Andria Kimpton,USA,Raspberry Choco,4/7/2021,973,98
Andria Kimpton,USA,Manuka Honey Choco,4/7/2021,5159,469
Beverie Moffet,New Zealand,Raspberry Choco,4/7/2021,5159,516
Madelene Upcott,USA,85% Dark Bars,4/7/2021,2779,186
Gunar Cockshoot,UK,85% Dark Bars,4/7/2021,448,28
Andria Kimpton,USA,Choco Coated Almonds,4/7/2021,7637,294
Jan Morforth,UK,Smooth Sliky Salty,4/7/2021,5327,485
Gigi Bohling,India,50% Dark Bites,4/7/2021,4242,147
Marney O'Breen,Canada,Caramel Stuffed Bars,4/7/2021,1603,95
Kelci Walkden,New Zealand,Orange Choco,4/7/2021,1946,122
Beverie Moffet,Canada,White Choc,4/7/2021,8442,650
Kelci Walkden,UK,Spicy Special Slims,4/7/2021,1848,60
Karlen McCaffrey,Canada,50% Dark Bites,4/7/2021,1694,74
Gunar Cockshoot,Australia,Manuka Honey Choco,4/7/2021,5397,285
Karlen McCaffrey,New Zealand,Mint Chip Choco,4/7/2021,10591,530
Wilone O'Kielt,Canada,70% Dark Bites,4/7/2021,1834,64
Curtice Advani,UK,Manuka Honey Choco,4/7/2021,2317,129
Camilla Castle,Australia,Caramel Stuffed Bars,4/7/2021,5922,247
Madelene Upcott,UK,Manuka Honey Choco,4/7/2021,2961,228
Kelci Walkden,Australia,Choco Coated Almonds,4/7/2021,10157,318
Brien Boise,Canada,99% Dark & Pure,4/7/2021,231,15
Camilla Castle,Australia,Baker's Choco Chips,4/7/2021,2618,105
Van Tuxwell,Australia,Organic Choco Syrup,4/7/2021,5929,212
Dennison Crosswaite,UK,Smooth Sliky Salty,4/7/2021,18739,1540
Dotty Strutley,UK,Eclairs,4/7/2021,665,29
Kaine Padly,UK,White Choc,4/7/2021,1841,231
Madelene Upcott,Canada,Peanut Butter Cubes,4/8/2021,2541,102
Ches Bonnell,UK,Spicy Special Slims,4/8/2021,2737,457
Gigi Bohling,India,Baker's Choco Chips,4/8/2021,630,45
Kaine Padly,USA,Manuka Honey Choco,4/8/2021,12642,1120
Rafaelita Blaksland,India,70% Dark Bites,4/8/2021,1750,125
Kelci Walkden,Australia,Almond Choco,4/8/2021,1344,112
Barr Faughny,Australia,Orange Choco,4/8/2021,1617,147
Kelci Walkden,USA,Caramel Stuffed Bars,4/8/2021,91,4
Barr Faughny,New Zealand,85% Dark Bars,4/8/2021,98,7
Karlen McCaffrey,Canada,Manuka Honey Choco,4/8/2021,4095,342
Brien Boise,New Zealand,50% Dark Bites,4/8/2021,8302,593
Rafaelita Blaksland,New Zealand,99% Dark & Pure,4/8/2021,7854,342
Madelene Upcott,India,Manuka Honey Choco,4/8/2021,5313,443
Beverie Moffet,Australia,Fruit & Nut Bars,4/8/2021,6153,440
Jehu Rudeforth,UK,Baker's Choco Chips,4/8/2021,1253,45
Gunar Cockshoot,USA,Smooth Sliky Salty,4/8/2021,8631,770
Ches Bonnell,Australia,Caramel Stuffed Bars,4/8/2021,12047,700
Wilone O'Kielt,India,Organic Choco Syrup,4/8/2021,294,10
Gigi Bohling,India,Fruit & Nut Bars,4/8/2021,9464,592
Dotty Strutley,Australia,99% Dark & Pure,4/8/2021,1078,68
Jehu Rudeforth,USA,Spicy Special Slims,4/8/2021,4200,175
Marney O'Breen,UK,50% Dark Bites,4/9/2021,3997,250
Jan Morforth,UK,Caramel Stuffed Bars,4/9/2021,1575,63
Gunar Cockshoot,USA,Smooth Sliky Salty,4/9/2021,6181,281
Kelci Walkden,New Zealand,After Nines,4/9/2021,11949,1680
Dennison Crosswaite,Australia,Smooth Sliky Salty,4/9/2021,9086,433
Kelci Walkden,Australia,Organic Choco Syrup,4/9/2021,1050,96
Dotty Strutley,UK,Peanut Butter Cubes,4/9/2021,3080,134
Ches Bonnell,USA,50% Dark Bites,4/9/2021,399,25
Kelci Walkden,Australia,99% Dark & Pure,4/9/2021,2016,88
Oby Sorrel,UK,99% Dark & Pure,4/9/2021,3031,145
Kaine Padly,USA,Baker's Choco Chips,4/9/2021,2541,182
Madelene Upcott,UK,99% Dark & Pure,4/9/2021,5222,249
Kelci Walkden,Canada,After Nines,4/9/2021,1680,80
Beverie Moffet,UK,85% Dark Bars,4/9/2021,9282,840
Marney O'Breen,India,Caramel Stuffed Bars,4/9/2021,8554,476
Camilla Castle,Canada,Drinking Coco,4/9/2021,1036,35
Wilone O'Kielt,Canada,Mint Chip Choco,4/9/2021,5250,263
Dotty Strutley,Canada,Milk Bars,4/9/2021,3248,142
Van Tuxwell,Canada,Baker's Choco Chips,4/9/2021,8099,386
Andria Kimpton,UK,Orange Choco,4/9/2021,4655,259
Roddy Speechley,New Zealand,Smooth Sliky Salty,4/9/2021,6475,405
Rafaelita Blaksland,New Zealand,Spicy Special Slims,4/9/2021,1141,52
Ches Bonnell,India,Smooth Sliky Salty,4/9/2021,7112,508
Dotty Strutley,New Zealand,Milk Bars,4/9/2021,8092,506
Gigi Bohling,Australia,Milk Bars,4/9/2021,2541,116
Kelci Walkden,USA,White Choc,4/12/2021,2604,186
Gunar Cockshoot,USA,Organic Choco Syrup,4/12/2021,6643,665
Marney O'Breen,Australia,After Nines,4/12/2021,5628,910
Oby Sorrel,Australia,Baker's Choco Chips,4/12/2021,1225,88
Andria Kimpton,USA,99% Dark & Pure,4/12/2021,6685,304
Dennison Crosswaite,Australia,Choco Coated Almonds,4/12/2021,1827,74
Dotty Strutley,Australia,Almond Choco,4/12/2021,1428,110
Brien Boise,Australia,85% Dark Bars,4/12/2021,406,29
Beverie Moffet,Australia,Raspberry Choco,4/12/2021,2338,213
Kaine Padly,India,Orange Choco,4/12/2021,1435,131
Oby Sorrel,Australia,70% Dark Bites,4/12/2021,105,7
Rafaelita Blaksland,UK,Smooth Sliky Salty,4/12/2021,1589,76
Dotty Strutley,USA,Eclairs,4/12/2021,1512,152
Rafaelita Blaksland,Canada,Eclairs,4/12/2021,1561,174
Marney O'Breen,Canada,85% Dark Bars,4/12/2021,9611,641
Oby Sorrel,Canada,Choco Coated Almonds,4/12/2021,10948,422
Marney O'Breen,Canada,Mint Chip Choco,4/12/2021,868,49
Kelci Walkden,New Zealand,Milk Bars,4/12/2021,945,73
Beverie Moffet,USA,Choco Coated Almonds,4/12/2021,5250,219
Oby Sorrel,India,50% Dark Bites,4/12/2021,2884,206
Jan Morforth,UK,Baker's Choco Chips,4/12/2021,1722,133
Madelene Upcott,India,85% Dark Bars,4/12/2021,8309,554
Curtice Advani,Australia,Almond Choco,4/12/2021,2191,157
Andria Kimpton,India,Baker's Choco Chips,4/12/2021,5299,442
Beverie Moffet,India,Choco Coated Almonds,4/12/2021,1043,42
Wilone O'Kielt,Canada,Spicy Special Slims,4/12/2021,3717,465
Brien Boise,New Zealand,Drinking Coco,4/12/2021,6818,427
Gunar Cockshoot,New Zealand,Caramel Stuffed Bars,4/12/2021,6174,229
Kelci Walkden,India,Baker's Choco Chips,4/12/2021,224,16
Dotty Strutley,Canada,After Nines,4/12/2021,4893,699
Husein Augar,India,Spicy Special Slims,4/12/2021,910,114
Mallorie Waber,Canada,Almond Choco,4/12/2021,10409,417
Gunar Cockshoot,India,99% Dark & Pure,4/12/2021,11522,461
Brien Boise,UK,Smooth Sliky Salty,4/12/2021,1358,105
Andria Kimpton,New Zealand,Raspberry Choco,4/12/2021,9387,587
Gunar Cockshoot,Australia,Eclairs,4/12/2021,1267,51
Andria Kimpton,UK,Almond Choco,4/13/2021,3164,244
Wilone O'Kielt,UK,Raspberry Choco,4/13/2021,1274,107
Kelci Walkden,New Zealand,Smooth Sliky Salty,4/13/2021,2660,116
Ches Bonnell,New Zealand,Baker's Choco Chips,4/13/2021,4445,318
Ches Bonnell,Australia,Spicy Special Slims,4/13/2021,581,97
Husein Augar,UK,Fruit & Nut Bars,4/13/2021,4473,187
Husein Augar,UK,50% Dark Bites,4/13/2021,5488,392
Curtice Advani,USA,Eclairs,4/13/2021,49,6
Gigi Bohling,USA,Almond Choco,4/13/2021,4739,365
Gunar Cockshoot,UK,Orange Choco,4/13/2021,6797,618
Jan Morforth,Australia,Mint Chip Choco,4/13/2021,4291,239
Kaine Padly,India,Raspberry Choco,4/13/2021,1568,157
Kaine Padly,India,Smooth Sliky Salty,4/13/2021,6923,330
Brien Boise,UK,White Choc,4/13/2021,8953,560
Beverie Moffet,USA,85% Dark Bars,4/13/2021,5747,384
Marney O'Breen,Canada,Choco Coated Almonds,4/13/2021,2317,90
Gigi Bohling,Australia,Peanut Butter Cubes,4/13/2021,1099,48
Dennison Crosswaite,New Zealand,70% Dark Bites,4/13/2021,91,7
Dotty Strutley,India,After Nines,4/13/2021,1848,116
Madelene Upcott,New Zealand,Orange Choco,4/13/2021,12831,700
Marney O'Breen,Australia,Eclairs,4/13/2021,1687,57
Roddy Speechley,Canada,99% Dark & Pure,4/13/2021,2877,170
Jan Morforth,Australia,Raspberry Choco,4/13/2021,7014,700
Barr Faughny,Canada,Smooth Sliky Salty,4/13/2021,5782,643
Marney O'Breen,India,85% Dark Bars,4/13/2021,5971,399
Gigi Bohling,New Zealand,White Choc,4/13/2021,9261,840
Karlen McCaffrey,UK,Raspberry Choco,4/13/2021,1820,203
Curtice Advani,India,Caramel Stuffed Bars,4/14/2021,8428,338
Husein Augar,Canada,White Choc,4/14/2021,42,3
Marney O'Breen,New Zealand,Spicy Special Slims,4/14/2021,4760,595
Dotty Strutley,Canada,Smooth Sliky Salty,4/14/2021,252,11
Gunar Cockshoot,India,Spicy Special Slims,4/14/2021,1155,145
Marney O'Breen,UK,99% Dark & Pure,4/14/2021,238,11
Gigi Bohling,Canada,50% Dark Bites,4/14/2021,763,51
Andria Kimpton,Canada,Manuka Honey Choco,4/14/2021,16366,1260
Kaine Padly,UK,Drinking Coco,4/14/2021,742,42
Kelci Walkden,Australia,Manuka Honey Choco,4/14/2021,728,61
Dotty Strutley,UK,Milk Bars,4/14/2021,9380,670
Dennison Crosswaite,UK,Spicy Special Slims,4/14/2021,14588,2100
Beverie Moffet,New Zealand,Caramel Stuffed Bars,4/14/2021,7448,276
Gunar Cockshoot,Australia,85% Dark Bars,4/14/2021,5222,373
Brien Boise,Australia,Eclairs,4/14/2021,4627,579
Dennison Crosswaite,India,Raspberry Choco,4/14/2021,2982,299
Jan Morforth,India,Smooth Sliky Salty,4/14/2021,6902,301
Wilone O'Kielt,Australia,Orange Choco,4/14/2021,721,61
Rafaelita Blaksland,UK,Fruit & Nut Bars,4/14/2021,3829,167
Andria Kimpton,USA,Spicy Special Slims,4/14/2021,3794,475
Kelci Walkden,UK,White Choc,4/14/2021,6615,441
Jan Morforth,India,Spicy Special Slims,4/14/2021,448,64
Andria Kimpton,New Zealand,Milk Bars,4/14/2021,4872,375
Dennison Crosswaite,India,Eclairs,4/14/2021,4431,554
Dennison Crosswaite,UK,Caramel Stuffed Bars,4/14/2021,1764,71
Husein Augar,India,Orange Choco,4/14/2021,6671,417
Wilone O'Kielt,Canada,Manuka Honey Choco,4/14/2021,18585,1190
Van Tuxwell,New Zealand,Eclairs,4/14/2021,5887,219
Beverie Moffet,New Zealand,Fruit & Nut Bars,4/14/2021,2828,149
Roddy Speechley,Canada,Smooth Sliky Salty,4/14/2021,7161,551
Van Tuxwell,Australia,Baker's Choco Chips,4/14/2021,7602,263
Gigi Bohling,Canada,Manuka Honey Choco,4/14/2021,10430,770
Oby Sorrel,New Zealand,Raspberry Choco,4/14/2021,1302,77
Dotty Strutley,USA,White Choc,4/14/2021,8001,667
Brien Boise,Canada,50% Dark Bites,4/14/2021,4585,192
Beverie Moffet,New Zealand,Drinking Coco,4/14/2021,973,30
Karlen McCaffrey,Australia,70% Dark Bites,4/14/2021,2723,83
Kelci Walkden,USA,99% Dark & Pure,4/14/2021,9527,561
Gigi Bohling,USA,Manuka Honey Choco,4/14/2021,5789,264
Camilla Castle,India,Almond Choco,4/14/2021,2716,105
Dennison Crosswaite,UK,Fruit & Nut Bars,4/14/2021,11935,840
Marney O'Breen,India,Spicy Special Slims,4/15/2021,812,116
Jan Morforth,New Zealand,Drinking Coco,4/15/2021,10521,658
Kelci Walkden,Australia,Drinking Coco,4/15/2021,2387,133
Gunar Cockshoot,India,Orange Choco,4/15/2021,8113,625
Jan Morforth,USA,After Nines,4/15/2021,5586,910
Rafaelita Blaksland,India,Fruit & Nut Bars,4/15/2021,1239,52
Madelene Upcott,India,Orange Choco,4/15/2021,3108,240
Barr Faughny,Canada,85% Dark Bars,4/15/2021,784,49
Gigi Bohling,India,99% Dark & Pure,4/15/2021,8645,376
Madelene Upcott,Canada,Spicy Special Slims,4/15/2021,2254,282
Dotty Strutley,USA,Raspberry Choco,4/15/2021,1246,125
Kaine Padly,Canada,Organic Choco Syrup,4/15/2021,1071,119
Barr Faughny,USA,After Nines,4/15/2021,2023,253
Husein Augar,UK,70% Dark Bites,4/15/2021,7462,533
Dotty Strutley,India,Peanut Butter Cubes,4/15/2021,3087,129
Curtice Advani,UK,Milk Bars,4/15/2021,679,46
Ches Bonnell,USA,After Nines,4/15/2021,5285,770
Jan Morforth,Canada,Mint Chip Choco,4/15/2021,98,6
Karlen McCaffrey,Canada,Orange Choco,4/15/2021,6363,579
Andria Kimpton,Canada,Spicy Special Slims,4/15/2021,3885,648
Oby Sorrel,USA,70% Dark Bites,4/15/2021,1995,133
Beverie Moffet,UK,After Nines,4/15/2021,6069,840
Madelene Upcott,India,Choco Coated Almonds,4/15/2021,1337,54
Madelene Upcott,USA,Manuka Honey Choco,4/15/2021,1316,120
Andria Kimpton,USA,Mint Chip Choco,4/15/2021,1554,87
Kelci Walkden,Australia,Baker's Choco Chips,4/15/2021,4277,357
Ches Bonnell,Australia,Raspberry Choco,4/15/2021,1498,150
Dotty Strutley,Australia,Organic Choco Syrup,4/15/2021,3241,361
Ches Bonnell,USA,Orange Choco,4/15/2021,1106,86
Dotty Strutley,Canada,Mint Chip Choco,4/15/2021,1498,84
Gigi Bohling,India,Caramel Stuffed Bars,4/15/2021,4543,182
Brien Boise,UK,Manuka Honey Choco,4/15/2021,9058,647
Roddy Speechley,New Zealand,Raspberry Choco,4/15/2021,476,30
Wilone O'Kielt,Australia,Caramel Stuffed Bars,4/15/2021,6916,301
Wilone O'Kielt,USA,Baker's Choco Chips,4/15/2021,3997,160
Dennison Crosswaite,Canada,Choco Coated Almonds,4/15/2021,6713,210
Karlen McCaffrey,India,Choco Coated Almonds,4/16/2021,1876,79
Gigi Bohling,Australia,Smooth Sliky Salty,4/16/2021,1687,74
Dennison Crosswaite,Canada,Spicy Special Slims,4/16/2021,175,25
Andria Kimpton,Australia,Caramel Stuffed Bars,4/16/2021,2478,100
Jan Morforth,Canada,Eclairs,4/16/2021,728,73
Barr Faughny,New Zealand,Baker's Choco Chips,4/16/2021,11151,910
Kaine Padly,UK,Organic Choco Syrup,4/16/2021,3164,352
Kelci Walkden,Australia,Mint Chip Choco,4/16/2021,5292,279
Brien Boise,Canada,Spicy Special Slims,4/16/2021,2730,455
Gunar Cockshoot,Canada,Almond Choco,4/16/2021,4886,376
Dotty Strutley,New Zealand,Milk Bars,4/16/2021,5551,397
Madelene Upcott,India,50% Dark Bites,4/16/2021,7385,462
Dennison Crosswaite,New Zealand,Smooth Sliky Salty,4/16/2021,5908,257
Kaine Padly,India,Choco Coated Almonds,4/16/2021,252,10
Husein Augar,New Zealand,Raspberry Choco,4/16/2021,770,77
Brien Boise,UK,Smooth Sliky Salty,4/16/2021,903,42
Ches Bonnell,UK,70% Dark Bites,4/16/2021,1050,32
Curtice Advani,Australia,After Nines,4/16/2021,8995,409
Dotty Strutley,Australia,Orange Choco,4/16/2021,3360,280
Van Tuxwell,India,Caramel Stuffed Bars,4/16/2021,7770,389
Oby Sorrel,UK,Raspberry Choco,4/16/2021,1162,73
Gigi Bohling,New Zealand,Organic Choco Syrup,4/19/2021,11347,1260
Marney O'Breen,Australia,Almond Choco,4/19/2021,7217,556
Husein Augar,Canada,Manuka Honey Choco,4/19/2021,2737,211
Rafaelita Blaksland,USA,70% Dark Bites,4/19/2021,4991,333
Wilone O'Kielt,New Zealand,Organic Choco Syrup,4/19/2021,1589,145
Oby Sorrel,Canada,Spicy Special Slims,4/19/2021,1232,206
Karlen McCaffrey,UK,Caramel Stuffed Bars,4/19/2021,2765,103
Karlen McCaffrey,Australia,White Choc,4/19/2021,1736,116
Husein Augar,UK,85% Dark Bars,4/19/2021,364,25
Beverie Moffet,Australia,Smooth Sliky Salty,4/19/2021,3899,186
Brien Boise,New Zealand,Smooth Sliky Salty,4/19/2021,3115,142
Beverie Moffet,New Zealand,70% Dark Bites,4/19/2021,105,8
Husein Augar,UK,Spicy Special Slims,4/19/2021,6692,1120
Brien Boise,USA,Choco Coated Almonds,4/19/2021,3983,160
Barr Faughny,Canada,Mint Chip Choco,4/19/2021,2401,134
Karlen McCaffrey,Canada,99% Dark & Pure,4/19/2021,8204,513
Madelene Upcott,Australia,Manuka Honey Choco,4/19/2021,2156,135
Madelene Upcott,Canada,Organic Choco Syrup,4/20/2021,4298,430
Husein Augar,UK,White Choc,4/20/2021,13839,980
Beverie Moffet,Australia,Caramel Stuffed Bars,4/20/2021,1414,53
Kelci Walkden,Canada,Milk Bars,4/20/2021,182,13
Beverie Moffet,India,Drinking Coco,4/20/2021,9457,557
Kaine Padly,Canada,99% Dark & Pure,4/20/2021,1071,47
Kaine Padly,Canada,Smooth Sliky Salty,4/20/2021,6944,302
Madelene Upcott,New Zealand,99% Dark & Pure,4/20/2021,5005,228
Kaine Padly,Australia,Peanut Butter Cubes,4/20/2021,8757,381
Ches Bonnell,USA,Mint Chip Choco,4/20/2021,2275,127
Andria Kimpton,UK,Caramel Stuffed Bars,4/20/2021,2611,97
Barr Faughny,UK,After Nines,4/20/2021,2884,412
Brien Boise,Australia,Drinking Coco,4/20/2021,833,28
Van Tuxwell,New Zealand,Almond Choco,4/20/2021,10521,376
Beverie Moffet,UK,Raspberry Choco,4/20/2021,13083,910
Andria Kimpton,India,50% Dark Bites,4/20/2021,2429,98
Oby Sorrel,India,Fruit & Nut Bars,4/20/2021,3913,218
Oby Sorrel,Australia,Manuka Honey Choco,4/20/2021,6860,490
Gunar Cockshoot,New Zealand,White Choc,4/20/2021,7189,1470
Kaine Padly,USA,99% Dark & Pure,4/20/2021,3941,158
Marney O'Breen,UK,Spicy Special Slims,4/20/2021,10850,375
Mallorie Waber,New Zealand,50% Dark Bites,4/20/2021,3682,142
Beverie Moffet,UK,Peanut Butter Cubes,4/20/2021,4270,700
Oby Sorrel,USA,Fruit & Nut Bars,4/21/2021,3073,129
Jan Morforth,USA,Almond Choco,4/21/2021,1589,123
Marney O'Breen,USA,Organic Choco Syrup,4/21/2021,7070,770
Jan Morforth,UK,Eclairs,4/21/2021,5733,574
Marney O'Breen,USA,White Choc,4/21/2021,343,22
Brien Boise,New Zealand,Fruit & Nut Bars,4/21/2021,8456,339
Madelene Upcott,USA,Drinking Coco,4/21/2021,7070,416
Beverie Moffet,UK,Manuka Honey Choco,4/21/2021,1953,163
Jan Morforth,Canada,White Choc,4/21/2021,2324,166
Marney O'Breen,Canada,70% Dark Bites,4/21/2021,3122,209
Madelene Upcott,UK,After Nines,4/21/2021,4550,770
Gigi Bohling,New Zealand,White Choc,4/21/2021,2842,190
Wilone O'Kielt,USA,Milk Bars,4/21/2021,2730,195
Dennison Crosswaite,USA,Manuka Honey Choco,4/21/2021,4242,327
Barr Faughny,USA,Eclairs,4/21/2021,1603,201
Camilla Castle,UK,Raspberry Choco,4/21/2021,1806,151
Oby Sorrel,Canada,99% Dark & Pure,4/21/2021,4046,176
Van Tuxwell,UK,Drinking Coco,4/21/2021,8365,322
Karlen McCaffrey,Australia,85% Dark Bars,4/21/2021,4928,290
Karlen McCaffrey,Canada,Raspberry Choco,4/21/2021,11662,1330
Brien Boise,Australia,Organic Choco Syrup,4/21/2021,13181,455
Jan Morforth,India,Peanut Butter Cubes,4/21/2021,5117,466
Husein Augar,Canada,Peanut Butter Cubes,4/22/2021,3234,135
Beverie Moffet,Australia,After Nines,4/22/2021,8820,1470
Karlen McCaffrey,New Zealand,Choco Coated Almonds,4/22/2021,5390,225
Dotty Strutley,Canada,50% Dark Bites,4/22/2021,2800,187
Gigi Bohling,Canada,Drinking Coco,4/22/2021,504,32
Karlen McCaffrey,New Zealand,85% Dark Bars,4/22/2021,5131,321
Ches Bonnell,Australia,After Nines,4/22/2021,2205,368
Barr Faughny,Australia,Peanut Butter Cubes,4/22/2021,238,10
Barr Faughny,Australia,Choco Coated Almonds,4/22/2021,3318,128
Husein Augar,UK,Eclairs,4/22/2021,4501,501
Beverie Moffet,Canada,Peanut Butter Cubes,4/22/2021,5439,237
Kelci Walkden,USA,Choco Coated Almonds,4/22/2021,3563,149
Kaine Padly,Canada,Drinking Coco,4/22/2021,5425,340
Wilone O'Kielt,New Zealand,White Choc,4/22/2021,1477,93
Kelci Walkden,USA,Drinking Coco,4/22/2021,13510,770
Wilone O'Kielt,UK,85% Dark Bars,4/22/2021,1946,139
Andria Kimpton,New Zealand,Orange Choco,4/22/2021,8078,674
Jan Morforth,USA,50% Dark Bites,4/22/2021,3829,256
Andria Kimpton,New Zealand,After Nines,4/22/2021,5005,626
Marney O'Breen,Canada,Peanut Butter Cubes,4/22/2021,10367,1470
Roddy Speechley,Australia,Baker's Choco Chips,4/22/2021,2562,103
Roddy Speechley,New Zealand,Caramel Stuffed Bars,4/22/2021,8344,348
Husein Augar,UK,Baker's Choco Chips,4/22/2021,5866,267
Marney O'Breen,UK,Drinking Coco,4/22/2021,14700,446
Husein Augar,New Zealand,Drinking Coco,4/22/2021,3416,132
Beverie Moffet,Australia,85% Dark Bars,4/22/2021,588,74
Gunar Cockshoot,UK,Fruit & Nut Bars,4/22/2021,693,44
Brien Boise,Canada,Spicy Special Slims,4/22/2021,294,14
Kelci Walkden,Canada,Mint Chip Choco,4/22/2021,3213,161
Dotty Strutley,UK,White Choc,4/22/2021,3346,239
Oby Sorrel,Australia,Spicy Special Slims,4/22/2021,8841,286
Van Tuxwell,New Zealand,White Choc,4/22/2021,434,37
Jehu Rudeforth,Australia,Eclairs,4/22/2021,4683,188
Jehu Rudeforth,India,Organic Choco Syrup,4/22/2021,7721,250
Jehu Rudeforth,Canada,Manuka Honey Choco,4/22/2021,2954,135
Gigi Bohling,New Zealand,After Nines,4/22/2021,3360,240
Beverie Moffet,Australia,Eclairs,4/22/2021,3150,109
Gunar Cockshoot,India,Drinking Coco,4/22/2021,2163,78
Kaine Padly,Australia,Milk Bars,4/22/2021,3871,169
Jan Morforth,Australia,Baker's Choco Chips,4/22/2021,1099,50
Dennison Crosswaite,Australia,Caramel Stuffed Bars,4/22/2021,672,26
Kaine Padly,UK,85% Dark Bars,4/23/2021,3248,217
Dennison Crosswaite,New Zealand,Mint Chip Choco,4/23/2021,2821,157
Brien Boise,Canada,Peanut Butter Cubes,4/23/2021,1666,67
Wilone O'Kielt,New Zealand,70% Dark Bites,4/23/2021,546,42
Jan Morforth,Canada,Orange Choco,4/23/2021,16219,1260
Kelci Walkden,India,White Choc,4/23/2021,1505,95
Gunar Cockshoot,Australia,Manuka Honey Choco,4/23/2021,4074,371
Oby Sorrel,UK,Orange Choco,4/23/2021,1134,104
Gunar Cockshoot,Canada,Drinking Coco,4/23/2021,9100,569
Karlen McCaffrey,Australia,50% Dark Bites,4/23/2021,581,42
Beverie Moffet,India,Almond Choco,4/23/2021,1141,82
Rafaelita Blaksland,India,99% Dark & Pure,4/23/2021,2086,91
Ches Bonnell,USA,Fruit & Nut Bars,4/23/2021,2730,119
Gigi Bohling,India,Drinking Coco,4/23/2021,875,55
Kaine Padly,India,70% Dark Bites,4/23/2021,518,40
Rafaelita Blaksland,USA,White Choc,4/23/2021,2233,160
Andria Kimpton,New Zealand,Caramel Stuffed Bars,4/23/2021,1337,54
Husein Augar,USA,Eclairs,4/23/2021,5740,700
Husein Augar,USA,Spicy Special Slims,4/23/2021,3017,431
Jan Morforth,UK,Choco Coated Almonds,4/23/2021,10395,434
Dennison Crosswaite,Australia,White Choc,4/23/2021,560,35
Karlen McCaffrey,Australia,85% Dark Bars,4/23/2021,756,48
Barr Faughny,Australia,Milk Bars,4/23/2021,791,57
Andria Kimpton,USA,85% Dark Bars,4/23/2021,2870,205
Oby Sorrel,New Zealand,Manuka Honey Choco,4/23/2021,910,83
Dotty Strutley,New Zealand,Orange Choco,4/23/2021,9492,528
Rafaelita Blaksland,New Zealand,Orange Choco,4/23/2021,4158,278
Madelene Upcott,New Zealand,White Choc,4/23/2021,4935,980
Barr Faughny,New Zealand,Raspberry Choco,4/23/2021,5852,345
Rafaelita Blaksland,India,Milk Bars,4/23/2021,973,61
Rafaelita Blaksland,India,Almond Choco,4/23/2021,3472,106
Husein Augar,India,Milk Bars,4/23/2021,6405,267
Roddy Speechley,Australia,Organic Choco Syrup,4/23/2021,9226,330
Gunar Cockshoot,New Zealand,Mint Chip Choco,4/23/2021,882,36
Karlen McCaffrey,Canada,Drinking Coco,4/23/2021,5236,159
Curtice Advani,India,85% Dark Bars,4/26/2021,1218,87
Dotty Strutley,USA,70% Dark Bites,4/26/2021,3794,292
Madelene Upcott,New Zealand,Choco Coated Almonds,4/26/2021,7266,291
Kaine Padly,USA,99% Dark & Pure,4/26/2021,3430,150
Kaine Padly,USA,Smooth Sliky Salty,4/26/2021,10528,502
Madelene Upcott,USA,White Choc,4/26/2021,3255,204
Wilone O'Kielt,New Zealand,Caramel Stuffed Bars,4/26/2021,4361,168
Gigi Bohling,India,Choco Coated Almonds,4/26/2021,658,26
Curtice Advani,India,White Choc,4/26/2021,4942,353
Dennison Crosswaite,UK,Choco Coated Almonds,4/26/2021,5257,220
Dennison Crosswaite,India,Mint Chip Choco,4/26/2021,8050,350
Kaine Padly,India,Milk Bars,4/26/2021,4704,189
Karlen McCaffrey,USA,70% Dark Bites,4/26/2021,4375,157
Wilone O'Kielt,USA,Raspberry Choco,4/26/2021,1400,83
Roddy Speechley,USA,70% Dark Bites,4/26/2021,5103,160
Andria Kimpton,Canada,Choco Coated Almonds,4/27/2021,4088,158
Curtice Advani,Australia,50% Dark Bites,4/27/2021,784,53
Gigi Bohling,Canada,Orange Choco,4/27/2021,6713,517
Ches Bonnell,India,Fruit & Nut Bars,4/27/2021,3829,167
Wilone O'Kielt,India,Peanut Butter Cubes,4/27/2021,1456,64
Karlen McCaffrey,Canada,After Nines,4/27/2021,2499,357
Kelci Walkden,UK,Peanut Butter Cubes,4/27/2021,1911,84
Dennison Crosswaite,Australia,Orange Choco,4/27/2021,9632,770
Rafaelita Blaksland,India,Organic Choco Syrup,4/27/2021,7693,234
Beverie Moffet,Canada,85% Dark Bars,4/27/2021,5187,577
Van Tuxwell,Canada,White Choc,4/27/2021,91,11
Kelci Walkden,New Zealand,Fruit & Nut Bars,4/27/2021,5313,280
Gunar Cockshoot,USA,Eclairs,4/27/2021,8736,364
Dotty Strutley,UK,Spicy Special Slims,4/27/2021,8449,385
Oby Sorrel,India,99% Dark & Pure,4/27/2021,8519,406
Kelci Walkden,Canada,Peanut Butter Cubes,4/27/2021,6832,622
Oby Sorrel,Canada,Drinking Coco,4/27/2021,7217,289
Andria Kimpton,UK,Raspberry Choco,4/27/2021,7637,770
Ches Bonnell,New Zealand,Manuka Honey Choco,4/27/2021,10682,700
Jan Morforth,UK,99% Dark & Pure,4/27/2021,6720,293
Barr Faughny,New Zealand,Almond Choco,4/28/2021,2289,191
Curtice Advani,UK,50% Dark Bites,4/28/2021,2751,184
Rafaelita Blaksland,New Zealand,Milk Bars,4/28/2021,812,63
Gunar Cockshoot,UK,White Choc,4/28/2021,9520,635
Brien Boise,Canada,After Nines,4/28/2021,2744,392
Barr Faughny,New Zealand,Organic Choco Syrup,4/28/2021,1519,169
Madelene Upcott,Canada,Baker's Choco Chips,4/28/2021,8722,700
Husein Augar,Australia,Choco Coated Almonds,4/28/2021,588,23
Andria Kimpton,UK,99% Dark & Pure,4/28/2021,13384,638
Barr Faughny,USA,Almond Choco,4/28/2021,1043,75
Jan Morforth,India,85% Dark Bars,4/28/2021,3262,233
Dotty Strutley,UK,Organic Choco Syrup,4/28/2021,1827,167
Kelci Walkden,USA,Spicy Special Slims,4/28/2021,8680,1260
Madelene Upcott,UK,Smooth Sliky Salty,4/28/2021,3185,145
Beverie Moffet,New Zealand,Eclairs,4/28/2021,3955,440
Beverie Moffet,Canada,Spicy Special Slims,4/28/2021,3878,647
Jan Morforth,Canada,Smooth Sliky Salty,4/28/2021,1638,78
Madelene Upcott,Australia,Smooth Sliky Salty,4/28/2021,10808,492
Kelci Walkden,New Zealand,85% Dark Bars,4/28/2021,4319,309
Oby Sorrel,UK,50% Dark Bites,4/28/2021,6608,472
Beverie Moffet,Australia,Choco Coated Almonds,4/28/2021,6755,282
Kaine Padly,UK,Almond Choco,4/28/2021,203,15
Dotty Strutley,Australia,Smooth Sliky Salty,4/28/2021,2723,124
Mallorie Waber,New Zealand,White Choc,4/28/2021,13699,1120
Andria Kimpton,India,After Nines,4/28/2021,5348,268
Kelci Walkden,UK,Peanut Butter Cubes,4/28/2021,4396,367
Beverie Moffet,Canada,After Nines,4/28/2021,7434,531
Karlen McCaffrey,New Zealand,85% Dark Bars,4/28/2021,5453,682
Marney O'Breen,UK,After Nines,4/28/2021,5579,310
Van Tuxwell,India,Mint Chip Choco,4/28/2021,63,3
Gunar Cockshoot,UK,Orange Choco,4/28/2021,8120,625
Gunar Cockshoot,Canada,White Choc,4/28/2021,4277,840
Ches Bonnell,Canada,50% Dark Bites,4/28/2021,5264,220
Gigi Bohling,Australia,Orange Choco,4/29/2021,2093,191
Kelci Walkden,Canada,Mint Chip Choco,4/29/2021,9590,505
Gunar Cockshoot,USA,White Choc,4/29/2021,3346,239
Jan Morforth,UK,99% Dark & Pure,4/29/2021,4781,218
Karlen McCaffrey,Canada,Spicy Special Slims,4/29/2021,5733,980
Rafaelita Blaksland,New Zealand,Raspberry Choco,4/29/2021,119,12
Dennison Crosswaite,UK,White Choc,4/29/2021,658,47
Kaine Padly,India,Drinking Coco,4/29/2021,3528,196
Marney O'Breen,Canada,Orange Choco,4/29/2021,630,53
Wilone O'Kielt,Australia,Manuka Honey Choco,4/29/2021,4067,339
Dotty Strutley,USA,50% Dark Bites,4/29/2021,13258,840
Jan Morforth,USA,Fruit & Nut Bars,4/29/2021,3654,153
Dennison Crosswaite,Australia,Eclairs,4/29/2021,294,30
Andria Kimpton,USA,50% Dark Bites,4/29/2021,3626,242
Kaine Padly,UK,Choco Coated Almonds,4/29/2021,7238,290
Oby Sorrel,Australia,Raspberry Choco,4/29/2021,3283,329
Beverie Moffet,Canada,Caramel Stuffed Bars,4/29/2021,11529,502
Marney O'Breen,New Zealand,Baker's Choco Chips,4/29/2021,6482,282
Marney O'Breen,Canada,After Nines,4/29/2021,3605,190
Jehu Rudeforth,UK,99% Dark & Pure,4/29/2021,7070,373
Madelene Upcott,Canada,Manuka Honey Choco,4/29/2021,1918,128
Wilone O'Kielt,Australia,Choco Coated Almonds,4/29/2021,5922,186
Brien Boise,Canada,Peanut Butter Cubes,4/29/2021,1848,264
Jehu Rudeforth,Australia,Almond Choco,4/29/2021,5446,166
Kelci Walkden,Australia,Mint Chip Choco,4/29/2021,1036,44
Jan Morforth,Australia,Spicy Special Slims,4/29/2021,3864,168
Barr Faughny,India,White Choc,4/29/2021,8673,668
Dotty Strutley,USA,Fruit & Nut Bars,4/29/2021,6027,548
Husein Augar,UK,Fruit & Nut Bars,4/29/2021,3213,268
Roddy Speechley,India,Milk Bars,4/29/2021,1932,81
Dotty Strutley,India,Manuka Honey Choco,4/30/2021,1232,112
Wilone O'Kielt,India,Orange Choco,4/30/2021,2639,220
Andria Kimpton,Australia,Eclairs,4/30/2021,9737,1050
Marney O'Breen,USA,70% Dark Bites,4/30/2021,8547,570
Beverie Moffet,USA,Orange Choco,4/30/2021,6419,584
Dotty Strutley,USA,Baker's Choco Chips,4/30/2021,5173,398
Dotty Strutley,Australia,85% Dark Bars,4/30/2021,2149,135
Rafaelita Blaksland,USA,After Nines,4/30/2021,4977,623
Rafaelita Blaksland,Canada,After Nines,4/30/2021,9282,1330
Wilone O'Kielt,New Zealand,Orange Choco,4/30/2021,392,33
Ches Bonnell,India,Mint Chip Choco,4/30/2021,3052,170
Gigi Bohling,India,Fruit & Nut Bars,4/30/2021,5558,223
Ches Bonnell,Canada,85% Dark Bars,4/30/2021,1680,120
Kaine Padly,UK,Peanut Butter Cubes,4/30/2021,1148,46
Kelci Walkden,India,Drinking Coco,4/30/2021,14931,910
Barr Faughny,India,Peanut Butter Cubes,4/30/2021,2688,117
Andria Kimpton,New Zealand,Manuka Honey Choco,4/30/2021,8015,700
Husein Augar,UK,Orange Choco,4/30/2021,2380,184
Andria Kimpton,India,Eclairs,4/30/2021,6496,650
Kelci Walkden,New Zealand,Peanut Butter Cubes,4/30/2021,7378,321
Jan Morforth,New Zealand,99% Dark & Pure,4/30/2021,3325,152
Wilone O'Kielt,Australia,Mint Chip Choco,4/30/2021,2877,144
Beverie Moffet,Canada,Organic Choco Syrup,4/30/2021,1435,160
Karlen McCaffrey,New Zealand,Baker's Choco Chips,4/30/2021,6587,471
Jan Morforth,India,After Nines,4/30/2021,2079,347
Curtice Advani,USA,Choco Coated Almonds,4/30/2021,2422,97
Marney O'Breen,Australia,Baker's Choco Chips,4/30/2021,4102,316
Oby Sorrel,USA,White Choc,4/30/2021,2800,312
Brien Boise,New Zealand,Almond Choco,4/30/2021,12110,466
Marney O'Breen,UK,Raspberry Choco,5/3/2021,910,76
Kelci Walkden,Canada,Smooth Sliky Salty,5/3/2021,406,18
Husein Augar,Australia,Drinking Coco,5/3/2021,4088,228
Oby Sorrel,USA,Eclairs,5/3/2021,1631,204
Ches Bonnell,New Zealand,Mint Chip Choco,5/3/2021,3073,171
Ches Bonnell,UK,Baker's Choco Chips,5/4/2021,2226,172
Dennison Crosswaite,UK,Smooth Sliky Salty,5/4/2021,2751,120
Gigi Bohling,UK,Fruit & Nut Bars,5/4/2021,7119,297
Curtice Advani,USA,Raspberry Choco,5/4/2021,1764,161
Oby Sorrel,UK,Manuka Honey Choco,5/4/2021,9891,910
Dennison Crosswaite,India,Choco Coated Almonds,5/4/2021,3486,146
Curtice Advani,Canada,Drinking Coco,5/4/2021,1939,122
Ches Bonnell,New Zealand,Peanut Butter Cubes,5/4/2021,2604,109
Dennison Crosswaite,India,Organic Choco Syrup,5/4/2021,7595,770
Dennison Crosswaite,New Zealand,Choco Coated Almonds,5/4/2021,147,7
Brien Boise,India,Baker's Choco Chips,5/4/2021,1078,90
Husein Augar,India,After Nines,5/4/2021,5264,658
Dotty Strutley,Canada,70% Dark Bites,5/4/2021,3038,234
Rafaelita Blaksland,USA,Drinking Coco,5/4/2021,672,42
Kaine Padly,India,Caramel Stuffed Bars,5/4/2021,2751,102
Marney O'Breen,USA,Mint Chip Choco,5/4/2021,224,12
Jan Morforth,Canada,Peanut Butter Cubes,5/4/2021,4291,187
Dennison Crosswaite,India,Orange Choco,5/4/2021,1134,95
Madelene Upcott,Australia,Caramel Stuffed Bars,5/4/2021,3822,147
Ches Bonnell,India,After Nines,5/4/2021,2933,419
Rafaelita Blaksland,Australia,70% Dark Bites,5/4/2021,1932,138
Oby Sorrel,India,Drinking Coco,5/4/2021,2009,126
Karlen McCaffrey,Australia,Raspberry Choco,5/4/2021,1141,115
Beverie Moffet,Canada,Mint Chip Choco,5/4/2021,1442,81
Kaine Padly,USA,Milk Bars,5/4/2021,7203,515
Ches Bonnell,UK,Smooth Sliky Salty,5/4/2021,13286,604
Andria Kimpton,Australia,Choco Coated Almonds,5/4/2021,13678,527
Kaine Padly,UK,Eclairs,5/4/2021,2723,273
Dotty Strutley,New Zealand,Smooth Sliky Salty,5/4/2021,14021,668
Wilone O'Kielt,India,Smooth Sliky Salty,5/4/2021,10486,477
Jan Morforth,Australia,Drinking Coco,5/4/2021,4676,293
Ches Bonnell,India,70% Dark Bites,5/4/2021,12047,840
Wilone O'Kielt,Australia,After Nines,5/4/2021,3864,644
Kaine Padly,UK,Raspberry Choco,5/4/2021,4424,443
Kelci Walkden,New Zealand,Eclairs,5/4/2021,2821,283
Dotty Strutley,Australia,Fruit & Nut Bars,5/4/2021,1050,42
Oby Sorrel,New Zealand,99% Dark & Pure,5/4/2021,3101,148
Andria Kimpton,Canada,Drinking Coco,5/4/2021,238,14
Gigi Bohling,UK,Milk Bars,5/4/2021,5362,413
Andria Kimpton,India,White Choc,5/4/2021,4522,283
Barr Faughny,Australia,99% Dark & Pure,5/5/2021,2506,120
Ches Bonnell,Canada,Raspberry Choco,5/5/2021,6923,577
Jan Morforth,Australia,Spicy Special Slims,5/5/2021,4109,514
Beverie Moffet,Australia,White Choc,5/5/2021,1043,70
Marney O'Breen,USA,50% Dark Bites,5/5/2021,3969,284
Ches Bonnell,UK,White Choc,5/5/2021,10115,700
Wilone O'Kielt,UK,Fruit & Nut Bars,5/5/2021,7364,295
Dotty Strutley,New Zealand,Spicy Special Slims,5/5/2021,875,125
Kaine Padly,UK,50% Dark Bites,5/5/2021,3619,227
Madelene Upcott,USA,Eclairs,5/5/2021,5054,562
Jan Morforth,New Zealand,Organic Choco Syrup,5/5/2021,7469,679
Ches Bonnell,UK,Fruit & Nut Bars,5/5/2021,11305,472
Jan Morforth,UK,85% Dark Bars,5/5/2021,6930,434
Rafaelita Blaksland,Australia,Baker's Choco Chips,5/5/2021,406,32
Ches Bonnell,USA,Milk Bars,5/5/2021,1918,128
Curtice Advani,India,Mint Chip Choco,5/5/2021,616,35
Andria Kimpton,Australia,Raspberry Choco,5/5/2021,1533,128
Wilone O'Kielt,New Zealand,99% Dark & Pure,5/5/2021,8876,423
Husein Augar,UK,Almond Choco,5/5/2021,3731,311
Andria Kimpton,Australia,85% Dark Bars,5/5/2021,10465,770
Marney O'Breen,New Zealand,Eclairs,5/6/2021,1659,185
Jan Morforth,India,Organic Choco Syrup,5/6/2021,616,56
Gunar Cockshoot,India,85% Dark Bars,5/6/2021,3325,208
Jan Morforth,New Zealand,50% Dark Bites,5/6/2021,2394,160
Barr Faughny,New Zealand,Manuka Honey Choco,5/6/2021,6916,532
Jan Morforth,USA,Choco Coated Almonds,5/6/2021,4158,167
Kaine Padly,UK,Manuka Honey Choco,5/6/2021,3199,267
Rafaelita Blaksland,India,50% Dark Bites,5/6/2021,2891,181
Kelci Walkden,India,Fruit & Nut Bars,5/6/2021,2072,83
Andria Kimpton,USA,Milk Bars,5/6/2021,525,35
Kelci Walkden,UK,Fruit & Nut Bars,5/7/2021,4900,196
Barr Faughny,India,After Nines,5/7/2021,6321,1050
Jan Morforth,UK,Smooth Sliky Salty,5/7/2021,448,22
Beverie Moffet,Australia,Fruit & Nut Bars,5/7/2021,2415,105
Curtice Advani,India,Choco Coated Almonds,5/7/2021,7140,298
Ches Bonnell,India,Milk Bars,5/7/2021,7588,542
Marney O'Breen,UK,Peanut Butter Cubes,5/7/2021,3052,123
Karlen McCaffrey,India,Caramel Stuffed Bars,5/7/2021,3458,139
Oby Sorrel,India,Caramel Stuffed Bars,5/7/2021,5383,200
Oby Sorrel,New Zealand,Baker's Choco Chips,5/7/2021,5180,432
Karlen McCaffrey,USA,85% Dark Bars,5/7/2021,1008,63
Dennison Crosswaite,UK,Orange Choco,5/7/2021,4599,384
Karlen McCaffrey,UK,Organic Choco Syrup,5/7/2021,1337,122
Dennison Crosswaite,New Zealand,After Nines,5/7/2021,4074,582
Husein Augar,Australia,Raspberry Choco,5/7/2021,3017,252
Brien Boise,Australia,50% Dark Bites,5/7/2021,1050,70
Ches Bonnell,USA,Peanut Butter Cubes,5/7/2021,1547,65
Gigi Bohling,India,85% Dark Bars,5/7/2021,28,2
Dennison Crosswaite,India,Milk Bars,5/7/2021,4620,330
Ches Bonnell,New Zealand,Spicy Special Slims,5/7/2021,9639,1610
Jan Morforth,UK,Spicy Special Slims,5/7/2021,406,58
Marney O'Breen,India,Eclairs,5/7/2021,1974,247
Brien Boise,Australia,Caramel Stuffed Bars,5/7/2021,3059,114
Brien Boise,New Zealand,Mint Chip Choco,5/7/2021,1918,107
Marney O'Breen,New Zealand,Baker's Choco Chips,5/7/2021,2009,168
Marney O'Breen,New Zealand,Drinking Coco,5/7/2021,2583,144
Jan Morforth,Australia,Choco Coated Almonds,5/7/2021,4998,200
Marney O'Breen,Australia,Raspberry Choco,5/7/2021,1946,163
Husein Augar,UK,Milk Bars,5/7/2021,10745,700
Ches Bonnell,Canada,Choco Coated Almonds,5/7/2021,1932,78
Rafaelita Blaksland,India,Baker's Choco Chips,5/7/2021,371,29
Curtice Advani,UK,85% Dark Bars,5/7/2021,4564,286
Barr Faughny,USA,White Choc,5/7/2021,84,6
Husein Augar,Australia,Milk Bars,5/10/2021,2590,200
Madelene Upcott,Australia,White Choc,5/10/2021,1771,127
Marney O'Breen,New Zealand,Choco Coated Almonds,5/10/2021,5082,204
Barr Faughny,India,Spicy Special Slims,5/10/2021,1624,271
Wilone O'Kielt,Australia,Milk Bars,5/10/2021,630,45
Marney O'Breen,New Zealand,Smooth Sliky Salty,5/10/2021,5075,242
Barr Faughny,India,Eclairs,5/10/2021,105,14
Marney O'Breen,UK,White Choc,5/10/2021,3549,222
Kaine Padly,New Zealand,85% Dark Bars,5/10/2021,14,1
Kaine Padly,Canada,Eclairs,5/10/2021,4844,606
Andria Kimpton,Australia,Mint Chip Choco,5/10/2021,4032,213
Brien Boise,UK,Baker's Choco Chips,5/10/2021,1190,85
Dennison Crosswaite,Australia,Peanut Butter Cubes,5/10/2021,4046,176
Beverie Moffet,USA,Baker's Choco Chips,5/10/2021,11830,980
Wilone O'Kielt,USA,After Nines,5/10/2021,1015,145
Dotty Strutley,Australia,Mint Chip Choco,5/10/2021,294,15
Husein Augar,USA,Baker's Choco Chips,5/10/2021,42,3
Beverie Moffet,USA,Eclairs,5/10/2021,6657,770
Madelene Upcott,India,Almond Choco,5/10/2021,476,34
Wilone O'Kielt,India,After Nines,5/11/2021,6013,840
Husein Augar,India,Fruit & Nut Bars,5/11/2021,7007,281
Brien Boise,USA,99% Dark & Pure,5/11/2021,9471,451
Andria Kimpton,New Zealand,Organic Choco Syrup,5/11/2021,2961,329
Beverie Moffet,India,Peanut Butter Cubes,5/11/2021,1547,68
Dennison Crosswaite,UK,Mint Chip Choco,5/11/2021,7336,367
Curtice Advani,USA,Manuka Honey Choco,5/11/2021,469,37
Oby Sorrel,New Zealand,Peanut Butter Cubes,5/11/2021,8253,344
Karlen McCaffrey,New Zealand,Raspberry Choco,5/11/2021,3500,350
Madelene Upcott,New Zealand,Manuka Honey Choco,5/11/2021,4291,331
Wilone O'Kielt,Australia,50% Dark Bites,5/11/2021,1344,90
Brien Boise,USA,Organic Choco Syrup,5/11/2021,4662,424
Dennison Crosswaite,USA,Raspberry Choco,5/11/2021,266,27
Beverie Moffet,USA,Milk Bars,5/11/2021,3451,266
Kelci Walkden,New Zealand,50% Dark Bites,5/11/2021,2254,141
Beverie Moffet,USA,Almond Choco,5/11/2021,168,14
Madelene Upcott,USA,Organic Choco Syrup,5/11/2021,3969,441
Gigi Bohling,UK,50% Dark Bites,5/11/2021,6937,463
Husein Augar,India,85% Dark Bars,5/11/2021,1827,115
Dotty Strutley,Canada,Drinking Coco,5/11/2021,2135,126
Barr Faughny,India,Baker's Choco Chips,5/11/2021,5089,425
Husein Augar,USA,Orange Choco,5/11/2021,2345,214
Andria Kimpton,USA,Almond Choco,5/11/2021,84,7
Gunar Cockshoot,New Zealand,Choco Coated Almonds,5/12/2021,4543,175
Marney O'Breen,Canada,Peanut Butter Cubes,5/12/2021,3500,140
Rafaelita Blaksland,Australia,Raspberry Choco,5/12/2021,721,61
Curtice Advani,Australia,Smooth Sliky Salty,5/12/2021,5894,268
Barr Faughny,Canada,50% Dark Bites,5/12/2021,1029,69
Jan Morforth,UK,Organic Choco Syrup,5/12/2021,119,14
Rafaelita Blaksland,Canada,Fruit & Nut Bars,5/12/2021,4144,181
Ches Bonnell,New Zealand,Organic Choco Syrup,5/12/2021,4242,425
Gigi Bohling,India,Mint Chip Choco,5/13/2021,6433,322
Karlen McCaffrey,Canada,70% Dark Bites,5/13/2021,3745,289
Oby Sorrel,Australia,Milk Bars,5/13/2021,5096,392
Gunar Cockshoot,UK,Caramel Stuffed Bars,5/13/2021,3444,128
Ches Bonnell,India,Almond Choco,5/13/2021,1624,116
Jan Morforth,UK,Almond Choco,5/13/2021,4872,348
Dennison Crosswaite,Australia,Caramel Stuffed Bars,5/13/2021,14854,572
Madelene Upcott,Australia,Organic Choco Syrup,5/13/2021,4466,406
Dotty Strutley,USA,Spicy Special Slims,5/13/2021,7014,910
Wilone O'Kielt,Australia,70% Dark Bites,5/13/2021,8092,540
Dotty Strutley,New Zealand,Orange Choco,5/13/2021,784,72
Brien Boise,Australia,Spicy Special Slims,5/13/2021,1743,291
Barr Faughny,USA,Peanut Butter Cubes,5/13/2021,1071,47
Husein Augar,Canada,Organic Choco Syrup,5/13/2021,2786,279
Brien Boise,UK,Raspberry Choco,5/13/2021,833,84
Rafaelita Blaksland,USA,Caramel Stuffed Bars,5/13/2021,4648,179
Kaine Padly,USA,50% Dark Bites,5/13/2021,3710,248
Dotty Strutley,New Zealand,99% Dark & Pure,5/13/2021,6965,332
Marney O'Breen,India,After Nines,5/14/2021,6440,1050
Husein Augar,USA,Milk Bars,5/14/2021,1918,148
Dotty Strutley,India,Drinking Coco,5/14/2021,6811,401
Brien Boise,USA,Fruit & Nut Bars,5/14/2021,4704,189
Madelene Upcott,New Zealand,70% Dark Bites,5/14/2021,952,74
Jan Morforth,India,Choco Coated Almonds,5/14/2021,2653,107
Kelci Walkden,Canada,Spicy Special Slims,5/14/2021,8778,1260
Curtice Advani,New Zealand,Raspberry Choco,5/14/2021,483,49
Marney O'Breen,USA,Eclairs,5/14/2021,6608,770
Dennison Crosswaite,Canada,Milk Bars,5/14/2021,3178,212
Jan Morforth,New Zealand,Peanut Butter Cubes,5/17/2021,728,30
Husein Augar,Australia,Organic Choco Syrup,5/17/2021,6251,695
Wilone O'Kielt,UK,Smooth Sliky Salty,5/17/2021,5005,228
Curtice Advani,UK,Smooth Sliky Salty,5/17/2021,3388,148
Kaine Padly,India,Mint Chip Choco,5/17/2021,5887,328
Brien Boise,Australia,70% Dark Bites,5/17/2021,749,58
Wilone O'Kielt,India,50% Dark Bites,5/17/2021,4620,308
Gigi Bohling,Canada,Milk Bars,5/17/2021,7700,593
Kelci Walkden,Canada,Choco Coated Almonds,5/17/2021,2968,124
Ches Bonnell,Australia,70% Dark Bites,5/17/2021,2863,205
Gunar Cockshoot,UK,Organic Choco Syrup,5/17/2021,4900,446
Marney O'Breen,UK,Drinking Coco,5/17/2021,3976,249
Karlen McCaffrey,USA,99% Dark & Pure,5/17/2021,448,20
Kaine Padly,India,Peanut Butter Cubes,5/17/2021,84,4
Barr Faughny,USA,Baker's Choco Chips,5/17/2021,210,17
Andria Kimpton,UK,Manuka Honey Choco,5/17/2021,2961,247
Andria Kimpton,USA,After Nines,5/18/2021,2569,322
Jan Morforth,Canada,Manuka Honey Choco,5/18/2021,11130,980
Husein Augar,UK,Peanut Butter Cubes,5/18/2021,2926,122
Dotty Strutley,UK,Almond Choco,5/18/2021,8442,700
Curtice Advani,USA,Organic Choco Syrup,5/18/2021,5404,601
Gigi Bohling,UK,70% Dark Bites,5/18/2021,161,13
Husein Augar,USA,Choco Coated Almonds,5/18/2021,840,35
Gunar Cockshoot,Canada,Baker's Choco Chips,5/18/2021,4102,293
Karlen McCaffrey,India,White Choc,5/18/2021,819,59
Brien Boise,UK,70% Dark Bites,5/18/2021,1855,143
Gunar Cockshoot,New Zealand,Fruit & Nut Bars,5/18/2021,448,18
Jan Morforth,India,99% Dark & Pure,5/19/2021,4039,184
Jan Morforth,USA,Organic Choco Syrup,5/19/2021,455,46
Madelene Upcott,USA,Raspberry Choco,5/19/2021,6202,517
Oby Sorrel,India,After Nines,5/19/2021,3542,591
Barr Faughny,New Zealand,White Choc,5/19/2021,3395,213
Brien Boise,New Zealand,Raspberry Choco,5/19/2021,2562,214
Gigi Bohling,USA,Smooth Sliky Salty,5/19/2021,147,7
Dennison Crosswaite,Canada,Drinking Coco,5/19/2021,952,56
Marney O'Breen,India,Organic Choco Syrup,5/19/2021,3010,301
Gigi Bohling,New Zealand,Manuka Honey Choco,5/19/2021,2254,174
Brien Boise,UK,Caramel Stuffed Bars,5/19/2021,1841,71
Curtice Advani,Australia,After Nines,5/19/2021,1582,264
Rafaelita Blaksland,UK,85% Dark Bars,5/19/2021,1883,118
Dotty Strutley,UK,Baker's Choco Chips,5/19/2021,1477,106
Andria Kimpton,India,Peanut Butter Cubes,5/19/2021,3962,173
Beverie Moffet,USA,Organic Choco Syrup,5/19/2021,3661,407
Oby Sorrel,India,Organic Choco Syrup,5/19/2021,2457,246
Brien Boise,UK,99% Dark & Pure,5/19/2021,9401,428
Gigi Bohling,UK,Baker's Choco Chips,5/19/2021,2513,180
Andria Kimpton,Canada,Organic Choco Syrup,5/20/2021,427,48
Oby Sorrel,India,Milk Bars,5/20/2021,1155,83
Oby Sorrel,India,Eclairs,5/20/2021,1141,127
Oby Sorrel,India,85% Dark Bars,5/20/2021,882,63
Jan Morforth,New Zealand,85% Dark Bars,5/20/2021,693,44
Beverie Moffet,USA,Smooth Sliky Salty,5/20/2021,4851,211
Kelci Walkden,India,Eclairs,5/20/2021,4515,565
Andria Kimpton,India,Manuka Honey Choco,5/20/2021,3857,351
Beverie Moffet,UK,Orange Choco,5/20/2021,28,3
Jan Morforth,India,Orange Choco,5/20/2021,5621,469
Barr Faughny,Canada,Caramel Stuffed Bars,5/20/2021,1715,64
Gigi Bohling,New Zealand,Smooth Sliky Salty,5/20/2021,546,25
Oby Sorrel,Canada,Peanut Butter Cubes,5/20/2021,8239,330
Curtice Advani,Canada,85% Dark Bars,5/20/2021,8141,543
Kaine Padly,India,Milk Bars,5/20/2021,3157,211
Oby Sorrel,UK,Milk Bars,5/20/2021,462,36
Gunar Cockshoot,Canada,Manuka Honey Choco,5/20/2021,168,13
Gunar Cockshoot,New Zealand,After Nines,5/20/2021,3003,429
Husein Augar,Canada,Mint Chip Choco,5/20/2021,8099,450
Wilone O'Kielt,USA,Peanut Butter Cubes,5/20/2021,4690,196
Madelene Upcott,Canada,50% Dark Bites,5/20/2021,3899,244
Kelci Walkden,Canada,Organic Choco Syrup,5/21/2021,6678,608
Dennison Crosswaite,UK,Eclairs,5/21/2021,2590,324
Wilone O'Kielt,India,Baker's Choco Chips,5/21/2021,1897,146
Gunar Cockshoot,Australia,50% Dark Bites,5/21/2021,714,45
Wilone O'Kielt,New Zealand,85% Dark Bars,5/21/2021,42,3
Gigi Bohling,UK,Caramel Stuffed Bars,5/21/2021,4592,184
Rafaelita Blaksland,UK,Milk Bars,5/21/2021,7259,519
Kelci Walkden,Canada,70% Dark Bites,5/21/2021,4396,339
Oby Sorrel,USA,Baker's Choco Chips,5/21/2021,2331,180
Brien Boise,UK,Choco Coated Almonds,5/21/2021,686,29
Barr Faughny,India,Smooth Sliky Salty,5/21/2021,8092,368
Kelci Walkden,India,50% Dark Bites,5/21/2021,4998,357
Husein Augar,Canada,Drinking Coco,5/21/2021,882,56
Marney O'Breen,New Zealand,Almond Choco,5/21/2021,8057,672
Curtice Advani,New Zealand,Choco Coated Almonds,5/21/2021,6972,279
Karlen McCaffrey,USA,Manuka Honey Choco,5/21/2021,2023,156
Marney O'Breen,India,85% Dark Bars,5/21/2021,8834,553
Beverie Moffet,New Zealand,50% Dark Bites,5/21/2021,3962,265
Dotty Strutley,USA,Fruit & Nut Bars,5/21/2021,3717,155
Kelci Walkden,New Zealand,Fruit & Nut Bars,5/24/2021,5005,209
Madelene Upcott,Australia,70% Dark Bites,5/24/2021,1029,80
Gigi Bohling,New Zealand,Orange Choco,5/24/2021,10150,840
Beverie Moffet,Canada,White Choc,5/24/2021,1260,84
Rafaelita Blaksland,India,Drinking Coco,5/24/2021,2254,141
Kaine Padly,New Zealand,Caramel Stuffed Bars,5/25/2021,5467,211
Rafaelita Blaksland,Australia,Milk Bars,5/25/2021,3682,246
Kelci Walkden,USA,50% Dark Bites,5/25/2021,7350,490
Curtice Advani,Australia,Eclairs,5/25/2021,1806,201
Dotty Strutley,Australia,Caramel Stuffed Bars,5/25/2021,1743,68
Dennison Crosswaite,New Zealand,Manuka Honey Choco,5/25/2021,3213,268
Beverie Moffet,India,Caramel Stuffed Bars,5/25/2021,6937,267
Marney O'Breen,New Zealand,99% Dark & Pure,5/25/2021,357,16
Gigi Bohling,New Zealand,Eclairs,5/25/2021,4956,496
Dennison Crosswaite,New Zealand,White Choc,5/25/2021,1085,68
Dotty Strutley,New Zealand,White Choc,5/25/2021,2093,150
Oby Sorrel,New Zealand,Smooth Sliky Salty,5/25/2021,1029,47
Karlen McCaffrey,India,Raspberry Choco,5/25/2021,9016,840
Barr Faughny,Australia,Organic Choco Syrup,5/25/2021,1526,170
Oby Sorrel,New Zealand,White Choc,5/25/2021,10521,700
Dotty Strutley,USA,Organic Choco Syrup,5/25/2021,8435,770
Oby Sorrel,New Zealand,70% Dark Bites,5/25/2021,8715,581
Wilone O'Kielt,Canada,Organic Choco Syrup,5/25/2021,8428,770
Andria Kimpton,UK,85% Dark Bars,5/25/2021,4977,356
Karlen McCaffrey,Australia,Orange Choco,5/25/2021,4179,380
Barr Faughny,Australia,After Nines,5/25/2021,5131,700
Jan Morforth,USA,99% Dark & Pure,5/26/2021,2310,105
Beverie Moffet,UK,Milk Bars,5/26/2021,1162,83
Oby Sorrel,New Zealand,Almond Choco,5/26/2021,3367,281
Wilone O'Kielt,UK,After Nines,5/26/2021,9114,1330
Kaine Padly,New Zealand,Smooth Sliky Salty,5/26/2021,7189,313
Husein Augar,New Zealand,White Choc,5/26/2021,3353,240
Barr Faughny,USA,Raspberry Choco,5/26/2021,5488,499
Rafaelita Blaksland,New Zealand,Almond Choco,5/26/2021,735,53
Karlen McCaffrey,India,Fruit & Nut Bars,5/26/2021,3507,141
Rafaelita Blaksland,Australia,85% Dark Bars,5/26/2021,6524,435
Gigi Bohling,Australia,50% Dark Bites,5/26/2021,3892,244
Oby Sorrel,UK,Organic Choco Syrup,5/26/2021,4445,494
Ches Bonnell,New Zealand,99% Dark & Pure,5/26/2021,2653,127
Curtice Advani,Australia,Raspberry Choco,5/26/2021,1036,104
Rafaelita Blaksland,New Zealand,Caramel Stuffed Bars,5/26/2021,12712,471
Barr Faughny,Australia,70% Dark Bites,5/26/2021,3808,254
Dennison Crosswaite,India,85% Dark Bars,5/26/2021,2051,137
Beverie Moffet,USA,Fruit & Nut Bars,5/26/2021,1946,82
Dennison Crosswaite,India,Drinking Coco,5/26/2021,4403,245
Dennison Crosswaite,New Zealand,Almond Choco,5/26/2021,56,4
Beverie Moffet,USA,Manuka Honey Choco,5/26/2021,2534,195
Wilone O'Kielt,New Zealand,Manuka Honey Choco,5/26/2021,1596,123
Husein Augar,India,99% Dark & Pure,5/27/2021,2079,95
Dennison Crosswaite,Canada,Orange Choco,5/27/2021,6727,561
Dennison Crosswaite,New Zealand,Milk Bars,5/27/2021,756,59
Barr Faughny,UK,Caramel Stuffed Bars,5/27/2021,742,29
Rafaelita Blaksland,Canada,Orange Choco,5/27/2021,2947,268
Rafaelita Blaksland,India,Spicy Special Slims,5/27/2021,182,31
Kaine Padly,New Zealand,Milk Bars,5/27/2021,4683,361
Beverie Moffet,UK,50% Dark Bites,5/27/2021,1666,105
Kelci Walkden,New Zealand,Choco Coated Almonds,5/27/2021,8484,327
Marney O'Breen,New Zealand,White Choc,5/27/2021,644,41
Gigi Bohling,Australia,After Nines,5/27/2021,2709,387
Andria Kimpton,Australia,99% Dark & Pure,5/27/2021,4389,200
Oby Sorrel,Canada,Drinking Coco,5/27/2021,2198,130
Kelci Walkden,Canada,Peanut Butter Cubes,5/27/2021,287,13
Husein Augar,Australia,Peanut Butter Cubes,5/28/2021,1197,48
Husein Augar,Canada,After Nines,5/28/2021,4732,676
Karlen McCaffrey,Canada,50% Dark Bites,5/28/2021,175,11
Jan Morforth,UK,Milk Bars,5/28/2021,910,65
Kaine Padly,Canada,Caramel Stuffed Bars,5/28/2021,1526,59
Kaine Padly,Australia,Caramel Stuffed Bars,5/28/2021,1113,45
Dotty Strutley,USA,Mint Chip Choco,5/28/2021,1925,102
Husein Augar,New Zealand,Spicy Special Slims,5/28/2021,6503,1050
Rafaelita Blaksland,UK,Caramel Stuffed Bars,5/28/2021,6013,232
Dennison Crosswaite,India,Almond Choco,5/28/2021,1974,141
Ches Bonnell,New Zealand,Almond Choco,5/28/2021,7840,604
Karlen McCaffrey,India,Smooth Sliky Salty,5/28/2021,3248,142
Gunar Cockshoot,USA,Mint Chip Choco,5/28/2021,3430,181
Kelci Walkden,India,70% Dark Bites,5/28/2021,1638,110
Gunar Cockshoot,Australia,Spicy Special Slims,5/31/2021,4284,536
Curtice Advani,India,Smooth Sliky Salty,5/31/2021,2898,126
Oby Sorrel,Australia,Orange Choco,5/31/2021,987,76
Rafaelita Blaksland,New Zealand,Manuka Honey Choco,5/31/2021,2149,180
Ches Bonnell,Australia,Raspberry Choco,6/1/2021,4648,203
Kelci Walkden,New Zealand,Organic Choco Syrup,6/1/2021,1575,79
Kelci Walkden,UK,Milk Bars,6/1/2021,11004,424
Husein Augar,UK,Smooth Sliky Salty,6/1/2021,5964,249
Ches Bonnell,Canada,Manuka Honey Choco,6/1/2021,742,31
Rafaelita Blaksland,UK,Organic Choco Syrup,6/1/2021,3437,150
Madelene Upcott,UK,Organic Choco Syrup,6/1/2021,1981,95
Beverie Moffet,USA,Organic Choco Syrup,6/1/2021,3920,171
Kaine Padly,New Zealand,Orange Choco,6/1/2021,3430,128
Wilone O'Kielt,India,White Choc,6/1/2021,1834,131
Marney O'Breen,Australia,Smooth Sliky Salty,6/1/2021,5159,192
Dotty Strutley,USA,Drinking Coco,6/1/2021,3675,168
Dennison Crosswaite,India,Caramel Stuffed Bars,6/1/2021,2688,168
Karlen McCaffrey,New Zealand,70% Dark Bites,6/1/2021,7259,1050
Brien Boise,Canada,Mint Chip Choco,6/1/2021,8988,391
Karlen McCaffrey,India,Choco Coated Almonds,6/1/2021,301,15
Madelene Upcott,UK,Eclairs,6/2/2021,7049,700
Gunar Cockshoot,India,50% Dark Bites,6/2/2021,5187,179
Curtice Advani,UK,Orange Choco,6/2/2021,6160,247
Gunar Cockshoot,Canada,85% Dark Bars,6/2/2021,1561,63
Brien Boise,India,After Nines,6/2/2021,2338,107
Kaine Padly,UK,Eclairs,6/2/2021,3955,305
Gunar Cockshoot,New Zealand,Baker's Choco Chips,6/2/2021,4879,444
Barr Faughny,India,White Choc,6/2/2021,6538,467
Oby Sorrel,Australia,Eclairs,6/2/2021,6496,591
Gigi Bohling,New Zealand,Smooth Sliky Salty,6/2/2021,13818,512
Marney O'Breen,India,99% Dark & Pure,6/2/2021,2583,144
Dennison Crosswaite,Canada,Eclairs,6/3/2021,2037,204
Oby Sorrel,Australia,99% Dark & Pure,6/3/2021,5292,265
Kaine Padly,India,Baker's Choco Chips,6/3/2021,10409,980
Brien Boise,USA,Manuka Honey Choco,6/3/2021,2555,107
Brien Boise,Canada,Peanut Butter Cubes,6/3/2021,938,118
Curtice Advani,USA,Baker's Choco Chips,6/3/2021,8456,700
Jan Morforth,USA,Choco Coated Almonds,6/3/2021,2149,94
Jan Morforth,Canada,Manuka Honey Choco,6/3/2021,1120,44
Beverie Moffet,UK,Choco Coated Almonds,6/3/2021,497,25
Curtice Advani,UK,Eclairs,6/3/2021,3612,301
Oby Sorrel,Australia,Fruit & Nut Bars,6/3/2021,462,31
Ches Bonnell,Canada,50% Dark Bites,6/3/2021,2758,107
Dotty Strutley,New Zealand,Baker's Choco Chips,6/3/2021,8274,690
Madelene Upcott,India,Raspberry Choco,6/3/2021,371,17
Gunar Cockshoot,USA,Caramel Stuffed Bars,6/3/2021,1988,166
Barr Faughny,New Zealand,Caramel Stuffed Bars,6/3/2021,3962,248
Beverie Moffet,New Zealand,Mint Chip Choco,6/3/2021,917,37
Wilone O'Kielt,Australia,85% Dark Bars,6/3/2021,3367,135
Curtice Advani,UK,White Choc,6/3/2021,7364,434
Kaine Padly,Canada,Almond Choco,6/4/2021,1652,83
Beverie Moffet,Canada,Choco Coated Almonds,6/4/2021,4606,201
Gigi Bohling,Australia,Choco Coated Almonds,6/4/2021,1064,45
Karlen McCaffrey,USA,Raspberry Choco,6/4/2021,2415,97
Karlen McCaffrey,UK,Fruit & Nut Bars,6/4/2021,833,56
Madelene Upcott,Canada,Spicy Special Slims,6/4/2021,3563,396
Beverie Moffet,UK,99% Dark & Pure,6/4/2021,1148,55
Ches Bonnell,Canada,After Nines,6/4/2021,5019,219
Gunar Cockshoot,New Zealand,Caramel Stuffed Bars,6/4/2021,3206,229
Jan Morforth,New Zealand,Spicy Special Slims,6/4/2021,2009,224
Barr Faughny,New Zealand,Almond Choco,6/4/2021,3500,195
Gunar Cockshoot,Australia,Baker's Choco Chips,6/4/2021,6482,590
Ches Bonnell,USA,Mint Chip Choco,6/4/2021,7630,332
Rafaelita Blaksland,UK,Raspberry Choco,6/4/2021,5369,207
Wilone O'Kielt,Australia,Drinking Coco,6/4/2021,9023,376
Beverie Moffet,UK,Raspberry Choco,6/4/2021,1169,44
Husein Augar,New Zealand,85% Dark Bars,6/4/2021,3486,125
Beverie Moffet,New Zealand,Raspberry Choco,6/4/2021,9744,424
Beverie Moffet,India,Fruit & Nut Bars,6/4/2021,3129,185
Karlen McCaffrey,UK,85% Dark Bars,6/4/2021,7049,282
Madelene Upcott,UK,Milk Bars,6/4/2021,1498,63
Gunar Cockshoot,UK,Peanut Butter Cubes,6/7/2021,1071,90
Marney O'Breen,Canada,Baker's Choco Chips,6/7/2021,3458,289
Rafaelita Blaksland,USA,Manuka Honey Choco,6/7/2021,2261,91
Gunar Cockshoot,India,Milk Bars,6/7/2021,8456,368
Jan Morforth,Canada,Raspberry Choco,6/7/2021,3283,127
Beverie Moffet,USA,Mint Chip Choco,6/7/2021,6307,263
Ches Bonnell,USA,Peanut Butter Cubes,6/7/2021,2877,288
Wilone O'Kielt,USA,Smooth Sliky Salty,6/7/2021,7602,331
Oby Sorrel,Canada,99% Dark & Pure,6/7/2021,5460,304
Beverie Moffet,Canada,Peanut Butter Cubes,6/7/2021,364,41
Gunar Cockshoot,Canada,70% Dark Bites,6/7/2021,7917,770
Husein Augar,Australia,Choco Coated Almonds,6/7/2021,7063,322
Kelci Walkden,New Zealand,After Nines,6/7/2021,6580,275
Beverie Moffet,USA,Almond Choco,6/7/2021,4228,212
Barr Faughny,Australia,Mint Chip Choco,6/7/2021,1708,69
Rafaelita Blaksland,USA,Choco Coated Almonds,6/7/2021,2737,115
Marney O'Breen,New Zealand,Choco Coated Almonds,6/7/2021,2863,137
Gunar Cockshoot,UK,Organic Choco Syrup,6/7/2021,9506,453
Marney O'Breen,Canada,Caramel Stuffed Bars,6/7/2021,5789,414
Dennison Crosswaite,India,Drinking Coco,6/7/2021,1057,43
Ches Bonnell,Canada,Peanut Butter Cubes,6/7/2021,462,39
Karlen McCaffrey,UK,Raspberry Choco,6/7/2021,3857,168
Marney O'Breen,UK,White Choc,6/7/2021,4186,280
Madelene Upcott,USA,Peanut Butter Cubes,6/8/2021,1813,202
Wilone O'Kielt,USA,Organic Choco Syrup,6/8/2021,8897,387
Kaine Padly,Canada,Milk Bars,6/8/2021,5026,210
Wilone O'Kielt,India,Organic Choco Syrup,6/8/2021,5453,248
Wilone O'Kielt,India,85% Dark Bars,6/8/2021,4851,180
Gigi Bohling,Canada,Raspberry Choco,6/8/2021,2205,89
Rafaelita Blaksland,USA,Mint Chip Choco,6/8/2021,3892,177
Jan Morforth,India,Eclairs,6/8/2021,1925,149
Jan Morforth,New Zealand,Peanut Butter Cubes,6/8/2021,9240,910
Wilone O'Kielt,UK,Orange Choco,6/8/2021,10115,405
Oby Sorrel,Australia,Baker's Choco Chips,6/8/2021,4802,321
Oby Sorrel,UK,Spicy Special Slims,6/8/2021,6860,770
Karlen McCaffrey,New Zealand,85% Dark Bars,6/8/2021,777,30
Jan Morforth,Australia,Spicy Special Slims,6/8/2021,6314,700
Jan Morforth,USA,50% Dark Bites,6/8/2021,6769,271
Wilone O'Kielt,New Zealand,50% Dark Bites,6/9/2021,2793,112
Madelene Upcott,Canada,Orange Choco,6/9/2021,5915,237
Wilone O'Kielt,USA,99% Dark & Pure,6/9/2021,4221,212
Barr Faughny,Canada,50% Dark Bites,6/9/2021,3535,136
Gunar Cockshoot,New Zealand,Eclairs,6/9/2021,3094,282
Dotty Strutley,India,Baker's Choco Chips,6/9/2021,5950,397
Marney O'Breen,India,Fruit & Nut Bars,6/9/2021,2394,126
Brien Boise,Canada,After Nines,6/9/2021,3780,165
Beverie Moffet,Australia,Drinking Coco,6/9/2021,301,13
Beverie Moffet,New Zealand,White Choc,6/9/2021,1533,91
Jan Morforth,Australia,Orange Choco,6/9/2021,28,1
Dotty Strutley,Australia,70% Dark Bites,6/9/2021,9436,1050
Kelci Walkden,USA,Mint Chip Choco,6/9/2021,2268,99
Brien Boise,USA,Caramel Stuffed Bars,6/9/2021,7574,583
Madelene Upcott,New Zealand,Raspberry Choco,6/9/2021,1470,59
Ches Bonnell,Australia,Organic Choco Syrup,6/9/2021,4704,205
Husein Augar,Canada,Baker's Choco Chips,6/9/2021,5481,457
Ches Bonnell,Australia,White Choc,6/9/2021,5593,431
Curtice Advani,Australia,99% Dark & Pure,6/10/2021,1449,73
Rafaelita Blaksland,USA,Almond Choco,6/10/2021,11788,621
Husein Augar,New Zealand,Orange Choco,6/10/2021,5348,206
Beverie Moffet,Canada,Drinking Coco,6/10/2021,13622,545
Barr Faughny,UK,Spicy Special Slims,6/10/2021,1897,146
Curtice Advani,Australia,White Choc,6/10/2021,4326,333
Dennison Crosswaite,UK,Spicy Special Slims,6/10/2021,4312,432
Andria Kimpton,New Zealand,Choco Coated Almonds,6/10/2021,2835,119
Gigi Bohling,UK,White Choc,6/10/2021,3563,238
Madelene Upcott,Australia,Choco Coated Almonds,6/11/2021,2842,130
Kelci Walkden,UK,Manuka Honey Choco,6/11/2021,3255,126
Ches Bonnell,Australia,Orange Choco,6/11/2021,6482,241
Andria Kimpton,UK,Almond Choco,6/11/2021,6160,343
Brien Boise,India,Peanut Butter Cubes,6/11/2021,4263,356
Dennison Crosswaite,India,Manuka Honey Choco,6/11/2021,3472,134
Curtice Advani,New Zealand,Fruit & Nut Bars,6/11/2021,3192,188
Oby Sorrel,USA,85% Dark Bars,6/11/2021,5810,243
Dennison Crosswaite,Canada,Choco Coated Almonds,6/11/2021,728,34
Husein Augar,UK,Fruit & Nut Bars,6/11/2021,1904,119
Gunar Cockshoot,UK,Orange Choco,6/11/2021,427,16
Madelene Upcott,Canada,Eclairs,6/11/2021,4459,406
Madelene Upcott,New Zealand,Mint Chip Choco,6/11/2021,7413,297
Karlen McCaffrey,India,70% Dark Bites,6/11/2021,1652,236
Wilone O'Kielt,New Zealand,Choco Coated Almonds,6/11/2021,6874,328
Madelene Upcott,USA,Eclairs,6/11/2021,3822,319
Madelene Upcott,India,Almond Choco,6/11/2021,1519,85
Rafaelita Blaksland,Canada,Manuka Honey Choco,6/11/2021,7329,282
Wilone O'Kielt,UK,Choco Coated Almonds,6/14/2021,8379,381
Ches Bonnell,India,Fruit & Nut Bars,6/14/2021,5040,315
Ches Bonnell,UK,Orange Choco,6/14/2021,154,6
Beverie Moffet,India,99% Dark & Pure,6/14/2021,5824,324
Rafaelita Blaksland,UK,After Nines,6/14/2021,7532,343
Dotty Strutley,New Zealand,Fruit & Nut Bars,6/14/2021,1442,97
Dotty Strutley,Australia,Organic Choco Syrup,6/14/2021,6356,318
Brien Boise,New Zealand,Choco Coated Almonds,6/14/2021,1365,69
Wilone O'Kielt,Australia,White Choc,6/14/2021,427,33
Marney O'Breen,UK,Smooth Sliky Salty,6/14/2021,15981,695
Rafaelita Blaksland,Canada,Almond Choco,6/14/2021,7238,381
Dotty Strutley,UK,Manuka Honey Choco,6/14/2021,2919,109
Karlen McCaffrey,India,Spicy Special Slims,6/14/2021,2891,241
Madelene Upcott,New Zealand,Choco Coated Almonds,6/14/2021,1253,63
Oby Sorrel,UK,Baker's Choco Chips,6/14/2021,3052,278
Husein Augar,USA,Fruit & Nut Bars,6/14/2021,6734,375
Husein Augar,UK,Raspberry Choco,6/14/2021,6076,234
Beverie Moffet,New Zealand,Baker's Choco Chips,6/14/2021,4613,308
Rafaelita Blaksland,UK,Manuka Honey Choco,6/14/2021,2177,91
Husein Augar,UK,70% Dark Bites,6/14/2021,13937,1540
Barr Faughny,Canada,Orange Choco,6/14/2021,889,33
Andria Kimpton,India,Peanut Butter Cubes,6/14/2021,2912,324
Kaine Padly,India,85% Dark Bars,6/14/2021,7098,263
Husein Augar,Canada,Raspberry Choco,6/14/2021,637,25
Husein Augar,Australia,99% Dark & Pure,6/14/2021,4529,252
Gigi Bohling,USA,99% Dark & Pure,6/14/2021,6370,354
Brien Boise,USA,70% Dark Bites,6/14/2021,5565,506
Beverie Moffet,Australia,After Nines,6/14/2021,4151,167
Marney O'Breen,New Zealand,Mint Chip Choco,6/14/2021,8596,410
Gunar Cockshoot,USA,After Nines,6/14/2021,5320,213
Curtice Advani,UK,Smooth Sliky Salty,6/14/2021,4571,170
Andria Kimpton,Australia,Eclairs,6/15/2021,8617,840
Madelene Upcott,UK,Drinking Coco,6/15/2021,3556,137
Dotty Strutley,New Zealand,Smooth Sliky Salty,6/15/2021,2401,93
Barr Faughny,UK,99% Dark & Pure,6/15/2021,672,34
Gigi Bohling,New Zealand,Peanut Butter Cubes,6/15/2021,2709,301
Rafaelita Blaksland,USA,Raspberry Choco,6/15/2021,9618,357
Rafaelita Blaksland,India,White Choc,6/15/2021,3367,241
Rafaelita Blaksland,USA,Peanut Butter Cubes,6/15/2021,4291,477
Barr Faughny,India,Smooth Sliky Salty,6/15/2021,5082,189
Brien Boise,New Zealand,Peanut Butter Cubes,6/15/2021,616,69
Oby Sorrel,India,Organic Choco Syrup,6/15/2021,623,32
Kelci Walkden,Canada,85% Dark Bars,6/15/2021,5425,227
Ches Bonnell,UK,Almond Choco,6/15/2021,1701,101
Brien Boise,Canada,Raspberry Choco,6/15/2021,693,29
Gunar Cockshoot,India,Smooth Sliky Salty,6/15/2021,3668,147
Rafaelita Blaksland,India,Drinking Coco,6/15/2021,3752,157
Curtice Advani,USA,Eclairs,6/15/2021,1722,173
Rafaelita Blaksland,USA,Orange Choco,6/15/2021,238,9
Husein Augar,Australia,Orange Choco,6/15/2021,3192,128
Dotty Strutley,India,After Nines,6/15/2021,1113,49
Gigi Bohling,Canada,85% Dark Bars,6/15/2021,63,3
Rafaelita Blaksland,Australia,85% Dark Bars,6/15/2021,5691,204
Beverie Moffet,Australia,Fruit & Nut Bars,6/15/2021,7427,391
Dennison Crosswaite,Canada,85% Dark Bars,6/15/2021,2142,77
Oby Sorrel,New Zealand,50% Dark Bites,6/15/2021,1162,41
Curtice Advani,New Zealand,Drinking Coco,6/15/2021,6349,289
Dotty Strutley,Australia,White Choc,6/16/2021,13391,910
Ches Bonnell,New Zealand,Milk Bars,6/16/2021,1372,55
Beverie Moffet,New Zealand,Milk Bars,6/16/2021,12068,525
Madelene Upcott,Australia,Organic Choco Syrup,6/16/2021,707,38
Andria Kimpton,UK,99% Dark & Pure,6/16/2021,2492,125
Dotty Strutley,India,White Choc,6/16/2021,1253,84
Kaine Padly,Canada,Organic Choco Syrup,6/16/2021,3528,154
Kelci Walkden,USA,After Nines,6/16/2021,3626,152
Karlen McCaffrey,Canada,After Nines,6/16/2021,287,12
Gunar Cockshoot,New Zealand,Milk Bars,6/16/2021,5684,237
Rafaelita Blaksland,USA,70% Dark Bites,6/16/2021,980,123
Wilone O'Kielt,New Zealand,Mint Chip Choco,6/17/2021,10640,484
Brien Boise,USA,Drinking Coco,6/17/2021,336,14
Rafaelita Blaksland,Australia,Orange Choco,6/17/2021,4445,178
Gigi Bohling,UK,Peanut Butter Cubes,6/17/2021,140,12
Gunar Cockshoot,Australia,Raspberry Choco,6/17/2021,11536,502
Barr Faughny,Canada,Peanut Butter Cubes,6/17/2021,4984,623
Brien Boise,UK,Fruit & Nut Bars,6/17/2021,329,22
Madelene Upcott,USA,Spicy Special Slims,6/17/2021,4886,489
Jan Morforth,UK,Eclairs,6/17/2021,8267,689
Kaine Padly,India,Mint Chip Choco,6/17/2021,2380,104
Jan Morforth,Australia,Choco Coated Almonds,6/17/2021,3675,160
Oby Sorrel,Canada,Peanut Butter Cubes,6/17/2021,273,35
Dotty Strutley,Australia,Milk Bars,6/17/2021,1932,88
Kaine Padly,USA,Mint Chip Choco,6/17/2021,4263,194
Rafaelita Blaksland,Australia,Smooth Sliky Salty,6/17/2021,98,4
Ches Bonnell,New Zealand,Orange Choco,6/17/2021,3227,130
Karlen McCaffrey,UK,Choco Coated Almonds,6/17/2021,1848,84
Brien Boise,India,70% Dark Bites,6/17/2021,4578,417
Gunar Cockshoot,New Zealand,Almond Choco,6/17/2021,11445,603
Gunar Cockshoot,New Zealand,White Choc,6/17/2021,7644,510
Dennison Crosswaite,Australia,Drinking Coco,6/17/2021,987,42
Wilone O'Kielt,New Zealand,Milk Bars,6/17/2021,5698,238
Ches Bonnell,USA,85% Dark Bars,6/17/2021,5453,228
Husein Augar,Canada,Mint Chip Choco,6/17/2021,2457,107
Gunar Cockshoot,UK,99% Dark & Pure,6/17/2021,6223,297
Kelci Walkden,Canada,White Choc,6/17/2021,7,1
Husein Augar,UK,Drinking Coco,6/17/2021,8036,335
Andria Kimpton,Canada,Manuka Honey Choco,6/18/2021,1127,41
Brien Boise,UK,Eclairs,6/18/2021,224,18
Dennison Crosswaite,New Zealand,Spicy Special Slims,6/18/2021,2037,204
Andria Kimpton,New Zealand,Orange Choco,6/18/2021,5950,206
Ches Bonnell,Australia,Spicy Special Slims,6/18/2021,4515,502
Husein Augar,USA,Baker's Choco Chips,6/18/2021,5614,401
Andria Kimpton,Canada,Drinking Coco,6/18/2021,4837,187
Barr Faughny,Australia,85% Dark Bars,6/21/2021,4914,182
Kelci Walkden,India,Spicy Special Slims,6/21/2021,5411,417
Dennison Crosswaite,India,After Nines,6/21/2021,294,13
Jan Morforth,New Zealand,50% Dark Bites,6/21/2021,91,4
Kaine Padly,USA,White Choc,6/21/2021,9527,561
Beverie Moffet,India,Orange Choco,6/21/2021,8722,324
Curtice Advani,Australia,After Nines,6/21/2021,1953,82
Rafaelita Blaksland,New Zealand,Orange Choco,6/21/2021,371,15
Kelci Walkden,USA,Fruit & Nut Bars,6/21/2021,1106,70
Kelci Walkden,UK,Eclairs,6/21/2021,2401,185
Rafaelita Blaksland,India,Raspberry Choco,6/21/2021,532,21
Oby Sorrel,India,White Choc,6/21/2021,1722,108
Wilone O'Kielt,Canada,Smooth Sliky Salty,6/21/2021,14707,545
Husein Augar,USA,Caramel Stuffed Bars,6/21/2021,476,32
Rafaelita Blaksland,UK,Mint Chip Choco,6/21/2021,763,35
Gigi Bohling,USA,After Nines,6/21/2021,3325,145
Madelene Upcott,New Zealand,White Choc,6/21/2021,2898,182
Husein Augar,Canada,Peanut Butter Cubes,6/22/2021,1022,114
Brien Boise,USA,Mint Chip Choco,6/22/2021,4914,205
Rafaelita Blaksland,Australia,Organic Choco Syrup,6/22/2021,3682,161
Oby Sorrel,New Zealand,Baker's Choco Chips,6/22/2021,889,60
Andria Kimpton,UK,Drinking Coco,6/22/2021,2177,99
Marney O'Breen,Australia,Orange Choco,6/22/2021,2072,74
Kaine Padly,USA,85% Dark Bars,6/22/2021,42,2
Jan Morforth,UK,Orange Choco,6/22/2021,9233,342
Jan Morforth,India,Raspberry Choco,6/22/2021,357,14
Jan Morforth,USA,Mint Chip Choco,6/22/2021,9128,435
Beverie Moffet,Canada,Almond Choco,6/22/2021,3822,213
Madelene Upcott,New Zealand,Fruit & Nut Bars,6/22/2021,378,23
Kelci Walkden,UK,Orange Choco,6/22/2021,7903,317
Beverie Moffet,India,50% Dark Bites,6/22/2021,3759,151
Karlen McCaffrey,India,Raspberry Choco,6/22/2021,7532,279
Karlen McCaffrey,Canada,85% Dark Bars,6/22/2021,2905,117
Wilone O'Kielt,USA,Baker's Choco Chips,6/23/2021,2268,189
Jan Morforth,New Zealand,Eclairs,6/23/2021,3500,350
Barr Faughny,New Zealand,White Choc,6/23/2021,2814,188
Wilone O'Kielt,UK,Eclairs,6/23/2021,3801,317
Ches Bonnell,Canada,Almond Choco,6/23/2021,5845,279
Jan Morforth,Canada,Mint Chip Choco,6/24/2021,4046,169
Kaine Padly,USA,Organic Choco Syrup,6/24/2021,980,47
Ches Bonnell,New Zealand,Smooth Sliky Salty,6/24/2021,504,20
Marney O'Breen,USA,Smooth Sliky Salty,6/24/2021,2443,107
Jan Morforth,New Zealand,Smooth Sliky Salty,6/24/2021,9968,370
Kaine Padly,India,Almond Choco,6/25/2021,5621,296
Beverie Moffet,Australia,50% Dark Bites,6/25/2021,2191,79
Gigi Bohling,USA,50% Dark Bites,6/28/2021,4753,164
Beverie Moffet,New Zealand,85% Dark Bars,6/28/2021,2478,100
Gigi Bohling,New Zealand,50% Dark Bites,6/28/2021,0,0
Ches Bonnell,India,Manuka Honey Choco,6/28/2021,154,7
Oby Sorrel,USA,White Choc,6/28/2021,1197,86
Gigi Bohling,Australia,Peanut Butter Cubes,6/28/2021,1813,152
Oby Sorrel,New Zealand,99% Dark & Pure,6/28/2021,630,38
Beverie Moffet,USA,Eclairs,6/28/2021,6027,548
Oby Sorrel,India,Spicy Special Slims,6/28/2021,11809,1050
Curtice Advani,USA,Milk Bars,6/28/2021,420,17
Husein Augar,New Zealand,Drinking Coco,6/28/2021,1309,53
Gigi Bohling,UK,Organic Choco Syrup,6/28/2021,2520,110
Brien Boise,Australia,85% Dark Bars,6/28/2021,3122,131
Andria Kimpton,USA,Drinking Coco,6/28/2021,2380,104
Beverie Moffet,Australia,Mint Chip Choco,6/28/2021,3668,167
Karlen McCaffrey,Australia,Caramel Stuffed Bars,6/28/2021,2247,150
Husein Augar,USA,Organic Choco Syrup,6/28/2021,7987,364
Rafaelita Blaksland,India,Milk Bars,6/29/2021,1736,73
Gigi Bohling,India,Mint Chip Choco,6/29/2021,5425,217
Madelene Upcott,USA,Raspberry Choco,6/29/2021,6111,255
Wilone O'Kielt,Canada,Baker's Choco Chips,6/29/2021,168,16
Kelci Walkden,UK,Raspberry Choco,6/29/2021,1925,75
Madelene Upcott,UK,Baker's Choco Chips,6/29/2021,4102,293
Gunar Cockshoot,Australia,After Nines,6/29/2021,3598,157
Dotty Strutley,India,Orange Choco,6/29/2021,2667,103
Oby Sorrel,USA,Almond Choco,6/29/2021,1407,75
Barr Faughny,New Zealand,50% Dark Bites,6/29/2021,2730,98
Dotty Strutley,UK,Choco Coated Almonds,6/29/2021,1785,82
Gigi Bohling,Australia,Milk Bars,6/29/2021,5817,253
Dotty Strutley,USA,Almond Choco,6/29/2021,196,11
Wilone O'Kielt,Australia,Mint Chip Choco,6/29/2021,1491,60
Brien Boise,UK,Spicy Special Slims,6/29/2021,1162,97
Brien Boise,Australia,Smooth Sliky Salty,6/29/2021,1295,52
Kelci Walkden,Canada,Eclairs,6/29/2021,7553,630
Andria Kimpton,UK,Spicy Special Slims,6/29/2021,1106,93
Beverie Moffet,USA,50% Dark Bites,6/30/2021,427,18
Oby Sorrel,Australia,Almond Choco,6/30/2021,84,4
Andria Kimpton,New Zealand,Baker's Choco Chips,7/1/2021,4060,508
Beverie Moffet,New Zealand,Almond Choco,7/1/2021,2961,124
Beverie Moffet,New Zealand,Eclairs,7/1/2021,1939,162
Karlen McCaffrey,Canada,Choco Coated Almonds,7/1/2021,4739,198
Brien Boise,India,Milk Bars,7/1/2021,1050,59
Madelene Upcott,USA,Choco Coated Almonds,7/1/2021,1540,70
Karlen McCaffrey,New Zealand,Drinking Coco,7/1/2021,3409,137
Karlen McCaffrey,New Zealand,50% Dark Bites,7/1/2021,420,20
Jan Morforth,Canada,Eclairs,7/1/2021,5523,461
Wilone O'Kielt,Australia,After Nines,7/1/2021,3969,209
Husein Augar,Canada,99% Dark & Pure,7/1/2021,952,60
Dotty Strutley,USA,50% Dark Bites,7/1/2021,1645,75
Jan Morforth,USA,After Nines,7/1/2021,2674,149
Ches Bonnell,USA,85% Dark Bars,7/1/2021,504,24
Gunar Cockshoot,UK,Orange Choco,7/1/2021,1484,212
Rafaelita Blaksland,Canada,Choco Coated Almonds,7/1/2021,3185,128
Gunar Cockshoot,Australia,99% Dark & Pure,7/1/2021,1008,63
Jan Morforth,Canada,Milk Bars,7/1/2021,8134,429
Curtice Advani,New Zealand,Manuka Honey Choco,7/1/2021,924,66
Dotty Strutley,UK,Fruit & Nut Bars,7/1/2021,3353,258
Andria Kimpton,India,85% Dark Bars,7/1/2021,3318,158
Beverie Moffet,New Zealand,Choco Coated Almonds,7/1/2021,3094,135
Gigi Bohling,Australia,Manuka Honey Choco,7/1/2021,511,37
Brien Boise,Canada,85% Dark Bars,7/1/2021,2240,107
Kelci Walkden,Australia,Orange Choco,7/1/2021,8155,1610
Kaine Padly,New Zealand,Organic Choco Syrup,7/1/2021,1239,50
Ches Bonnell,Australia,Fruit & Nut Bars,7/1/2021,2849,220
Oby Sorrel,Australia,Baker's Choco Chips,7/1/2021,4515,452
Kelci Walkden,Australia,Milk Bars,7/1/2021,3129,174
Dotty Strutley,UK,50% Dark Bites,7/1/2021,2100,96
Curtice Advani,USA,After Nines,7/1/2021,420,23
Kaine Padly,UK,70% Dark Bites,7/1/2021,2667,178
Rafaelita Blaksland,India,Choco Coated Almonds,7/1/2021,2086,95
Kaine Padly,UK,Manuka Honey Choco,7/1/2021,2744,162
Husein Augar,New Zealand,Drinking Coco,7/1/2021,3283,137
Andria Kimpton,New Zealand,Choco Coated Almonds,7/1/2021,1365,60
Barr Faughny,India,Choco Coated Almonds,7/1/2021,2919,133
Kaine Padly,Canada,Spicy Special Slims,7/1/2021,6601,441
Curtice Advani,UK,99% Dark & Pure,7/1/2021,3472,232
Oby Sorrel,India,50% Dark Bites,7/1/2021,5187,236
Rafaelita Blaksland,New Zealand,Smooth Sliky Salty,7/1/2021,7805,840
Husein Augar,India,85% Dark Bars,7/1/2021,10199,486
Ches Bonnell,New Zealand,70% Dark Bites,7/1/2021,12012,770
Kaine Padly,Australia,Fruit & Nut Bars,7/1/2021,6776,424
Dotty Strutley,Australia,Mint Chip Choco,7/2/2021,5712,840
Marney O'Breen,UK,Raspberry Choco,7/2/2021,2821,149
Gigi Bohling,Australia,Milk Bars,7/2/2021,11753,692
Karlen McCaffrey,India,Almond Choco,7/2/2021,819,35
Curtice Advani,India,White Choc,7/2/2021,3654,203
Barr Faughny,New Zealand,Spicy Special Slims,7/2/2021,5705,408
Kelci Walkden,India,Milk Bars,7/2/2021,3017,178
Kaine Padly,New Zealand,Mint Chip Choco,7/2/2021,5733,840
Jan Morforth,USA,Almond Choco,7/2/2021,7168,276
Gigi Bohling,India,Choco Coated Almonds,7/2/2021,2072,87
Barr Faughny,USA,Eclairs,7/2/2021,2191,244
Kaine Padly,Australia,White Choc,7/2/2021,3465,174
Ches Bonnell,Australia,Manuka Honey Choco,7/2/2021,3395,200
Karlen McCaffrey,Australia,Smooth Sliky Salty,7/2/2021,3332,417
Madelene Upcott,UK,Peanut Butter Cubes,7/2/2021,4634,309
Wilone O'Kielt,USA,Almond Choco,7/2/2021,4193,175
Wilone O'Kielt,UK,Peanut Butter Cubes,7/2/2021,1890,146
Marney O'Breen,New Zealand,Smooth Sliky Salty,7/2/2021,12299,1400
Madelene Upcott,USA,50% Dark Bites,7/2/2021,1869,85
Marney O'Breen,Canada,Drinking Coco,7/2/2021,3052,128
Jan Morforth,Australia,70% Dark Bites,7/2/2021,3451,216
Barr Faughny,UK,50% Dark Bites,7/2/2021,5572,266
Oby Sorrel,Australia,Manuka Honey Choco,7/2/2021,1309,82
Karlen McCaffrey,UK,Caramel Stuffed Bars,7/2/2021,4963,199
Husein Augar,USA,Raspberry Choco,7/2/2021,6167,343
Marney O'Breen,USA,Orange Choco,7/2/2021,16359,2030
Wilone O'Kielt,UK,85% Dark Bars,7/2/2021,175,9
Jan Morforth,UK,Almond Choco,7/2/2021,6650,278
Jan Morforth,Australia,Eclairs,7/5/2021,707,71
Marney O'Breen,USA,Organic Choco Syrup,7/5/2021,2282,96
Barr Faughny,Canada,99% Dark & Pure,7/5/2021,3745,235
Gigi Bohling,Australia,Spicy Special Slims,7/5/2021,5502,424
Andria Kimpton,UK,Manuka Honey Choco,7/5/2021,1813,130
Gigi Bohling,USA,99% Dark & Pure,7/5/2021,910,54
Barr Faughny,New Zealand,Drinking Coco,7/5/2021,7350,294
Gigi Bohling,UK,Mint Chip Choco,7/5/2021,1911,192
Ches Bonnell,USA,Caramel Stuffed Bars,7/5/2021,4473,179
Barr Faughny,USA,Baker's Choco Chips,7/5/2021,5908,657
Oby Sorrel,UK,Fruit & Nut Bars,7/5/2021,3010,232
Madelene Upcott,New Zealand,Almond Choco,7/6/2021,1540,58
Curtice Advani,Australia,Raspberry Choco,7/6/2021,4543,253
Rafaelita Blaksland,Canada,Mint Chip Choco,7/6/2021,3934,394
Kelci Walkden,Canada,50% Dark Bites,7/6/2021,4823,220
Oby Sorrel,New Zealand,Peanut Butter Cubes,7/6/2021,4382,366
Wilone O'Kielt,USA,99% Dark & Pure,7/6/2021,6076,380
Husein Augar,India,After Nines,7/6/2021,5026,296
Madelene Upcott,UK,Orange Choco,7/6/2021,3640,607
Ches Bonnell,Australia,Choco Coated Almonds,7/6/2021,6706,305
Jan Morforth,Australia,Mint Chip Choco,7/6/2021,2366,296
Ches Bonnell,New Zealand,Eclairs,7/6/2021,1736,174
Andria Kimpton,India,Peanut Butter Cubes,7/6/2021,469,40
Brien Boise,USA,Eclairs,7/6/2021,2905,243
Dotty Strutley,UK,Almond Choco,7/6/2021,5257,211
Ches Bonnell,Canada,70% Dark Bites,7/6/2021,1806,139
Madelene Upcott,Canada,Mint Chip Choco,7/7/2021,3192,399
Karlen McCaffrey,USA,Spicy Special Slims,7/7/2021,8932,596
Brien Boise,India,Baker's Choco Chips,7/7/2021,707,71
Karlen McCaffrey,USA,Raspberry Choco,7/7/2021,1519,90
Brien Boise,UK,85% Dark Bars,7/7/2021,7630,364
Barr Faughny,USA,Peanut Butter Cubes,7/7/2021,5243,375
Beverie Moffet,USA,After Nines,7/7/2021,4676,276
Jan Morforth,India,Caramel Stuffed Bars,7/7/2021,2877,111
Ches Bonnell,Australia,70% Dark Bites,7/7/2021,1267,91
Oby Sorrel,Canada,After Nines,7/7/2021,3584,200
Dennison Crosswaite,Australia,Organic Choco Syrup,7/7/2021,1008,41
Jan Morforth,India,70% Dark Bites,7/7/2021,8309,640
Rafaelita Blaksland,Australia,Baker's Choco Chips,7/7/2021,3689,369
Brien Boise,Canada,Spicy Special Slims,7/7/2021,5131,428
Andria Kimpton,Canada,99% Dark & Pure,7/7/2021,7861,492
Madelene Upcott,New Zealand,Eclairs,7/7/2021,3122,313
Brien Boise,Australia,Mint Chip Choco,7/7/2021,1316,147
Ches Bonnell,Canada,Spicy Special Slims,7/7/2021,5992,500
Brien Boise,India,Orange Choco,7/7/2021,1533,219
Ches Bonnell,New Zealand,Orange Choco,7/7/2021,5859,700
Jan Morforth,New Zealand,Manuka Honey Choco,7/7/2021,8064,475
Barr Faughny,Australia,85% Dark Bars,7/7/2021,8470,385
Dotty Strutley,New Zealand,Orange Choco,7/7/2021,364,73
Kaine Padly,USA,Manuka Honey Choco,7/7/2021,2016,135
Ches Bonnell,USA,99% Dark & Pure,7/7/2021,4571,269
Andria Kimpton,India,After Nines,7/7/2021,1813,101
Curtice Advani,India,Orange Choco,7/7/2021,2191,313
Ches Bonnell,UK,After Nines,7/7/2021,945,48
Dotty Strutley,UK,White Choc,7/7/2021,2800,140
Kaine Padly,USA,70% Dark Bites,7/7/2021,84,6
Kelci Walkden,UK,Smooth Sliky Salty,7/7/2021,7994,980
Kelci Walkden,India,50% Dark Bites,7/7/2021,7882,343
Husein Augar,USA,Drinking Coco,7/7/2021,7350,307
Dennison Crosswaite,India,Mint Chip Choco,7/7/2021,1988,199
Oby Sorrel,UK,Smooth Sliky Salty,7/7/2021,6986,840
Gunar Cockshoot,UK,Eclairs,7/8/2021,2933,326
Curtice Advani,India,Eclairs,7/8/2021,700,64
Marney O'Breen,Canada,Milk Bars,7/8/2021,2338,124
Marney O'Breen,India,Choco Coated Almonds,7/8/2021,3619,158
Brien Boise,New Zealand,Fruit & Nut Bars,7/8/2021,10850,700
Wilone O'Kielt,Canada,85% Dark Bars,7/8/2021,959,46
Curtice Advani,USA,Fruit & Nut Bars,7/8/2021,1022,69
Rafaelita Blaksland,UK,Almond Choco,7/8/2021,5278,203
Gunar Cockshoot,New Zealand,Eclairs,7/8/2021,392,36
Barr Faughny,New Zealand,Smooth Sliky Salty,7/8/2021,1372,172
Marney O'Breen,Australia,85% Dark Bars,7/8/2021,4844,255
Beverie Moffet,New Zealand,Milk Bars,7/8/2021,7126,446
Husein Augar,Canada,Choco Coated Almonds,7/8/2021,7084,284
Ches Bonnell,India,Orange Choco,7/8/2021,2996,600
Marney O'Breen,Australia,Spicy Special Slims,7/8/2021,1708,143
Andria Kimpton,USA,Caramel Stuffed Bars,7/8/2021,7812,301
Jan Morforth,Canada,After Nines,7/8/2021,1498,79
Karlen McCaffrey,Canada,Raspberry Choco,7/8/2021,455,24
Andria Kimpton,UK,Organic Choco Syrup,7/8/2021,553,26
Ches Bonnell,Canada,Fruit & Nut Bars,7/8/2021,4984,384
Karlen McCaffrey,New Zealand,85% Dark Bars,7/8/2021,987,50
Gigi Bohling,Canada,Spicy Special Slims,7/8/2021,10528,700
Brien Boise,UK,Orange Choco,7/8/2021,4151,519
Jan Morforth,New Zealand,Milk Bars,7/8/2021,3717,207
Jan Morforth,India,Spicy Special Slims,7/8/2021,3101,222
Kaine Padly,USA,Caramel Stuffed Bars,7/8/2021,5383,216
Curtice Advani,India,99% Dark & Pure,7/8/2021,1162,73
Karlen McCaffrey,UK,Spicy Special Slims,7/8/2021,3038,217
Kaine Padly,India,99% Dark & Pure,7/8/2021,5236,308
Beverie Moffet,UK,Fruit & Nut Bars,7/8/2021,7343,459
Wilone O'Kielt,New Zealand,Manuka Honey Choco,7/8/2021,8239,485
Gigi Bohling,New Zealand,Baker's Choco Chips,7/8/2021,2513,359
Oby Sorrel,UK,Raspberry Choco,7/8/2021,4130,207
Madelene Upcott,India,Drinking Coco,7/8/2021,7574,303
Marney O'Breen,USA,Raspberry Choco,7/8/2021,7154,358
Curtice Advani,USA,Mint Chip Choco,7/8/2021,217,22
Curtice Advani,USA,Caramel Stuffed Bars,7/8/2021,2828,118
Dotty Strutley,Australia,85% Dark Bars,7/8/2021,9772,515
Kelci Walkden,USA,Choco Coated Almonds,7/8/2021,5656,227
Gunar Cockshoot,Canada,Spicy Special Slims,7/8/2021,1764,147
Ches Bonnell,Australia,99% Dark & Pure,7/8/2021,1715,96
Wilone O'Kielt,India,Choco Coated Almonds,7/8/2021,2982,136
Gigi Bohling,Australia,70% Dark Bites,7/8/2021,973,70
Marney O'Breen,USA,White Choc,7/8/2021,5320,313
Ches Bonnell,New Zealand,50% Dark Bites,7/8/2021,3514,176
Gigi Bohling,New Zealand,50% Dark Bites,7/8/2021,728,34
Madelene Upcott,Canada,Milk Bars,7/8/2021,1029,55
Curtice Advani,USA,Organic Choco Syrup,7/8/2021,4011,161
Karlen McCaffrey,New Zealand,Fruit & Nut Bars,7/9/2021,3983,266
Oby Sorrel,USA,50% Dark Bites,7/9/2021,581,26
Brien Boise,USA,Baker's Choco Chips,7/9/2021,8127,1190
Husein Augar,USA,After Nines,7/9/2021,3514,196
Curtice Advani,Canada,99% Dark & Pure,7/9/2021,4914,273
Marney O'Breen,UK,Choco Coated Almonds,7/9/2021,8064,323
Curtice Advani,USA,Choco Coated Almonds,7/9/2021,8022,365
Gigi Bohling,India,Spicy Special Slims,7/9/2021,1981,142
Dotty Strutley,Canada,Caramel Stuffed Bars,7/9/2021,2065,83
Jan Morforth,Canada,Fruit & Nut Bars,7/9/2021,1813,121
Kelci Walkden,Canada,After Nines,7/9/2021,3038,152
Marney O'Breen,New Zealand,After Nines,7/9/2021,12607,700
Rafaelita Blaksland,Canada,Smooth Sliky Salty,7/9/2021,350,50
Husein Augar,USA,Mint Chip Choco,7/9/2021,10472,1330
Barr Faughny,India,Smooth Sliky Salty,7/9/2021,7427,1050
Gigi Bohling,Canada,85% Dark Bars,7/9/2021,567,30
Dennison Crosswaite,Canada,Orange Choco,7/9/2021,2107,301
Madelene Upcott,USA,Milk Bars,7/9/2021,343,19
Oby Sorrel,India,Raspberry Choco,7/9/2021,2751,162
Gigi Bohling,Canada,Milk Bars,7/12/2021,3402,213
Gigi Bohling,USA,Spicy Special Slims,7/12/2021,707,51
Brien Boise,New Zealand,70% Dark Bites,7/12/2021,3430,245
Gigi Bohling,New Zealand,Drinking Coco,7/12/2021,5341,223
Curtice Advani,Canada,Peanut Butter Cubes,7/12/2021,2625,175
Oby Sorrel,UK,Choco Coated Almonds,7/12/2021,5285,221
Karlen McCaffrey,India,85% Dark Bars,7/12/2021,4207,192
Jan Morforth,UK,Choco Coated Almonds,7/12/2021,5929,248
Beverie Moffet,Canada,Fruit & Nut Bars,7/12/2021,3864,242
Dennison Crosswaite,Canada,50% Dark Bites,7/12/2021,3150,137
Gigi Bohling,UK,Baker's Choco Chips,7/12/2021,1953,279
Andria Kimpton,UK,Baker's Choco Chips,7/12/2021,6601,661
Wilone O'Kielt,New Zealand,Caramel Stuffed Bars,7/12/2021,8995,375
Marney O'Breen,UK,Drinking Coco,7/12/2021,2380,89
Marney O'Breen,Australia,Orange Choco,7/12/2021,5992,1190
Marney O'Breen,USA,85% Dark Bars,7/12/2021,9828,468
Brien Boise,India,Spicy Special Slims,7/12/2021,609,51
Dennison Crosswaite,USA,Smooth Sliky Salty,7/12/2021,1001,112
Brien Boise,Canada,Mint Chip Choco,7/12/2021,5257,585
Madelene Upcott,Canada,Almond Choco,7/12/2021,616,24
Dotty Strutley,UK,Milk Bars,7/12/2021,2051,121
Ches Bonnell,New Zealand,85% Dark Bars,7/12/2021,182,10
Rafaelita Blaksland,UK,Raspberry Choco,7/12/2021,5383,270
Brien Boise,UK,Manuka Honey Choco,7/12/2021,987,71
Jan Morforth,Australia,Caramel Stuffed Bars,7/12/2021,2016,81
Curtice Advani,India,Almond Choco,7/12/2021,5418,201
Kelci Walkden,India,Orange Choco,7/12/2021,4550,569
Beverie Moffet,USA,Caramel Stuffed Bars,7/12/2021,1442,58
Barr Faughny,New Zealand,Mint Chip Choco,7/12/2021,2485,249
Jan Morforth,USA,Orange Choco,7/12/2021,7574,1540
Gunar Cockshoot,USA,Fruit & Nut Bars,7/12/2021,1729,124
Marney O'Breen,India,Mint Chip Choco,7/12/2021,1078,135
Madelene Upcott,Australia,85% Dark Bars,7/12/2021,70,4
Oby Sorrel,Canada,White Choc,7/12/2021,8519,426
Husein Augar,Australia,Baker's Choco Chips,7/12/2021,2877,288
Gigi Bohling,Canada,Choco Coated Almonds,7/12/2021,707,30
Kaine Padly,New Zealand,50% Dark Bites,7/12/2021,259,12
Wilone O'Kielt,New Zealand,Eclairs,7/12/2021,7511,840
Brien Boise,India,85% Dark Bars,7/12/2021,1253,60
Brien Boise,UK,Spicy Special Slims,7/12/2021,7035,503
Husein Augar,UK,Mint Chip Choco,7/12/2021,8624,980
Oby Sorrel,UK,Caramel Stuffed Bars,7/12/2021,4298,166
Beverie Moffet,UK,Orange Choco,7/12/2021,2996,500
Jan Morforth,UK,85% Dark Bars,7/12/2021,4774,228
Andria Kimpton,Australia,Mint Chip Choco,7/12/2021,4123,589
Marney O'Breen,Australia,Mint Chip Choco,7/12/2021,4214,422
Barr Faughny,New Zealand,Baker's Choco Chips,7/12/2021,5670,840
Dennison Crosswaite,Canada,Choco Coated Almonds,7/12/2021,8792,367
Kaine Padly,Australia,99% Dark & Pure,7/12/2021,7959,443
Oby Sorrel,Canada,50% Dark Bites,7/12/2021,7056,353
Gigi Bohling,Australia,Eclairs,7/12/2021,126,13
Rafaelita Blaksland,New Zealand,Peanut Butter Cubes,7/12/2021,427,33
Ches Bonnell,Canada,85% Dark Bars,7/12/2021,7490,375
Ches Bonnell,USA,Raspberry Choco,7/12/2021,1799,95
Brien Boise,New Zealand,Drinking Coco,7/12/2021,2856,119
Andria Kimpton,UK,Caramel Stuffed Bars,7/12/2021,1505,61
Gigi Bohling,Australia,Drinking Coco,7/12/2021,9177,340
Beverie Moffet,Australia,99% Dark & Pure,7/12/2021,4977,277
Ches Bonnell,Canada,White Choc,7/13/2021,6608,331
Husein Augar,USA,Choco Coated Almonds,7/13/2021,3129,126
Karlen McCaffrey,India,Baker's Choco Chips,7/13/2021,3248,325
Ches Bonnell,USA,Organic Choco Syrup,7/13/2021,7714,336
Kaine Padly,UK,Raspberry Choco,7/13/2021,1673,84
Gigi Bohling,Australia,50% Dark Bites,7/13/2021,3409,149
Dotty Strutley,USA,Raspberry Choco,7/13/2021,4655,274
Beverie Moffet,USA,50% Dark Bites,7/13/2021,2716,136
Brien Boise,India,Smooth Sliky Salty,7/13/2021,3717,465
Rafaelita Blaksland,New Zealand,70% Dark Bites,7/13/2021,2562,198
Oby Sorrel,New Zealand,85% Dark Bars,7/13/2021,4711,248
Dotty Strutley,USA,Baker's Choco Chips,7/13/2021,8316,1190
Dotty Strutley,USA,Almond Choco,7/13/2021,1918,72
Dotty Strutley,India,Smooth Sliky Salty,7/13/2021,6069,840
Kelci Walkden,UK,99% Dark & Pure,7/13/2021,3248,217
Gunar Cockshoot,USA,Milk Bars,7/13/2021,1764,104
Andria Kimpton,New Zealand,Almond Choco,7/13/2021,588,24
Ches Bonnell,Canada,Milk Bars,7/13/2021,3493,219
Gigi Bohling,Canada,50% Dark Bites,7/13/2021,6706,320
Andria Kimpton,Canada,Raspberry Choco,7/13/2021,3472,205
Barr Faughny,Canada,Manuka Honey Choco,7/14/2021,3367,241
Kaine Padly,USA,Drinking Coco,7/14/2021,3640,135
Kaine Padly,Canada,Milk Bars,7/14/2021,476,26
Rafaelita Blaksland,India,85% Dark Bars,7/14/2021,1001,51
Ches Bonnell,Canada,Almond Choco,7/14/2021,2009,75
Dotty Strutley,India,Spicy Special Slims,7/14/2021,3143,210
Karlen McCaffrey,Australia,Spicy Special Slims,7/14/2021,2772,185
Gigi Bohling,Canada,Raspberry Choco,7/14/2021,1666,93
Kaine Padly,India,Baker's Choco Chips,7/14/2021,5607,770
Andria Kimpton,USA,Baker's Choco Chips,7/14/2021,2282,286
Jan Morforth,Australia,99% Dark & Pure,7/14/2021,10955,700
Gigi Bohling,Australia,99% Dark & Pure,7/15/2021,259,15
Barr Faughny,USA,Fruit & Nut Bars,7/15/2021,5229,374
Dotty Strutley,UK,99% Dark & Pure,7/15/2021,1211,81
Dennison Crosswaite,New Zealand,Almond Choco,7/15/2021,5313,197
Andria Kimpton,USA,Mint Chip Choco,7/15/2021,10003,1400
Madelene Upcott,USA,Mint Chip Choco,7/15/2021,140,18
Madelene Upcott,Canada,50% Dark Bites,7/15/2021,9345,425
Barr Faughny,India,70% Dark Bites,7/15/2021,4921,329
Gigi Bohling,New Zealand,99% Dark & Pure,7/15/2021,3556,223
Husein Augar,Canada,Mint Chip Choco,7/15/2021,8988,1120
Madelene Upcott,Australia,70% Dark Bites,7/16/2021,5082,363
Gunar Cockshoot,USA,Peanut Butter Cubes,7/16/2021,3808,318
Brien Boise,UK,Mint Chip Choco,7/16/2021,203,23
Wilone O'Kielt,India,85% Dark Bars,7/16/2021,560,27
Kaine Padly,New Zealand,Raspberry Choco,7/16/2021,7973,420
Gigi Bohling,Australia,Fruit & Nut Bars,7/16/2021,91,6
Dennison Crosswaite,India,Spicy Special Slims,7/16/2021,13342,910
Jan Morforth,New Zealand,After Nines,7/16/2021,7406,436
Marney O'Breen,UK,Spicy Special Slims,7/16/2021,7679,549
Andria Kimpton,USA,Raspberry Choco,7/16/2021,7777,458
Ches Bonnell,USA,After Nines,7/16/2021,7315,407
Kaine Padly,UK,99% Dark & Pure,7/16/2021,4795,283
Oby Sorrel,Australia,Raspberry Choco,7/16/2021,4998,294
Dotty Strutley,New Zealand,Choco Coated Almonds,7/16/2021,1890,86
Husein Augar,UK,Smooth Sliky Salty,7/16/2021,4319,700
Ches Bonnell,Canada,Caramel Stuffed Bars,7/16/2021,10878,436
Kelci Walkden,USA,Smooth Sliky Salty,7/16/2021,4627,515
Kaine Padly,Australia,Almond Choco,7/16/2021,2870,115
Kelci Walkden,New Zealand,Eclairs,7/16/2021,5859,533
Wilone O'Kielt,India,50% Dark Bites,7/16/2021,4417,221
Karlen McCaffrey,UK,Organic Choco Syrup,7/19/2021,413,18
Husein Augar,Australia,Eclairs,7/19/2021,2373,264
Curtice Advani,Australia,Drinking Coco,7/19/2021,2667,112
Barr Faughny,India,Manuka Honey Choco,7/19/2021,126,8
Brien Boise,Australia,Peanut Butter Cubes,7/19/2021,5362,383
Barr Faughny,New Zealand,Fruit & Nut Bars,7/19/2021,1414,95
Oby Sorrel,UK,Baker's Choco Chips,7/19/2021,8190,1190
Kaine Padly,Australia,Smooth Sliky Salty,7/19/2021,2863,319
Beverie Moffet,Australia,Spicy Special Slims,7/19/2021,4081,314
Dennison Crosswaite,India,Smooth Sliky Salty,7/19/2021,448,56
Rafaelita Blaksland,India,Baker's Choco Chips,7/19/2021,7070,700
Gigi Bohling,USA,85% Dark Bars,7/19/2021,2625,132
Rafaelita Blaksland,UK,85% Dark Bars,7/19/2021,2142,98
Beverie Moffet,New Zealand,Manuka Honey Choco,7/19/2021,7182,513
Madelene Upcott,UK,Spicy Special Slims,7/19/2021,3437,246
Ches Bonnell,USA,Orange Choco,7/19/2021,8344,1400
Kaine Padly,UK,Spicy Special Slims,7/19/2021,9380,670
Gunar Cockshoot,USA,Almond Choco,7/19/2021,2296,96
Curtice Advani,USA,85% Dark Bars,7/19/2021,3787,173
Andria Kimpton,UK,Spicy Special Slims,7/19/2021,7420,495
Husein Augar,India,Mint Chip Choco,7/19/2021,5789,644
Oby Sorrel,USA,Choco Coated Almonds,7/19/2021,4893,196
Jan Morforth,India,White Choc,7/19/2021,3171,187
Dennison Crosswaite,India,White Choc,7/19/2021,1428,84
Jan Morforth,Canada,Caramel Stuffed Bars,7/19/2021,658,27
Kaine Padly,Canada,Raspberry Choco,7/19/2021,9338,550
Marney O'Breen,New Zealand,Manuka Honey Choco,7/19/2021,3682,217
Dotty Strutley,Australia,50% Dark Bites,7/19/2021,4718,225
Karlen McCaffrey,Canada,Spicy Special Slims,7/19/2021,8701,670
Jan Morforth,USA,50% Dark Bites,7/19/2021,3367,147
Brien Boise,Australia,Fruit & Nut Bars,7/19/2021,224,16
Dennison Crosswaite,Australia,Manuka Honey Choco,7/19/2021,10668,770
Gigi Bohling,Canada,70% Dark Bites,7/19/2021,3878,299
Curtice Advani,USA,Almond Choco,7/19/2021,1225,48
Kaine Padly,Canada,Orange Choco,7/19/2021,10010,1400
Karlen McCaffrey,UK,Choco Coated Almonds,7/19/2021,5796,252
Kelci Walkden,Australia,After Nines,7/19/2021,3913,218
Oby Sorrel,UK,Drinking Coco,7/19/2021,9842,394
Rafaelita Blaksland,New Zealand,Almond Choco,7/19/2021,7378,296
Wilone O'Kielt,Australia,Mint Chip Choco,7/19/2021,10213,1470
Kaine Padly,India,Mint Chip Choco,7/19/2021,6069,770
Gigi Bohling,Australia,Organic Choco Syrup,7/20/2021,1890,86
Gunar Cockshoot,USA,70% Dark Bites,7/20/2021,2660,167
Husein Augar,New Zealand,After Nines,7/20/2021,651,33
Madelene Upcott,UK,Manuka Honey Choco,7/20/2021,2800,187
Marney O'Breen,Australia,Eclairs,7/20/2021,2037,204
Kaine Padly,India,85% Dark Bars,7/20/2021,1001,48
Dennison Crosswaite,New Zealand,After Nines,7/20/2021,140,7
Karlen McCaffrey,Canada,70% Dark Bites,7/20/2021,1848,124
Gunar Cockshoot,Australia,Organic Choco Syrup,7/20/2021,2317,106
Kelci Walkden,India,Baker's Choco Chips,7/20/2021,168,17
Jan Morforth,USA,Raspberry Choco,7/20/2021,1365,76
Andria Kimpton,Australia,Spicy Special Slims,7/20/2021,3815,294
Curtice Advani,New Zealand,99% Dark & Pure,7/20/2021,2604,145
Brien Boise,USA,Caramel Stuffed Bars,7/20/2021,1253,49
Gigi Bohling,USA,Caramel Stuffed Bars,7/20/2021,3941,165
Jan Morforth,Canada,85% Dark Bars,7/20/2021,7714,368
Brien Boise,Australia,50% Dark Bites,7/20/2021,9912,472
Dotty Strutley,New Zealand,Milk Bars,7/20/2021,14,1
Dotty Strutley,Australia,Almond Choco,7/20/2021,3136,117
Oby Sorrel,Australia,Milk Bars,7/20/2021,4235,250
Dennison Crosswaite,Canada,85% Dark Bars,7/20/2021,1827,97
Karlen McCaffrey,USA,Eclairs,7/20/2021,4515,411
Barr Faughny,Australia,Milk Bars,7/20/2021,6223,346
Dotty Strutley,Australia,After Nines,7/20/2021,7196,400
Gunar Cockshoot,Australia,Spicy Special Slims,7/20/2021,1015,85
Kelci Walkden,UK,Baker's Choco Chips,7/20/2021,280,32
Curtice Advani,Canada,Organic Choco Syrup,7/20/2021,2639,106
Ches Bonnell,UK,Choco Coated Almonds,7/20/2021,2933,128
Dennison Crosswaite,Australia,Baker's Choco Chips,7/20/2021,4410,630
Wilone O'Kielt,New Zealand,White Choc,7/20/2021,1484,88
Oby Sorrel,UK,Mint Chip Choco,7/20/2021,3143,393
Oby Sorrel,India,Almond Choco,7/20/2021,6062,225
Beverie Moffet,USA,Milk Bars,7/20/2021,567,34
Brien Boise,Canada,Fruit & Nut Bars,7/20/2021,1911,147
Kelci Walkden,Canada,Caramel Stuffed Bars,7/20/2021,5663,210
Kelci Walkden,New Zealand,Baker's Choco Chips,7/20/2021,112,13
Ches Bonnell,Canada,After Nines,7/20/2021,1162,59
Marney O'Breen,USA,Almond Choco,7/20/2021,11375,438
Rafaelita Blaksland,USA,Baker's Choco Chips,7/20/2021,2464,352
Andria Kimpton,Canada,Spicy Special Slims,7/20/2021,1946,139
Curtice Advani,New Zealand,85% Dark Bars,7/20/2021,7301,332
Marney O'Breen,USA,Smooth Sliky Salty,7/20/2021,1029,147
Jan Morforth,USA,Drinking Coco,7/20/2021,11753,471
Gunar Cockshoot,India,After Nines,7/20/2021,4641,258
Marney O'Breen,India,85% Dark Bars,7/20/2021,1372,69
Oby Sorrel,New Zealand,Smooth Sliky Salty,7/20/2021,2044,341
Marney O'Breen,New Zealand,White Choc,7/20/2021,6188,344
Kaine Padly,India,Peanut Butter Cubes,7/20/2021,3969,284
Ches Bonnell,India,Caramel Stuffed Bars,7/20/2021,1078,45
Karlen McCaffrey,Australia,Manuka Honey Choco,7/20/2021,2471,165
Barr Faughny,New Zealand,99% Dark & Pure,7/21/2021,3185,188
Husein Augar,UK,White Choc,7/21/2021,4347,242
Andria Kimpton,New Zealand,Orange Choco,7/21/2021,4270,534
Dennison Crosswaite,USA,Organic Choco Syrup,7/21/2021,2520,101
Beverie Moffet,Canada,Peanut Butter Cubes,7/21/2021,924,72
Husein Augar,New Zealand,Manuka Honey Choco,7/21/2021,4368,257
Brien Boise,New Zealand,Orange Choco,7/21/2021,2450,350
Brien Boise,New Zealand,Spicy Special Slims,7/21/2021,2044,171
Karlen McCaffrey,UK,Mint Chip Choco,7/21/2021,3318,474
Oby Sorrel,India,Milk Bars,7/21/2021,4970,293
Kelci Walkden,Canada,White Choc,7/21/2021,8939,471
Dennison Crosswaite,USA,Eclairs,7/21/2021,6699,770
Dennison Crosswaite,New Zealand,White Choc,7/21/2021,2247,133
Dotty Strutley,UK,85% Dark Bars,7/21/2021,3717,169
Ches Bonnell,New Zealand,Caramel Stuffed Bars,7/21/2021,5523,231
Beverie Moffet,UK,Smooth Sliky Salty,7/21/2021,4060,508
Kelci Walkden,New Zealand,Choco Coated Almonds,7/21/2021,10381,433
Marney O'Breen,USA,Drinking Coco,7/21/2021,3416,143
Marney O'Breen,India,Peanut Butter Cubes,7/21/2021,4417,340
Madelene Upcott,India,85% Dark Bars,7/21/2021,4221,212
Dennison Crosswaite,New Zealand,Peanut Butter Cubes,7/21/2021,721,49
Gunar Cockshoot,UK,Spicy Special Slims,7/21/2021,2296,154
Gunar Cockshoot,Canada,Eclairs,7/21/2021,5404,601
Kelci Walkden,Australia,Eclairs,7/21/2021,553,56
Oby Sorrel,Australia,Fruit & Nut Bars,7/21/2021,3724,266
Gunar Cockshoot,Canada,After Nines,7/21/2021,1358,76
Gigi Bohling,USA,After Nines,7/21/2021,133,8
Barr Faughny,Australia,Fruit & Nut Bars,7/21/2021,6076,468
Dennison Crosswaite,Canada,Almond Choco,7/21/2021,2744,102
Andria Kimpton,New Zealand,Manuka Honey Choco,7/21/2021,2282,153
Wilone O'Kielt,UK,50% Dark Bites,7/21/2021,658,29
Marney O'Breen,UK,Caramel Stuffed Bars,7/21/2021,3213,129
Karlen McCaffrey,USA,After Nines,7/21/2021,12621,665
Barr Faughny,New Zealand,Peanut Butter Cubes,7/21/2021,6139,512
Oby Sorrel,UK,70% Dark Bites,7/21/2021,1736,134
Curtice Advani,India,Organic Choco Syrup,7/21/2021,1575,69
Rafaelita Blaksland,New Zealand,50% Dark Bites,7/21/2021,12516,596
Husein Augar,Australia,Choco Coated Almonds,7/21/2021,5068,221
Ches Bonnell,New Zealand,After Nines,7/21/2021,553,30
Marney O'Breen,New Zealand,Milk Bars,7/21/2021,4221,249
Marney O'Breen,New Zealand,Peanut Butter Cubes,7/21/2021,7091,591
Kaine Padly,USA,99% Dark & Pure,7/21/2021,3535,221
Kaine Padly,India,Orange Choco,7/21/2021,6202,1050
Rafaelita Blaksland,India,50% Dark Bites,7/21/2021,1085,55
Gigi Bohling,UK,50% Dark Bites,7/21/2021,280,13
Kelci Walkden,Australia,Organic Choco Syrup,7/21/2021,4193,183
Wilone O'Kielt,Canada,Peanut Butter Cubes,7/22/2021,9884,659
Kelci Walkden,Australia,Spicy Special Slims,7/22/2021,1603,107
Madelene Upcott,New Zealand,70% Dark Bites,7/22/2021,2324,155
Gunar Cockshoot,Australia,85% Dark Bars,7/22/2021,3367,154
Gunar Cockshoot,UK,Mint Chip Choco,7/22/2021,4837,484
Rafaelita Blaksland,Canada,Baker's Choco Chips,7/22/2021,2149,215
Marney O'Breen,Canada,Almond Choco,7/22/2021,784,31
Karlen McCaffrey,Australia,99% Dark & Pure,7/22/2021,3521,196
Ches Bonnell,USA,Eclairs,7/22/2021,9758,910
Jan Morforth,UK,Spicy Special Slims,7/22/2021,2954,228
Husein Augar,New Zealand,50% Dark Bites,7/22/2021,1855,89
Ches Bonnell,Australia,White Choc,7/22/2021,4340,256
Wilone O'Kielt,USA,White Choc,7/22/2021,392,20
Oby Sorrel,Australia,Caramel Stuffed Bars,7/22/2021,7630,306
Rafaelita Blaksland,USA,White Choc,7/22/2021,7973,443
Beverie Moffet,New Zealand,Fruit & Nut Bars,7/22/2021,1967,152
Beverie Moffet,New Zealand,85% Dark Bars,7/22/2021,2989,158
Karlen McCaffrey,Australia,Fruit & Nut Bars,7/22/2021,182,14
Jan Morforth,Australia,Baker's Choco Chips,7/22/2021,5922,658
Karlen McCaffrey,Australia,Choco Coated Almonds,7/22/2021,1680,68
Ches Bonnell,Australia,Orange Choco,7/22/2021,3997,500
Karlen McCaffrey,New Zealand,Manuka Honey Choco,7/22/2021,1372,86
Gunar Cockshoot,India,Mint Chip Choco,7/22/2021,4536,648
Kelci Walkden,India,Raspberry Choco,7/22/2021,2898,145
Kelci Walkden,Canada,Milk Bars,7/22/2021,4067,240
Rafaelita Blaksland,India,Milk Bars,7/23/2021,2891,181
Jan Morforth,Australia,Smooth Sliky Salty,7/23/2021,8001,910
Curtice Advani,New Zealand,Smooth Sliky Salty,7/23/2021,6286,699
Andria Kimpton,India,Eclairs,7/23/2021,2583,235
Barr Faughny,New Zealand,Eclairs,7/23/2021,1512,168
Ches Bonnell,UK,Milk Bars,7/23/2021,693,41
Ches Bonnell,USA,Mint Chip Choco,7/23/2021,119,14
Brien Boise,USA,Mint Chip Choco,7/23/2021,6139,614
Husein Augar,Australia,70% Dark Bites,7/23/2021,9345,585
Husein Augar,Australia,85% Dark Bars,7/23/2021,938,45
Kelci Walkden,India,Organic Choco Syrup,7/23/2021,4732,198
Barr Faughny,USA,50% Dark Bites,7/23/2021,49,3
Dotty Strutley,UK,Manuka Honey Choco,7/23/2021,2275,163
Andria Kimpton,UK,Mint Chip Choco,7/23/2021,5229,523
Oby Sorrel,USA,White Choc,7/23/2021,7518,418
Jan Morforth,Canada,Baker's Choco Chips,7/23/2021,924,103
Kelci Walkden,New Zealand,Spicy Special Slims,7/23/2021,3332,257
Husein Augar,USA,Organic Choco Syrup,7/23/2021,2464,99
Beverie Moffet,India,Choco Coated Almonds,7/23/2021,17381,700
Dennison Crosswaite,New Zealand,Baker's Choco Chips,7/23/2021,2723,389
Barr Faughny,Australia,Almond Choco,7/23/2021,3626,146
Jan Morforth,India,Drinking Coco,7/23/2021,1176,48
Husein Augar,USA,Orange Choco,7/23/2021,3087,515
Karlen McCaffrey,India,Raspberry Choco,7/23/2021,1253,63
Husein Augar,New Zealand,Smooth Sliky Salty,7/23/2021,210,27
Rafaelita Blaksland,USA,Spicy Special Slims,7/23/2021,679,49
Brien Boise,New Zealand,85% Dark Bars,7/23/2021,1421,68
Madelene Upcott,New Zealand,Smooth Sliky Salty,7/23/2021,3311,414
Curtice Advani,New Zealand,Fruit & Nut Bars,7/23/2021,1862,133
Madelene Upcott,India,Manuka Honey Choco,7/23/2021,3199,189
Gunar Cockshoot,USA,Choco Coated Almonds,7/23/2021,2247,103
Oby Sorrel,New Zealand,White Choc,7/23/2021,2359,139
Dotty Strutley,New Zealand,Eclairs,7/23/2021,5026,559
Brien Boise,USA,Smooth Sliky Salty,7/23/2021,6986,980
Dotty Strutley,India,50% Dark Bites,7/23/2021,3808,166
Gunar Cockshoot,UK,Choco Coated Almonds,7/23/2021,3703,155
Jan Morforth,Australia,Orange Choco,7/23/2021,4102,840
Beverie Moffet,USA,Smooth Sliky Salty,7/23/2021,3010,377
Madelene Upcott,New Zealand,Peanut Butter Cubes,7/23/2021,4970,332
Marney O'Breen,UK,Smooth Sliky Salty,7/23/2021,4389,488
Beverie Moffet,India,Spicy Special Slims,7/26/2021,9751,840
Brien Boise,India,Choco Coated Almonds,7/26/2021,1477,68
Kelci Walkden,Australia,70% Dark Bites,7/26/2021,3423,264
Marney O'Breen,New Zealand,Baker's Choco Chips,7/26/2021,6629,840
Karlen McCaffrey,USA,Almond Choco,7/26/2021,5964,249
Barr Faughny,UK,White Choc,7/26/2021,5026,265
Brien Boise,Canada,Raspberry Choco,7/26/2021,5467,274
Kelci Walkden,New Zealand,Orange Choco,7/26/2021,2842,406
Madelene Upcott,India,White Choc,7/26/2021,2100,111
Gunar Cockshoot,Canada,Baker's Choco Chips,7/26/2021,5257,585
Kaine Padly,UK,Baker's Choco Chips,7/26/2021,5208,521
Husein Augar,UK,Manuka Honey Choco,7/27/2021,2142,134
Dennison Crosswaite,Canada,After Nines,7/27/2021,7553,420
Marney O'Breen,USA,Fruit & Nut Bars,7/27/2021,7126,476
Husein Augar,New Zealand,85% Dark Bars,7/27/2021,3199,153
Barr Faughny,Australia,Raspberry Choco,7/27/2021,5502,276
Marney O'Breen,India,Smooth Sliky Salty,7/27/2021,2569,286
Marney O'Breen,New Zealand,Choco Coated Almonds,7/27/2021,1834,77
Barr Faughny,India,After Nines,7/27/2021,406,23
Marney O'Breen,Australia,Milk Bars,7/27/2021,511,27
Husein Augar,India,Eclairs,7/27/2021,3206,268
Husein Augar,New Zealand,Raspberry Choco,7/27/2021,1316,74
Husein Augar,India,50% Dark Bites,7/27/2021,2492,119
Kelci Walkden,UK,85% Dark Bars,7/27/2021,1953,89
Andria Kimpton,Australia,Raspberry Choco,7/27/2021,3983,210
Dennison Crosswaite,UK,85% Dark Bars,7/27/2021,336,16
Gunar Cockshoot,USA,Orange Choco,7/27/2021,6839,1400
Oby Sorrel,Australia,Eclairs,7/27/2021,3444,287
Gunar Cockshoot,UK,Peanut Butter Cubes,7/27/2021,4277,306
Brien Boise,New Zealand,Almond Choco,7/27/2021,4305,173
Dennison Crosswaite,UK,Almond Choco,7/27/2021,5663,227
Karlen McCaffrey,UK,Peanut Butter Cubes,7/27/2021,7854,655
Madelene Upcott,Canada,Drinking Coco,7/27/2021,8197,342
Madelene Upcott,New Zealand,White Choc,7/27/2021,1316,78
Wilone O'Kielt,Australia,Manuka Honey Choco,7/27/2021,4830,322
Andria Kimpton,India,Smooth Sliky Salty,7/27/2021,1848,231
Karlen McCaffrey,Canada,99% Dark & Pure,7/27/2021,728,43
Marney O'Breen,Australia,99% Dark & Pure,7/28/2021,2793,165
Gigi Bohling,USA,Mint Chip Choco,7/28/2021,3591,360
Kelci Walkden,India,Almond Choco,7/28/2021,10269,411
Kaine Padly,New Zealand,Drinking Coco,7/28/2021,3878,144
Jan Morforth,New Zealand,Baker's Choco Chips,7/28/2021,826,118
Kaine Padly,Canada,Drinking Coco,7/28/2021,3850,154
Gunar Cockshoot,Canada,99% Dark & Pure,7/28/2021,735,49
Dennison Crosswaite,India,Peanut Butter Cubes,7/28/2021,2786,233
Andria Kimpton,India,Spicy Special Slims,7/28/2021,3108,222
Dotty Strutley,New Zealand,Smooth Sliky Salty,7/28/2021,2415,269
Dennison Crosswaite,USA,Fruit & Nut Bars,7/28/2021,791,57
Husein Augar,USA,White Choc,7/28/2021,1428,72
Kaine Padly,Canada,Peanut Butter Cubes,7/28/2021,4165,321
Kelci Walkden,Canada,99% Dark & Pure,7/28/2021,3591,240
Ches Bonnell,UK,Spicy Special Slims,7/28/2021,4179,299
Dotty Strutley,Canada,After Nines,7/28/2021,8855,443
Brien Boise,New Zealand,Manuka Honey Choco,7/28/2021,6846,403
Brien Boise,UK,Milk Bars,7/28/2021,1071,67
Jan Morforth,New Zealand,Orange Choco,7/28/2021,1253,157
Andria Kimpton,USA,Drinking Coco,7/28/2021,3388,131
Brien Boise,India,Drinking Coco,7/28/2021,1022,40
Beverie Moffet,Australia,After Nines,7/29/2021,2079,116
Beverie Moffet,India,Milk Bars,7/29/2021,2898,171
Husein Augar,New Zealand,Spicy Special Slims,7/29/2021,7350,566
Rafaelita Blaksland,Canada,Manuka Honey Choco,7/29/2021,5831,389
Gigi Bohling,UK,85% Dark Bars,7/29/2021,4473,204
Dennison Crosswaite,Australia,Smooth Sliky Salty,7/29/2021,4844,606
Barr Faughny,Australia,Peanut Butter Cubes,7/29/2021,924,72
Rafaelita Blaksland,UK,Spicy Special Slims,7/29/2021,4879,326
Beverie Moffet,Canada,Choco Coated Almonds,7/29/2021,4634,202
Husein Augar,India,Caramel Stuffed Bars,7/29/2021,2471,99
Kelci Walkden,Canada,Organic Choco Syrup,7/29/2021,6902,314
Andria Kimpton,New Zealand,70% Dark Bites,7/29/2021,4823,302
Jan Morforth,Australia,50% Dark Bites,7/29/2021,3381,154
Kaine Padly,New Zealand,White Choc,7/29/2021,2863,151
Karlen McCaffrey,UK,70% Dark Bites,7/29/2021,2751,172
Karlen McCaffrey,Australia,Milk Bars,7/29/2021,3703,206
Marney O'Breen,Canada,Caramel Stuffed Bars,7/29/2021,3556,137
Wilone O'Kielt,New Zealand,Milk Bars,7/29/2021,1281,81
Beverie Moffet,India,Orange Choco,7/29/2021,2870,574
Dotty Strutley,New Zealand,Peanut Butter Cubes,7/29/2021,7476,576
Oby Sorrel,Australia,Smooth Sliky Salty,7/29/2021,4501,563
Oby Sorrel,India,Smooth Sliky Salty,7/29/2021,6153,910
Husein Augar,Canada,Peanut Butter Cubes,7/29/2021,6496,434
Ches Bonnell,Australia,Almond Choco,7/29/2021,1071,40
Oby Sorrel,India,70% Dark Bites,7/29/2021,21,2
Kaine Padly,New Zealand,Eclairs,7/29/2021,196,20
Kaine Padly,Australia,Eclairs,7/29/2021,2891,263
Beverie Moffet,USA,Orange Choco,7/29/2021,6167,910
Dennison Crosswaite,India,Manuka Honey Choco,7/29/2021,2744,196
Gunar Cockshoot,USA,Eclairs,7/29/2021,1197,120
Ches Bonnell,USA,Spicy Special Slims,7/29/2021,8568,572
Kelci Walkden,Canada,70% Dark Bites,7/29/2021,2688,207
Kaine Padly,Australia,85% Dark Bars,7/29/2021,6055,289
Kaine Padly,Australia,Caramel Stuffed Bars,7/29/2021,4662,173
Kaine Padly,UK,Milk Bars,7/29/2021,9702,511
Oby Sorrel,Canada,Almond Choco,7/29/2021,4578,177
Madelene Upcott,Canada,99% Dark & Pure,7/29/2021,6286,393
Curtice Advani,New Zealand,Drinking Coco,7/29/2021,11557,429
Husein Augar,New Zealand,99% Dark & Pure,7/29/2021,7,1
Dennison Crosswaite,UK,Smooth Sliky Salty,7/29/2021,4641,581
Ches Bonnell,India,70% Dark Bites,7/29/2021,4872,348
Gigi Bohling,USA,Eclairs,7/29/2021,1134,126
Ches Bonnell,Canada,Orange Choco,7/29/2021,3150,525
Karlen McCaffrey,USA,Orange Choco,7/30/2021,3871,770
Gunar Cockshoot,UK,Baker's Choco Chips,7/30/2021,6377,638
Jan Morforth,USA,70% Dark Bites,7/30/2021,4270,267
Dennison Crosswaite,UK,Choco Coated Almonds,7/30/2021,9044,394
Wilone O'Kielt,New Zealand,Fruit & Nut Bars,7/30/2021,9037,646
Andria Kimpton,New Zealand,Milk Bars,7/30/2021,5418,339
Madelene Upcott,Australia,White Choc,7/30/2021,8043,403
Kaine Padly,New Zealand,Milk Bars,7/30/2021,6321,352
Brien Boise,India,Eclairs,7/30/2021,5187,472
Curtice Advani,Australia,After Nines,7/30/2021,1813,96
Brien Boise,USA,Orange Choco,7/30/2021,1610,322
Kelci Walkden,Canada,Spicy Special Slims,7/30/2021,819,55
Gunar Cockshoot,India,99% Dark & Pure,7/30/2021,8729,485
Kaine Padly,India,White Choc,7/30/2021,4697,261
Dennison Crosswaite,Canada,Eclairs,7/30/2021,2261,227
Rafaelita Blaksland,Canada,Peanut Butter Cubes,7/30/2021,2604,201
Kaine Padly,India,50% Dark Bites,7/30/2021,7441,373
Gigi Bohling,India,Raspberry Choco,7/30/2021,1988,111
Gigi Bohling,UK,Spicy Special Slims,7/30/2021,7910,660
Dennison Crosswaite,USA,Mint Chip Choco,7/30/2021,1309,164
Marney O'Breen,UK,Fruit & Nut Bars,7/30/2021,2821,189
Brien Boise,Canada,Drinking Coco,7/30/2021,4270,171
Husein Augar,Canada,After Nines,7/30/2021,1547,86
Gunar Cockshoot,India,Choco Coated Almonds,7/30/2021,5677,247
Andria Kimpton,USA,After Nines,7/30/2021,4060,203
Brien Boise,Australia,Baker's Choco Chips,7/30/2021,4158,520
Beverie Moffet,UK,Eclairs,7/30/2021,4284,357
Karlen McCaffrey,Australia,85% Dark Bars,7/30/2021,7406,353
Karlen McCaffrey,USA,85% Dark Bars,7/30/2021,434,22
Gigi Bohling,Australia,Baker's Choco Chips,7/30/2021,1456,208
Gunar Cockshoot,UK,After Nines,7/30/2021,2898,145
Wilone O'Kielt,UK,Manuka Honey Choco,7/30/2021,6741,422
Jan Morforth,UK,Fruit & Nut Bars,7/30/2021,8554,535
Curtice Advani,Australia,Caramel Stuffed Bars,7/30/2021,3115,125
Barr Faughny,USA,99% Dark & Pure,7/30/2021,4781,282
Oby Sorrel,New Zealand,Orange Choco,7/30/2021,6230,770
Gunar Cockshoot,Canada,Choco Coated Almonds,7/30/2021,7098,323
Beverie Moffet,Canada,Mint Chip Choco,7/30/2021,6223,770
Karlen McCaffrey,India,Caramel Stuffed Bars,7/30/2021,1722,69
Kaine Padly,India,70% Dark Bites,7/30/2021,5215,348
Beverie Moffet,Canada,Eclairs,7/30/2021,3458,346
Ches Bonnell,India,After Nines,7/30/2021,1246,63
Oby Sorrel,USA,Caramel Stuffed Bars,7/30/2021,4837,202
Gunar Cockshoot,Canada,85% Dark Bars,7/30/2021,6643,302
Marney O'Breen,USA,50% Dark Bites,7/30/2021,6944,348
Madelene Upcott,Canada,Spicy Special Slims,7/30/2021,1876,157
Wilone O'Kielt,USA,85% Dark Bars,8/2/2021,3080,147
Brien Boise,USA,50% Dark Bites,8/2/2021,3885,195
Rafaelita Blaksland,Australia,Manuka Honey Choco,8/2/2021,938,56
Madelene Upcott,New Zealand,Fruit & Nut Bars,8/2/2021,8183,546
Gunar Cockshoot,Australia,Manuka Honey Choco,8/2/2021,1736,103
Ches Bonnell,USA,White Choc,8/2/2021,2800,165
Curtice Advani,Australia,50% Dark Bites,8/2/2021,6321,317
Barr Faughny,Canada,Peanut Butter Cubes,8/2/2021,5369,384
Curtice Advani,UK,Eclairs,8/2/2021,8288,840
Curtice Advani,New Zealand,Mint Chip Choco,8/2/2021,2387,299
Gigi Bohling,UK,Manuka Honey Choco,8/2/2021,6293,450
Barr Faughny,Canada,Smooth Sliky Salty,8/2/2021,329,42
Brien Boise,UK,Choco Coated Almonds,8/2/2021,5600,234
Dotty Strutley,Australia,Caramel Stuffed Bars,8/2/2021,56,3
Andria Kimpton,Australia,70% Dark Bites,8/2/2021,6111,382
Barr Faughny,UK,Choco Coated Almonds,8/2/2021,12502,544
Beverie Moffet,USA,White Choc,8/2/2021,4382,231
Beverie Moffet,UK,Almond Choco,8/2/2021,1827,71
Jan Morforth,Australia,85% Dark Bars,8/2/2021,8974,428
Ches Bonnell,India,Baker's Choco Chips,8/2/2021,2975,372
Oby Sorrel,India,Manuka Honey Choco,8/2/2021,525,31
Brien Boise,Canada,Baker's Choco Chips,8/2/2021,2919,365
Rafaelita Blaksland,USA,Mint Chip Choco,8/2/2021,6069,770
Rafaelita Blaksland,UK,Orange Choco,8/2/2021,5537,693
Wilone O'Kielt,Canada,Almond Choco,8/2/2021,8841,328
Dotty Strutley,New Zealand,Raspberry Choco,8/2/2021,4606,243
Kaine Padly,Canada,Smooth Sliky Salty,8/2/2021,91,16
Curtice Advani,UK,Fruit & Nut Bars,8/2/2021,2303,165
Andria Kimpton,New Zealand,Smooth Sliky Salty,8/2/2021,1393,175
Kelci Walkden,New Zealand,Milk Bars,8/2/2021,2744,172
Andria Kimpton,UK,70% Dark Bites,8/2/2021,5579,399
Andria Kimpton,India,Baker's Choco Chips,8/2/2021,1036,148
Kaine Padly,India,Eclairs,8/2/2021,2135,238
Kelci Walkden,USA,Fruit & Nut Bars,8/2/2021,10514,840
Madelene Upcott,Canada,Peanut Butter Cubes,8/2/2021,2100,162
Madelene Upcott,Canada,Choco Coated Almonds,8/2/2021,4536,182
Curtice Advani,Canada,Mint Chip Choco,8/3/2021,4942,550
Marney O'Breen,UK,70% Dark Bites,8/3/2021,7392,493
Gunar Cockshoot,Canada,Orange Choco,8/3/2021,210,27
Jan Morforth,New Zealand,Eclairs,8/3/2021,2604,217
Karlen McCaffrey,New Zealand,Orange Choco,8/3/2021,21,3
Barr Faughny,USA,Almond Choco,8/3/2021,3157,132
Dotty Strutley,Australia,Fruit & Nut Bars,8/3/2021,4557,351
Curtice Advani,USA,Manuka Honey Choco,8/3/2021,4942,353
Andria Kimpton,Australia,Milk Bars,8/3/2021,10787,635
Madelene Upcott,Australia,Raspberry Choco,8/3/2021,6433,339
Kelci Walkden,Canada,85% Dark Bars,8/3/2021,9268,422
Marney O'Breen,UK,Almond Choco,8/3/2021,2681,104
Kelci Walkden,Canada,Orange Choco,8/3/2021,1393,279
Jan Morforth,USA,Milk Bars,8/3/2021,1274,75
Curtice Advani,Canada,Baker's Choco Chips,8/3/2021,12369,1400
Curtice Advani,USA,70% Dark Bites,8/3/2021,2492,192
Wilone O'Kielt,UK,White Choc,8/3/2021,3115,184
Dennison Crosswaite,Australia,85% Dark Bars,8/3/2021,6664,303
Oby Sorrel,USA,Orange Choco,8/3/2021,5859,700
Rafaelita Blaksland,UK,99% Dark & Pure,8/3/2021,3486,233
Ches Bonnell,Canada,99% Dark & Pure,8/3/2021,4963,276
Kaine Padly,India,Spicy Special Slims,8/3/2021,6321,422
Oby Sorrel,Australia,Almond Choco,8/3/2021,4249,164
Madelene Upcott,New Zealand,99% Dark & Pure,8/3/2021,427,27
Gunar Cockshoot,Australia,Orange Choco,8/3/2021,1029,129
Madelene Upcott,UK,85% Dark Bars,8/3/2021,3388,170
Barr Faughny,USA,Drinking Coco,8/3/2021,6314,234
Gunar Cockshoot,USA,99% Dark & Pure,8/3/2021,1918,107
Oby Sorrel,India,Peanut Butter Cubes,8/3/2021,5775,482
Beverie Moffet,Australia,Baker's Choco Chips,8/3/2021,2121,266
Marney O'Breen,New Zealand,85% Dark Bars,8/3/2021,4312,227
Gigi Bohling,UK,Drinking Coco,8/3/2021,2681,108
Jan Morforth,UK,Peanut Butter Cubes,8/3/2021,4858,405
Brien Boise,India,After Nines,8/4/2021,2947,156
Wilone O'Kielt,New Zealand,Almond Choco,8/4/2021,903,35
Marney O'Breen,UK,After Nines,8/4/2021,6503,383
Marney O'Breen,Canada,50% Dark Bites,8/4/2021,1638,78
Oby Sorrel,UK,Almond Choco,8/4/2021,4046,162
Andria Kimpton,Canada,Eclairs,8/4/2021,1393,140
Madelene Upcott,Australia,Fruit & Nut Bars,8/4/2021,5565,429
Beverie Moffet,USA,Organic Choco Syrup,8/4/2021,4480,180
Husein Augar,Australia,Peanut Butter Cubes,8/4/2021,5110,365
Gigi Bohling,USA,70% Dark Bites,8/4/2021,3640,280
Rafaelita Blaksland,New Zealand,Orange Choco,8/4/2021,3325,665
Oby Sorrel,USA,Spicy Special Slims,8/4/2021,2786,186
Madelene Upcott,Australia,Milk Bars,8/4/2021,1827,108
Jan Morforth,India,85% Dark Bars,8/4/2021,3178,152
Oby Sorrel,USA,85% Dark Bars,8/4/2021,5516,276
Karlen McCaffrey,India,Orange Choco,8/4/2021,4970,980
Wilone O'Kielt,UK,Spicy Special Slims,8/4/2021,4683,361
Rafaelita Blaksland,Australia,50% Dark Bites,8/4/2021,7644,348
Curtice Advani,Australia,Peanut Butter Cubes,8/4/2021,3094,258
Husein Augar,India,Baker's Choco Chips,8/4/2021,3521,353
Madelene Upcott,India,Mint Chip Choco,8/4/2021,399,40
Barr Faughny,USA,Smooth Sliky Salty,8/4/2021,4081,454
Wilone O'Kielt,New Zealand,Choco Coated Almonds,8/4/2021,6993,318
Dennison Crosswaite,Canada,Raspberry Choco,8/4/2021,2114,118
Dennison Crosswaite,India,Milk Bars,8/4/2021,6314,372
Kaine Padly,USA,Choco Coated Almonds,8/4/2021,7245,290
Karlen McCaffrey,New Zealand,Organic Choco Syrup,8/4/2021,4284,179
Brien Boise,New Zealand,Organic Choco Syrup,8/4/2021,203,10
Karlen McCaffrey,Canada,Fruit & Nut Bars,8/4/2021,4970,332
Jan Morforth,Canada,Mint Chip Choco,8/4/2021,1386,139
Madelene Upcott,Australia,Orange Choco,8/4/2021,2443,349
Wilone O'Kielt,USA,Caramel Stuffed Bars,8/4/2021,8386,350
Rafaelita Blaksland,Australia,Almond Choco,8/4/2021,1176,44
Dennison Crosswaite,UK,Organic Choco Syrup,8/4/2021,8582,391
Dennison Crosswaite,Canada,Manuka Honey Choco,8/4/2021,8148,510
Dotty Strutley,Australia,Choco Coated Almonds,8/4/2021,448,18
Gunar Cockshoot,UK,Fruit & Nut Bars,8/4/2021,7175,449
Barr Faughny,USA,White Choc,8/4/2021,4151,231
Marney O'Breen,India,Almond Choco,8/4/2021,406,16
Karlen McCaffrey,UK,99% Dark & Pure,8/4/2021,1043,70
Wilone O'Kielt,Canada,Manuka Honey Choco,8/4/2021,4291,307
Husein Augar,New Zealand,70% Dark Bites,8/4/2021,3542,222
Husein Augar,Canada,Almond Choco,8/4/2021,7056,262
Barr Faughny,Australia,Eclairs,8/4/2021,3969,331
Rafaelita Blaksland,Canada,99% Dark & Pure,8/4/2021,15365,1050
Husein Augar,Canada,Organic Choco Syrup,8/4/2021,6139,267
Jan Morforth,New Zealand,70% Dark Bites,8/4/2021,5936,457
Rafaelita Blaksland,India,Drinking Coco,8/4/2021,7028,293
Rafaelita Blaksland,New Zealand,Mint Chip Choco,8/4/2021,7525,910
Kaine Padly,UK,Caramel Stuffed Bars,8/4/2021,3843,148
Curtice Advani,India,85% Dark Bars,8/4/2021,994,53
Brien Boise,New Zealand,Caramel Stuffed Bars,8/4/2021,917,34
Ches Bonnell,USA,50% Dark Bites,8/4/2021,2429,106
Curtice Advani,UK,Milk Bars,8/4/2021,1855,98
Dennison Crosswaite,Canada,White Choc,8/4/2021,1582,80
Dennison Crosswaite,USA,Raspberry Choco,8/4/2021,6258,348
Dotty Strutley,India,Almond Choco,8/4/2021,3584,138
Jan Morforth,New Zealand,Smooth Sliky Salty,8/4/2021,4837,840
Curtice Advani,New Zealand,Orange Choco,8/4/2021,8988,1120
Gunar Cockshoot,Australia,50% Dark Bites,8/4/2021,1036,46
Kelci Walkden,India,Peanut Butter Cubes,8/5/2021,7070,590
Andria Kimpton,UK,Eclairs,8/5/2021,10409,840
Barr Faughny,New Zealand,Raspberry Choco,8/5/2021,3920,207
Barr Faughny,India,Milk Bars,8/5/2021,2758,154
Rafaelita Blaksland,New Zealand,Raspberry Choco,8/5/2021,1512,89
Husein Augar,New Zealand,Baker's Choco Chips,8/5/2021,5719,700
Curtice Advani,USA,White Choc,8/5/2021,910,48
Marney O'Breen,India,Eclairs,8/5/2021,4361,364
Kelci Walkden,Australia,Baker's Choco Chips,8/5/2021,4613,1540
Kaine Padly,New Zealand,Baker's Choco Chips,8/5/2021,9177,599
Gigi Bohling,UK,Fruit & Nut Bars,8/5/2021,1715,498
Rafaelita Blaksland,New Zealand,Drinking Coco,8/5/2021,1295,33
Marney O'Breen,India,White Choc,8/5/2021,112,26
Wilone O'Kielt,Canada,Milk Bars,8/5/2021,1869,228
Barr Faughny,India,Orange Choco,8/5/2021,2100,700
Kaine Padly,USA,Smooth Sliky Salty,8/5/2021,1890,584
Kaine Padly,Canada,Caramel Stuffed Bars,8/5/2021,2387,76
Beverie Moffet,India,Smooth Sliky Salty,8/5/2021,8015,1190
Gigi Bohling,New Zealand,Milk Bars,8/5/2021,1134,78
Oby Sorrel,Canada,Manuka Honey Choco,8/5/2021,6335,127
Dennison Crosswaite,Canada,Peanut Butter Cubes,8/5/2021,2303,245
Curtice Advani,New Zealand,Caramel Stuffed Bars,8/5/2021,7637,24
Marney O'Breen,Australia,Choco Coated Almonds,8/5/2021,2401,387
Gigi Bohling,Australia,85% Dark Bars,8/5/2021,4795,91
Curtice Advani,India,Manuka Honey Choco,8/5/2021,1610,499
Ches Bonnell,Canada,Drinking Coco,8/5/2021,5110,160
Dotty Strutley,India,Manuka Honey Choco,8/5/2021,1904,353
Madelene Upcott,UK,Caramel Stuffed Bars,8/5/2021,10451,219
Andria Kimpton,UK,Peanut Butter Cubes,8/5/2021,931,361
Husein Augar,Australia,Organic Choco Syrup,8/5/2021,8281,9
Dennison Crosswaite,New Zealand,Smooth Sliky Salty,8/5/2021,5523,97
Dotty Strutley,India,Milk Bars,8/6/2021,1330,130
Jan Morforth,Canada,Organic Choco Syrup,8/6/2021,6363,564
Ches Bonnell,India,Manuka Honey Choco,8/6/2021,6867,38
Husein Augar,Australia,Caramel Stuffed Bars,8/6/2021,3703,95
Kelci Walkden,India,Choco Coated Almonds,8/6/2021,546,96
Andria Kimpton,New Zealand,White Choc,8/6/2021,5257,180
Dotty Strutley,New Zealand,Baker's Choco Chips,8/6/2021,3444,207
Ches Bonnell,New Zealand,Organic Choco Syrup,8/6/2021,630,134
Dennison Crosswaite,UK,Raspberry Choco,8/6/2021,364,68
Madelene Upcott,USA,Fruit & Nut Bars,8/6/2021,8568,173
Kaine Padly,India,After Nines,8/6/2021,1309,700
Dotty Strutley,New Zealand,White Choc,8/6/2021,5936,80
Gunar Cockshoot,USA,Drinking Coco,8/6/2021,3514,127
Madelene Upcott,Australia,Caramel Stuffed Bars,8/6/2021,14,177
Beverie Moffet,Australia,Peanut Butter Cubes,8/6/2021,7679,61
Ches Bonnell,Australia,Drinking Coco,8/6/2021,3528,168
Beverie Moffet,Australia,Raspberry Choco,8/6/2021,7672,136
Karlen McCaffrey,UK,Baker's Choco Chips,8/6/2021,336,147
Rafaelita Blaksland,Australia,70% Dark Bites,8/6/2021,8680,317
Kelci Walkden,New Zealand,70% Dark Bites,8/6/2021,1085,657
Rafaelita Blaksland,Canada,Spicy Special Slims,8/6/2021,1876,1120
Kaine Padly,Canada,Almond Choco,8/6/2021,6377,85
Karlen McCaffrey,New Zealand,70% Dark Bites,8/6/2021,245,491
Dennison Crosswaite,USA,After Nines,8/6/2021,9807,231
Dotty Strutley,UK,Organic Choco Syrup,8/6/2021,6069,25
Jan Morforth,Australia,Organic Choco Syrup,8/6/2021,3619,257
Kaine Padly,New Zealand,85% Dark Bars,8/6/2021,1204,343
Dennison Crosswaite,Canada,Mint Chip Choco,8/6/2021,4774,689
Rafaelita Blaksland,Australia,Orange Choco,8/6/2021,2835,229
Curtice Advani,Canada,50% Dark Bites,8/6/2021,7798,89
Oby Sorrel,UK,White Choc,8/6/2021,2723,121
Karlen McCaffrey,Australia,After Nines,8/6/2021,5257,84
Barr Faughny,Australia,99% Dark & Pure,8/6/2021,525,112
Dotty Strutley,UK,Orange Choco,8/6/2021,1141,1470
Gunar Cockshoot,New Zealand,50% Dark Bites,8/6/2021,4760,23
Wilone O'Kielt,New Zealand,After Nines,8/6/2021,5404,383
Brien Boise,Canada,Orange Choco,8/6/2021,3479,682
Ches Bonnell,New Zealand,Choco Coated Almonds,8/6/2021,210,292
Dotty Strutley,UK,After Nines,8/6/2021,6132,150
Andria Kimpton,UK,After Nines,8/6/2021,7133,201
Oby Sorrel,Australia,Orange Choco,8/9/2021,3738,840
Andria Kimpton,Australia,50% Dark Bites,8/9/2021,5544,43
Karlen McCaffrey,Canada,Organic Choco Syrup,8/9/2021,5740,7
Andria Kimpton,Canada,Organic Choco Syrup,8/9/2021,1120,249
Barr Faughny,New Zealand,Choco Coated Almonds,8/9/2021,11550,72
Karlen McCaffrey,Australia,Mint Chip Choco,8/9/2021,3339,49
Madelene Upcott,Canada,After Nines,8/9/2021,7490,129
Beverie Moffet,India,70% Dark Bites,8/9/2021,3885,471
Oby Sorrel,New Zealand,Choco Coated Almonds,8/9/2021,2751,203
Marney O'Breen,Canada,Manuka Honey Choco,8/9/2021,3535,296
Dennison Crosswaite,UK,Manuka Honey Choco,8/9/2021,1505,605
Rafaelita Blaksland,Australia,85% Dark Bars,8/9/2021,2548,34
Oby Sorrel,USA,Organic Choco Syrup,8/9/2021,10213,459
Beverie Moffet,UK,After Nines,8/9/2021,784,111
Curtice Advani,UK,Spicy Special Slims,8/9/2021,7140,153
Dotty Strutley,New Zealand,Fruit & Nut Bars,8/9/2021,4102,170
Wilone O'Kielt,Australia,85% Dark Bars,8/9/2021,14,770
Kaine Padly,USA,Organic Choco Syrup,8/9/2021,3451,180
Gigi Bohling,New Zealand,Peanut Butter Cubes,8/9/2021,4326,550
Curtice Advani,New Zealand,70% Dark Bites,8/9/2021,1953,315
Madelene Upcott,Canada,Smooth Sliky Salty,8/9/2021,9331,612
Husein Augar,India,Raspberry Choco,8/9/2021,7595,205
Gunar Cockshoot,USA,Spicy Special Slims,8/9/2021,1813,9
Oby Sorrel,India,99% Dark & Pure,8/9/2021,5362,387
Jan Morforth,USA,85% Dark Bars,8/9/2021,3941,199
Husein Augar,UK,Choco Coated Almonds,8/9/2021,686,159
Curtice Advani,USA,Orange Choco,8/9/2021,903,254
Dotty Strutley,Australia,Drinking Coco,8/9/2021,4270,104
Gigi Bohling,USA,Raspberry Choco,8/9/2021,4312,199
Dotty Strutley,India,70% Dark Bites,8/9/2021,2471,32
Wilone O'Kielt,India,Almond Choco,8/9/2021,5341,191
Barr Faughny,Canada,White Choc,8/9/2021,4522,266
Gigi Bohling,UK,After Nines,8/9/2021,8099,110
Curtice Advani,Australia,Smooth Sliky Salty,8/9/2021,4739,980
Dotty Strutley,UK,Caramel Stuffed Bars,8/9/2021,210,206
Dotty Strutley,Australia,99% Dark & Pure,8/9/2021,3703,75
Brien Boise,UK,White Choc,8/9/2021,4984,142
Husein Augar,India,Spicy Special Slims,8/10/2021,8218,181
Madelene Upcott,India,Almond Choco,8/10/2021,581,297
Beverie Moffet,USA,Spicy Special Slims,8/10/2021,2289,597
Oby Sorrel,New Zealand,Manuka Honey Choco,8/10/2021,2086,521
Brien Boise,New Zealand,50% Dark Bites,8/10/2021,3822,280
Jan Morforth,Canada,99% Dark & Pure,8/10/2021,1127,171
Beverie Moffet,India,Almond Choco,8/10/2021,6048,48
Dennison Crosswaite,Canada,Smooth Sliky Salty,8/10/2021,1708,200
Curtice Advani,India,Fruit & Nut Bars,8/10/2021,406,495
Curtice Advani,Australia,Organic Choco Syrup,8/10/2021,9072,170
Kelci Walkden,India,Caramel Stuffed Bars,8/10/2021,3563,77
Dotty Strutley,India,85% Dark Bars,8/10/2021,6811,213
Dennison Crosswaite,Australia,Drinking Coco,8/10/2021,1813,63
Kaine Padly,USA,Almond Choco,8/10/2021,1155,35
Oby Sorrel,India,White Choc,8/10/2021,1470,11
Brien Boise,USA,Manuka Honey Choco,8/10/2021,2870,73
Oby Sorrel,Canada,Choco Coated Almonds,8/10/2021,2912,23
Husein Augar,UK,99% Dark & Pure,8/10/2021,6650,315
Husein Augar,USA,99% Dark & Pure,8/10/2021,336,74
Jan Morforth,India,Organic Choco Syrup,8/10/2021,1372,116
Marney O'Breen,India,70% Dark Bites,8/10/2021,2800,353
Husein Augar,India,Fruit & Nut Bars,8/10/2021,2534,770
Gigi Bohling,India,Organic Choco Syrup,8/10/2021,4858,347
Karlen McCaffrey,Canada,Milk Bars,8/10/2021,2891,514
Dennison Crosswaite,USA,Almond Choco,8/10/2021,2205,292
Wilone O'Kielt,USA,Raspberry Choco,8/10/2021,9660,76
Dotty Strutley,Canada,99% Dark & Pure,8/10/2021,1974,68
Brien Boise,Australia,99% Dark & Pure,8/10/2021,5565,339
Curtice Advani,Australia,Eclairs,8/10/2021,6006,445
Karlen McCaffrey,USA,Caramel Stuffed Bars,8/10/2021,7392,180
Dotty Strutley,India,Organic Choco Syrup,8/10/2021,5943,290
Wilone O'Kielt,India,Eclairs,8/10/2021,11277,910
Kelci Walkden,UK,Drinking Coco,8/10/2021,2541,271
Jan Morforth,UK,50% Dark Bites,8/10/2021,5642,288
Barr Faughny,USA,Choco Coated Almonds,8/10/2021,1197,507
Ches Bonnell,Australia,After Nines,8/10/2021,1400,176
Dennison Crosswaite,Australia,Peanut Butter Cubes,8/10/2021,2688,182
Dotty Strutley,India,Eclairs,8/10/2021,1050,669
Gunar Cockshoot,UK,Smooth Sliky Salty,8/10/2021,6181,770
Rafaelita Blaksland,USA,Manuka Honey Choco,8/10/2021,6377,208
Madelene Upcott,Canada,Orange Choco,8/10/2021,2457,133
Gigi Bohling,New Zealand,85% Dark Bars,8/10/2021,2695,474
Rafaelita Blaksland,India,Peanut Butter Cubes,8/10/2021,7812,468
Karlen McCaffrey,Australia,Organic Choco Syrup,8/10/2021,4438,23
Ches Bonnell,India,50% Dark Bites,8/10/2021,154,32
Curtice Advani,UK,Caramel Stuffed Bars,8/10/2021,6587,203
Gigi Bohling,Canada,Almond Choco,8/10/2021,1918,70
Marney O'Breen,India,Spicy Special Slims,8/10/2021,1904,142
Wilone O'Kielt,Australia,Peanut Butter Cubes,8/10/2021,5369,352
Madelene Upcott,Australia,Manuka Honey Choco,8/10/2021,5698,103
Ches Bonnell,New Zealand,Spicy Special Slims,8/11/2021,3570,56
Oby Sorrel,USA,Peanut Butter Cubes,8/11/2021,4928,205
Curtice Advani,USA,Eclairs,8/11/2021,3584,368
Brien Boise,Canada,Almond Choco,8/11/2021,8218,31
Wilone O'Kielt,Canada,Fruit & Nut Bars,8/11/2021,3437,345
Jan Morforth,New Zealand,Drinking Coco,8/11/2021,469,70
Gunar Cockshoot,India,Eclairs,8/11/2021,28,980
Kaine Padly,Canada,Fruit & Nut Bars,8/11/2021,623,63
Gunar Cockshoot,New Zealand,After Nines,8/11/2021,2982,280
Dotty Strutley,USA,White Choc,8/11/2021,5649,103
Barr Faughny,New Zealand,Manuka Honey Choco,8/11/2021,4935,327
Kaine Padly,Canada,70% Dark Bites,8/11/2021,5166,547
Gunar Cockshoot,India,85% Dark Bars,8/11/2021,2051,115
Oby Sorrel,Canada,Fruit & Nut Bars,8/11/2021,2989,147
Husein Augar,India,70% Dark Bites,8/11/2021,2303,452
Karlen McCaffrey,Canada,Caramel Stuffed Bars,8/11/2021,10773,165
Madelene Upcott,USA,Spicy Special Slims,8/12/2021,6923,69
Gigi Bohling,New Zealand,After Nines,8/12/2021,1708,43
Gunar Cockshoot,India,70% Dark Bites,8/12/2021,6944,202
Karlen McCaffrey,India,Mint Chip Choco,8/12/2021,2373,1330
Ches Bonnell,India,White Choc,8/12/2021,10976,230
Brien Boise,Australia,85% Dark Bars,8/12/2021,5110,139
Beverie Moffet,New Zealand,Mint Chip Choco,8/12/2021,8323,323
Karlen McCaffrey,India,70% Dark Bites,8/12/2021,1008,174
Karlen McCaffrey,USA,Organic Choco Syrup,8/12/2021,1449,505
Beverie Moffet,Australia,Almond Choco,8/12/2021,1127,270
Jan Morforth,Australia,Drinking Coco,8/12/2021,8512,248
Rafaelita Blaksland,USA,50% Dark Bites,8/12/2021,3521,78
Karlen McCaffrey,India,Smooth Sliky Salty,8/12/2021,7693,1050
Barr Faughny,India,Peanut Butter Cubes,8/12/2021,3906,137
Karlen McCaffrey,Canada,Baker's Choco Chips,8/12/2021,1869,238
Barr Faughny,USA,Orange Choco,8/12/2021,4410,243
Curtice Advani,UK,Manuka Honey Choco,8/12/2021,210,458
Gunar Cockshoot,Canada,50% Dark Bites,8/12/2021,2590,284
Dotty Strutley,USA,85% Dark Bars,8/12/2021,5670,128
Oby Sorrel,New Zealand,Drinking Coco,8/12/2021,4088,400
Beverie Moffet,Canada,Milk Bars,8/12/2021,378,386
Karlen McCaffrey,Australia,Peanut Butter Cubes,8/12/2021,119,416
Brien Boise,USA,Raspberry Choco,8/12/2021,532,280
Wilone O'Kielt,Australia,70% Dark Bites,8/12/2021,8099,129
Marney O'Breen,Australia,Peanut Butter Cubes,8/12/2021,5803,114
Marney O'Breen,India,99% Dark & Pure,8/12/2021,2590,77
Dotty Strutley,Canada,Smooth Sliky Salty,8/12/2021,10815,276
Dotty Strutley,Canada,Spicy Special Slims,8/12/2021,5033,547
Kelci Walkden,UK,Almond Choco,8/12/2021,1267,335
Curtice Advani,Australia,99% Dark & Pure,8/12/2021,301,553
Gunar Cockshoot,USA,After Nines,8/12/2021,1099,356
Kelci Walkden,Canada,Almond Choco,8/12/2021,2394,121
Andria Kimpton,Canada,Caramel Stuffed Bars,8/12/2021,651,362
Brien Boise,Canada,White Choc,8/12/2021,1666,415
Ches Bonnell,Australia,Smooth Sliky Salty,8/12/2021,5271,310
Curtice Advani,New Zealand,Baker's Choco Chips,8/12/2021,5012,117
Dotty Strutley,Australia,Spicy Special Slims,8/12/2021,14595,661
Jan Morforth,Australia,Choco Coated Almonds,8/12/2021,1232,24
Wilone O'Kielt,New Zealand,Mint Chip Choco,8/12/2021,7147,910
Marney O'Breen,India,Manuka Honey Choco,8/12/2021,2030,14
Barr Faughny,USA,Spicy Special Slims,8/12/2021,1624,241
Gunar Cockshoot,USA,50% Dark Bites,8/12/2021,3066,444
Curtice Advani,New Zealand,Choco Coated Almonds,8/12/2021,980,210
Gunar Cockshoot,New Zealand,70% Dark Bites,8/12/2021,2464,145
Wilone O'Kielt,India,Milk Bars,8/12/2021,7924,374
Dotty Strutley,Australia,Eclairs,8/12/2021,9289,700
Husein Augar,Australia,White Choc,8/12/2021,7630,129
Gigi Bohling,India,85% Dark Bars,8/12/2021,3731,253
Jan Morforth,UK,Manuka Honey Choco,8/12/2021,6727,106
Rafaelita Blaksland,UK,Fruit & Nut Bars,8/12/2021,1610,286
Dennison Crosswaite,India,Eclairs,8/12/2021,1043,249
Marney O'Breen,New Zealand,Spicy Special Slims,8/12/2021,5880,350
Marney O'Breen,Canada,Mint Chip Choco,8/12/2021,7294,1330
Gunar Cockshoot,Canada,Drinking Coco,8/12/2021,987,110
Rafaelita Blaksland,USA,Raspberry Choco,8/13/2021,2247,179
Husein Augar,Australia,Manuka Honey Choco,8/13/2021,1183,178
Beverie Moffet,Canada,Caramel Stuffed Bars,8/13/2021,4368,145
Barr Faughny,UK,Baker's Choco Chips,8/13/2021,8764,840
Gunar Cockshoot,UK,Milk Bars,8/13/2021,1246,158
Marney O'Breen,India,Organic Choco Syrup,8/13/2021,364,60
Gunar Cockshoot,Australia,Milk Bars,8/13/2021,7700,9
Oby Sorrel,New Zealand,Spicy Special Slims,8/13/2021,2016,132
Dotty Strutley,UK,Mint Chip Choco,8/13/2021,1190,332
Husein Augar,Australia,Raspberry Choco,8/13/2021,7098,206
Dotty Strutley,Canada,Baker's Choco Chips,8/13/2021,210,344
Dennison Crosswaite,New Zealand,Choco Coated Almonds,8/13/2021,2730,56
Rafaelita Blaksland,New Zealand,85% Dark Bars,8/13/2021,7539,54
Marney O'Breen,India,Milk Bars,8/13/2021,1918,147
Gigi Bohling,Australia,Mint Chip Choco,8/13/2021,8512,234
Wilone O'Kielt,USA,50% Dark Bites,8/13/2021,6853,7
Barr Faughny,New Zealand,Milk Bars,8/13/2021,1029,223
Gigi Bohling,UK,Peanut Butter Cubes,8/13/2021,1092,840
Rafaelita Blaksland,India,Raspberry Choco,8/13/2021,5971,171
Karlen McCaffrey,New Zealand,Caramel Stuffed Bars,8/13/2021,5425,318
Rafaelita Blaksland,India,Orange Choco,8/13/2021,4088,252
Husein Augar,USA,50% Dark Bites,8/13/2021,4606,239
Kelci Walkden,USA,Manuka Honey Choco,8/13/2021,1659,19
Andria Kimpton,India,Mint Chip Choco,8/13/2021,1246,455
Rafaelita Blaksland,New Zealand,99% Dark & Pure,8/13/2021,3521,227
Curtice Advani,New Zealand,Organic Choco Syrup,8/13/2021,5292,217
Rafaelita Blaksland,Australia,Smooth Sliky Salty,8/13/2021,6412,770
Dotty Strutley,Canada,Mint Chip Choco,8/13/2021,3738,151
Karlen McCaffrey,Canada,Eclairs,8/13/2021,1351,455
Barr Faughny,India,Almond Choco,8/13/2021,7553,577
Beverie Moffet,USA,Peanut Butter Cubes,8/13/2021,10185,88
Gigi Bohling,Australia,Raspberry Choco,8/13/2021,13881,294
Marney O'Breen,New Zealand,Organic Choco Syrup,8/13/2021,7812,78
Wilone O'Kielt,India,Peanut Butter Cubes,8/13/2021,3591,507
Ches Bonnell,UK,Orange Choco,8/13/2021,2380,115
Barr Faughny,Canada,Baker's Choco Chips,8/13/2021,1092,980
Gunar Cockshoot,Australia,Baker's Choco Chips,8/13/2021,168,17
Dotty Strutley,New Zealand,85% Dark Bars,8/13/2021,5649,182
Jan Morforth,New Zealand,85% Dark Bars,8/13/2021,4928,573
Rafaelita Blaksland,UK,Choco Coated Almonds,8/13/2021,1148,265
Kelci Walkden,New Zealand,Fruit & Nut Bars,8/13/2021,1463,9
Curtice Advani,USA,99% Dark & Pure,8/16/2021,588,130
Karlen McCaffrey,New Zealand,99% Dark & Pure,8/16/2021,1218,9
Brien Boise,USA,Almond Choco,8/16/2021,2310,15
Marney O'Breen,India,After Nines,8/16/2021,3682,300
Curtice Advani,New Zealand,Spicy Special Slims,8/16/2021,4550,160
Barr Faughny,Canada,Raspberry Choco,8/16/2021,3521,290
Gigi Bohling,UK,Raspberry Choco,8/16/2021,504,486
Beverie Moffet,India,85% Dark Bars,8/16/2021,2912,342
Beverie Moffet,USA,Raspberry Choco,8/16/2021,1862,7
Kelci Walkden,USA,Peanut Butter Cubes,8/16/2021,11158,135
Kelci Walkden,India,85% Dark Bars,8/16/2021,3171,506
Rafaelita Blaksland,Canada,After Nines,8/16/2021,11767,394
Wilone O'Kielt,Australia,Drinking Coco,8/16/2021,6699,90
Marney O'Breen,New Zealand,Caramel Stuffed Bars,8/16/2021,2380,274
Gunar Cockshoot,UK,Organic Choco Syrup,8/16/2021,2618,443
Jan Morforth,New Zealand,99% Dark & Pure,8/16/2021,8715,324
Ches Bonnell,Canada,Choco Coated Almonds,8/16/2021,1239,233
Beverie Moffet,India,Mint Chip Choco,8/16/2021,10458,306
Gigi Bohling,India,Caramel Stuffed Bars,8/16/2021,1134,101
Curtice Advani,Canada,Eclairs,8/16/2021,4298,408
Jan Morforth,New Zealand,Choco Coated Almonds,8/16/2021,3269,265
Kaine Padly,UK,50% Dark Bites,8/16/2021,6671,88
Kelci Walkden,UK,Peanut Butter Cubes,8/16/2021,3276,512
Ches Bonnell,UK,50% Dark Bites,8/16/2021,2205,414
Kelci Walkden,USA,Orange Choco,8/16/2021,2457,150
Marney O'Breen,USA,Caramel Stuffed Bars,8/16/2021,5187,130
Wilone O'Kielt,New Zealand,50% Dark Bites,8/16/2021,504,121
Dennison Crosswaite,Australia,Milk Bars,8/16/2021,3451,42
Barr Faughny,Canada,Spicy Special Slims,8/16/2021,798,392
Wilone O'Kielt,Canada,After Nines,8/16/2021,9219,124
Brien Boise,Canada,Peanut Butter Cubes,8/16/2021,7042,246
Rafaelita Blaksland,New Zealand,Spicy Special Slims,8/16/2021,3815,405
Madelene Upcott,India,99% Dark & Pure,8/16/2021,6076,74
Kelci Walkden,USA,Organic Choco Syrup,8/16/2021,5740,123
Andria Kimpton,USA,Eclairs,8/16/2021,6734,310
Barr Faughny,Canada,Drinking Coco,8/16/2021,8029,178
Barr Faughny,Canada,Caramel Stuffed Bars,8/16/2021,5159,35
Rafaelita Blaksland,Australia,After Nines,8/16/2021,2513,374
Dennison Crosswaite,UK,50% Dark Bites,8/16/2021,693,195
Brien Boise,India,White Choc,8/16/2021,238,29
Brien Boise,Australia,Almond Choco,8/16/2021,1078,443
Ches Bonnell,India,Peanut Butter Cubes,8/16/2021,1295,23
Ches Bonnell,New Zealand,White Choc,8/16/2021,8897,349
Dotty Strutley,India,99% Dark & Pure,8/16/2021,938,254
Andria Kimpton,Australia,Drinking Coco,8/17/2021,6181,24
Dotty Strutley,New Zealand,Spicy Special Slims,8/17/2021,3157,221
Gunar Cockshoot,Canada,Mint Chip Choco,8/17/2021,5488,131
Madelene Upcott,Australia,Mint Chip Choco,8/17/2021,1169,343
Oby Sorrel,USA,Almond Choco,8/17/2021,819,75
Andria Kimpton,Canada,Almond Choco,8/17/2021,140,214
Ches Bonnell,Canada,Raspberry Choco,8/17/2021,1022,380
Andria Kimpton,Australia,Peanut Butter Cubes,8/17/2021,2968,247
Kaine Padly,Australia,Orange Choco,8/17/2021,9037,108
Karlen McCaffrey,India,Manuka Honey Choco,8/17/2021,9093,222
Gigi Bohling,Australia,Caramel Stuffed Bars,8/17/2021,966,26
Wilone O'Kielt,UK,99% Dark & Pure,8/17/2021,5887,359
Curtice Advani,Canada,Orange Choco,8/17/2021,3108,352
Beverie Moffet,Australia,Caramel Stuffed Bars,8/17/2021,5208,241
Brien Boise,USA,99% Dark & Pure,8/17/2021,1099,63
Rafaelita Blaksland,UK,Mint Chip Choco,8/17/2021,350,105
Kelci Walkden,New Zealand,Drinking Coco,8/17/2021,5404,79
Gunar Cockshoot,Australia,Mint Chip Choco,8/17/2021,4116,677
Barr Faughny,New Zealand,85% Dark Bars,8/17/2021,11445,279
Brien Boise,Australia,Choco Coated Almonds,8/17/2021,7525,144
Madelene Upcott,Australia,Eclairs,8/17/2021,1197,341
Gigi Bohling,Australia,Almond Choco,8/17/2021,1946,340
Marney O'Breen,UK,Organic Choco Syrup,8/17/2021,1197,9
Dotty Strutley,Australia,Baker's Choco Chips,8/17/2021,322,25
Ches Bonnell,UK,99% Dark & Pure,8/17/2021,1463,136
Beverie Moffet,New Zealand,Raspberry Choco,8/17/2021,3465,288
Husein Augar,New Zealand,White Choc,8/18/2021,9170,61
Marney O'Breen,Australia,After Nines,8/18/2021,350,360
Wilone O'Kielt,USA,Fruit & Nut Bars,8/18/2021,5250,459
Curtice Advani,New Zealand,After Nines,8/18/2021,4984,53
Kaine Padly,Canada,Baker's Choco Chips,8/18/2021,2331,419
Gunar Cockshoot,USA,White Choc,8/18/2021,903,566
Gigi Bohling,New Zealand,Fruit & Nut Bars,8/18/2021,7357,209
Ches Bonnell,India,Organic Choco Syrup,8/18/2021,1379,78
Husein Augar,USA,Almond Choco,8/18/2021,1148,18
Marney O'Breen,USA,Eclairs,8/18/2021,1820,132
Karlen McCaffrey,USA,Mint Chip Choco,8/18/2021,4998,171
Dennison Crosswaite,New Zealand,Raspberry Choco,8/18/2021,5236,5
Brien Boise,USA,After Nines,8/18/2021,2457,71
Beverie Moffet,Australia,Milk Bars,8/18/2021,1764,332
Andria Kimpton,UK,Raspberry Choco,8/18/2021,4802,259
Brien Boise,Canada,Milk Bars,8/18/2021,9443,147
Kaine Padly,New Zealand,After Nines,8/18/2021,5152,228
Jan Morforth,New Zealand,Fruit & Nut Bars,8/18/2021,2576,481
Dotty Strutley,Canada,Fruit & Nut Bars,8/18/2021,4585,326
Andria Kimpton,USA,99% Dark & Pure,8/18/2021,4991,15
Kaine Padly,New Zealand,Peanut Butter Cubes,8/18/2021,8190,54
Kaine Padly,New Zealand,Orange Choco,8/18/2021,3675,1330
Husein Augar,UK,Drinking Coco,8/18/2021,4130,274
Marney O'Breen,UK,White Choc,8/18/2021,2625,211
Jan Morforth,USA,Eclairs,8/18/2021,9331,238
Barr Faughny,UK,Fruit & Nut Bars,8/18/2021,2702,286
Wilone O'Kielt,UK,70% Dark Bites,8/18/2021,1736,483
Husein Augar,India,Smooth Sliky Salty,8/18/2021,3640,185
Karlen McCaffrey,Canada,Manuka Honey Choco,8/18/2021,2212,336
Brien Boise,Australia,Orange Choco,8/18/2021,3003,605
Marney O'Breen,Australia,50% Dark Bites,8/18/2021,4011,142
Dennison Crosswaite,Canada,Baker's Choco Chips,8/18/2021,3451,267
Andria Kimpton,Canada,Mint Chip Choco,8/19/2021,4214,53
Ches Bonnell,UK,Raspberry Choco,8/19/2021,10598,153
Andria Kimpton,USA,White Choc,8/19/2021,4844,9
Rafaelita Blaksland,Australia,Spicy Special Slims,8/19/2021,5600,698
Marney O'Breen,UK,85% Dark Bars,8/19/2021,3584,364
Ches Bonnell,UK,Almond Choco,8/19/2021,63,326
Andria Kimpton,Canada,After Nines,8/19/2021,5355,34
Gigi Bohling,India,Drinking Coco,8/19/2021,714,10
Barr Faughny,Canada,Orange Choco,8/19/2021,3549,97
Brien Boise,India,70% Dark Bites,8/19/2021,2975,198
Kaine Padly,India,Organic Choco Syrup,8/19/2021,10570,502
Gunar Cockshoot,USA,85% Dark Bars,8/20/2021,413,98
Brien Boise,Canada,Organic Choco Syrup,8/20/2021,4389,129
Oby Sorrel,Canada,Spicy Special Slims,8/20/2021,4249,677
Gunar Cockshoot,India,Spicy Special Slims,8/20/2021,2135,189
Gunar Cockshoot,India,Peanut Butter Cubes,8/20/2021,4361,307
Ches Bonnell,New Zealand,Smooth Sliky Salty,8/20/2021,10220,557
Kelci Walkden,UK,Organic Choco Syrup,8/20/2021,9933,314
Oby Sorrel,Australia,85% Dark Bars,8/20/2021,1421,55
Gunar Cockshoot,USA,Caramel Stuffed Bars,8/20/2021,2163,116
Dotty Strutley,India,Choco Coated Almonds,8/20/2021,3892,200
Dotty Strutley,USA,Manuka Honey Choco,8/20/2021,7826,393
Marney O'Breen,Australia,Raspberry Choco,8/20/2021,2149,196
Wilone O'Kielt,Australia,Milk Bars,8/20/2021,1330,274
Husein Augar,UK,70% Dark Bites,8/20/2021,1407,235
Barr Faughny,Canada,After Nines,8/20/2021,4088,3
Dennison Crosswaite,USA,Manuka Honey Choco,8/20/2021,1834,366
Wilone O'Kielt,UK,Organic Choco Syrup,8/20/2021,7056,67
Dennison Crosswaite,India,Orange Choco,8/20/2021,4662,1400
Karlen McCaffrey,UK,Orange Choco,8/20/2021,3801,9
Dotty Strutley,UK,Smooth Sliky Salty,8/20/2021,2443,312
Gigi Bohling,UK,Milk Bars,8/20/2021,3717,60
Andria Kimpton,New Zealand,50% Dark Bites,8/20/2021,5740,114
Brien Boise,Canada,After Nines,8/20/2021,4921,154
Kelci Walkden,UK,Mint Chip Choco,8/20/2021,1806,1190
Karlen McCaffrey,Australia,Drinking Coco,8/20/2021,5460,330
Madelene Upcott,India,Orange Choco,8/20/2021,8449,208
Wilone O'Kielt,USA,Orange Choco,8/20/2021,7329,770
Barr Faughny,New Zealand,White Choc,8/20/2021,9149,275
Dotty Strutley,Australia,White Choc,8/20/2021,11074,318
Madelene Upcott,Australia,Almond Choco,8/20/2021,3416,374
Rafaelita Blaksland,Australia,Mint Chip Choco,8/20/2021,2044,71
Kelci Walkden,India,70% Dark Bites,8/20/2021,4991,366
Oby Sorrel,India,85% Dark Bars,8/20/2021,6706,157
Brien Boise,Australia,White Choc,8/20/2021,4431,320
Husein Augar,USA,Smooth Sliky Salty,8/20/2021,2191,910
Dotty Strutley,Canada,White Choc,8/20/2021,10003,307
Gunar Cockshoot,USA,Mint Chip Choco,8/20/2021,2394,1120
Kaine Padly,India,Milk Bars,8/20/2021,4193,107
Dennison Crosswaite,India,50% Dark Bites,8/20/2021,7168,307
Rafaelita Blaksland,USA,Eclairs,8/20/2021,3164,770
Ches Bonnell,UK,Eclairs,8/20/2021,3654,41
Kaine Padly,Australia,Choco Coated Almonds,8/20/2021,1176,281
Dotty Strutley,USA,Fruit & Nut Bars,8/20/2021,9317,347
Wilone O'Kielt,Australia,Orange Choco,8/20/2021,6188,263
Barr Faughny,UK,Milk Bars,8/20/2021,644,270
Wilone O'Kielt,India,Organic Choco Syrup,8/20/2021,1239,282
Brien Boise,Australia,70% Dark Bites,8/20/2021,5586,590
Andria Kimpton,USA,50% Dark Bites,8/20/2021,2674,104
Rafaelita Blaksland,Canada,Eclairs,8/20/2021,3787,275
Kelci Walkden,UK,50% Dark Bites,8/20/2021,2135,48
Karlen McCaffrey,New Zealand,Raspberry Choco,8/20/2021,658,15
Barr Faughny,Australia,Mint Chip Choco,8/20/2021,5334,428
Curtice Advani,USA,Peanut Butter Cubes,8/20/2021,4585,310
Dennison Crosswaite,New Zealand,Orange Choco,8/23/2021,4900,700
Andria Kimpton,India,50% Dark Bites,8/23/2021,6391,87
Jan Morforth,Canada,Spicy Special Slims,8/23/2021,5341,212
Marney O'Breen,India,Caramel Stuffed Bars,8/23/2021,9569,101
Husein Augar,New Zealand,Fruit & Nut Bars,8/23/2021,875,259
Gigi Bohling,India,Fruit & Nut Bars,8/23/2021,7490,700
Wilone O'Kielt,Canada,Spicy Special Slims,8/23/2021,1330,151
Gigi Bohling,UK,Smooth Sliky Salty,8/23/2021,8218,88
Ches Bonnell,USA,Drinking Coco,8/23/2021,3409,147
Gunar Cockshoot,Canada,Fruit & Nut Bars,8/23/2021,847,189
Brien Boise,Canada,Manuka Honey Choco,8/23/2021,13965,112
Gigi Bohling,Canada,Organic Choco Syrup,8/23/2021,6867,88
Karlen McCaffrey,Australia,Almond Choco,8/23/2021,2968,198
Gigi Bohling,Canada,Fruit & Nut Bars,8/23/2021,3122,285
Curtice Advani,India,Smooth Sliky Salty,8/23/2021,3171,350
Gigi Bohling,Australia,Peanut Butter Cubes,8/23/2021,1211,268
Beverie Moffet,Australia,Mint Chip Choco,8/23/2021,2492,154
Brien Boise,New Zealand,Smooth Sliky Salty,8/23/2021,357,770
Andria Kimpton,USA,Manuka Honey Choco,8/23/2021,4732,168
Oby Sorrel,Australia,70% Dark Bites,8/23/2021,7609,437
Brien Boise,UK,Baker's Choco Chips,8/23/2021,4123,226
Andria Kimpton,Canada,Manuka Honey Choco,8/23/2021,1897,313
Husein Augar,Canada,50% Dark Bites,8/23/2021,3612,31
Rafaelita Blaksland,New Zealand,White Choc,8/23/2021,9618,1
Oby Sorrel,India,After Nines,8/23/2021,637,130
Barr Faughny,UK,Manuka Honey Choco,8/23/2021,1106,142
Oby Sorrel,UK,99% Dark & Pure,8/23/2021,392,5
Marney O'Breen,Australia,70% Dark Bites,8/23/2021,1323,19
Jan Morforth,USA,Manuka Honey Choco,8/23/2021,490,156
Curtice Advani,Canada,Caramel Stuffed Bars,8/23/2021,13258,189
Ches Bonnell,India,Spicy Special Slims,8/23/2021,4025,99
Karlen McCaffrey,Australia,50% Dark Bites,8/23/2021,4144,221
Karlen McCaffrey,New Zealand,After Nines,8/23/2021,2219,163
Madelene Upcott,India,Milk Bars,8/23/2021,3248,22
Andria Kimpton,India,Fruit & Nut Bars,8/23/2021,9660,58
Gunar Cockshoot,India,Orange Choco,8/23/2021,1078,770
Madelene Upcott,New Zealand,Mint Chip Choco,8/23/2021,3248,210
Husein Augar,UK,85% Dark Bars,8/23/2021,4046,341
Dennison Crosswaite,Canada,99% Dark & Pure,8/23/2021,2695,45
Kaine Padly,Australia,Peanut Butter Cubes,8/23/2021,3591,237
Karlen McCaffrey,UK,White Choc,8/23/2021,3073,279
Rafaelita Blaksland,USA,Milk Bars,8/23/2021,2604,492
Brien Boise,UK,Peanut Butter Cubes,8/23/2021,798,4
Gunar Cockshoot,USA,Smooth Sliky Salty,8/23/2021,6517,252
Andria Kimpton,UK,Milk Bars,8/23/2021,3220,11
Dennison Crosswaite,New Zealand,Fruit & Nut Bars,8/23/2021,7931,175
Oby Sorrel,New Zealand,Baker's Choco Chips,8/23/2021,728,28
Oby Sorrel,Australia,Mint Chip Choco,8/24/2021,4368,339
Madelene Upcott,Canada,Organic Choco Syrup,8/24/2021,2583,135
Kelci Walkden,USA,85% Dark Bars,8/24/2021,1113,348
Beverie Moffet,USA,Drinking Coco,8/24/2021,665,556
Ches Bonnell,India,85% Dark Bars,8/24/2021,2653,84
Jan Morforth,UK,Smooth Sliky Salty,8/24/2021,7910,576
Kelci Walkden,New Zealand,White Choc,8/24/2021,2870,133
Rafaelita Blaksland,Australia,White Choc,8/24/2021,6237,518
Barr Faughny,Australia,Smooth Sliky Salty,8/24/2021,2884,2170
Wilone O'Kielt,UK,Orange Choco,8/24/2021,6237,910
Andria Kimpton,Australia,After Nines,8/24/2021,2205,370
Curtice Advani,India,Caramel Stuffed Bars,8/24/2021,4221,292
Kelci Walkden,UK,Orange Choco,8/24/2021,1638,514
Gunar Cockshoot,New Zealand,Drinking Coco,8/24/2021,8701,15
Husein Augar,Canada,Orange Choco,8/24/2021,8519,770
Andria Kimpton,Australia,White Choc,8/24/2021,4732,89
Gunar Cockshoot,Australia,Caramel Stuffed Bars,8/24/2021,98,249
Karlen McCaffrey,New Zealand,Choco Coated Almonds,8/24/2021,6783,49
Barr Faughny,India,Raspberry Choco,8/24/2021,4025,18
Beverie Moffet,UK,Baker's Choco Chips,8/24/2021,2695,297
Karlen McCaffrey,UK,50% Dark Bites,8/24/2021,3899,25
Gunar Cockshoot,New Zealand,Spicy Special Slims,8/24/2021,3759,57
Kaine Padly,Canada,50% Dark Bites,8/24/2021,8785,18
Dennison Crosswaite,USA,Orange Choco,8/24/2021,7861,282
Husein Augar,USA,85% Dark Bars,8/24/2021,1785,604
Gunar Cockshoot,India,Caramel Stuffed Bars,8/24/2021,679,188
Kelci Walkden,Canada,Manuka Honey Choco,8/24/2021,14364,43
Marney O'Breen,New Zealand,Almond Choco,8/24/2021,3059,174
Kaine Padly,UK,Eclairs,8/24/2021,1946,40
Brien Boise,UK,Eclairs,8/24/2021,3381,423
Rafaelita Blaksland,Canada,Orange Choco,8/24/2021,5922,654
Andria Kimpton,Australia,Smooth Sliky Salty,8/24/2021,763,341
Wilone O'Kielt,Australia,Baker's Choco Chips,8/24/2021,1113,373
Kaine Padly,India,Smooth Sliky Salty,8/24/2021,2765,500
Beverie Moffet,UK,White Choc,8/24/2021,917,173
Oby Sorrel,New Zealand,Almond Choco,8/25/2021,119,349
Oby Sorrel,Canada,85% Dark Bars,8/25/2021,2919,177
Marney O'Breen,UK,Mint Chip Choco,8/25/2021,4060,196
Gunar Cockshoot,UK,50% Dark Bites,8/25/2021,6846,136
Husein Augar,India,Milk Bars,8/25/2021,1148,500
Andria Kimpton,Australia,85% Dark Bars,8/25/2021,1085,5
Husein Augar,Canada,Drinking Coco,8/25/2021,2128,88
Gigi Bohling,India,Eclairs,8/25/2021,2884,127
Kelci Walkden,Canada,Baker's Choco Chips,8/25/2021,2569,700
Kaine Padly,Canada,85% Dark Bars,8/26/2021,602,274
Brien Boise,India,Raspberry Choco,8/26/2021,4585,60
Gigi Bohling,USA,Drinking Coco,8/26/2021,3717,174
Gunar Cockshoot,Australia,White Choc,8/26/2021,2667,91
Rafaelita Blaksland,USA,Organic Choco Syrup,8/26/2021,9450,347
Kaine Padly,USA,Eclairs,8/26/2021,1750,112
Curtice Advani,New Zealand,White Choc,8/26/2021,1715,39
Kelci Walkden,Australia,White Choc,8/26/2021,6664,346
Dennison Crosswaite,New Zealand,Organic Choco Syrup,8/26/2021,3990,160
Dennison Crosswaite,UK,Drinking Coco,8/26/2021,5418,201
Dotty Strutley,Canada,Eclairs,8/26/2021,7063,700
Gunar Cockshoot,New Zealand,Fruit & Nut Bars,8/26/2021,6349,489
Gigi Bohling,Australia,Orange Choco,8/26/2021,7616,980
Rafaelita Blaksland,USA,85% Dark Bars,8/26/2021,6419,292
Oby Sorrel,Australia,Spicy Special Slims,8/26/2021,5369,448
Husein Augar,USA,Spicy Special Slims,8/26/2021,1911,160
Curtice Advani,UK,Baker's Choco Chips,8/26/2021,10248,1120
Husein Augar,New Zealand,Milk Bars,8/26/2021,3738,234
Gunar Cockshoot,New Zealand,Choco Coated Almonds,8/26/2021,11277,470
Dennison Crosswaite,India,99% Dark & Pure,8/26/2021,1680,99
Husein Augar,New Zealand,Peanut Butter Cubes,8/26/2021,3136,262
Barr Faughny,UK,Peanut Butter Cubes,8/26/2021,6818,487
Jan Morforth,India,Milk Bars,8/26/2021,4494,237
Beverie Moffet,Australia,Manuka Honey Choco,8/26/2021,2611,187
Dotty Strutley,Canada,Almond Choco,8/26/2021,7231,279
Marney O'Breen,Canada,After Nines,8/26/2021,2114,112
Barr Faughny,India,Spicy Special Slims,8/26/2021,10731,770
Kaine Padly,USA,Milk Bars,8/26/2021,2625,139
Andria Kimpton,India,White Choc,8/26/2021,2408,134
Beverie Moffet,UK,Manuka Honey Choco,8/26/2021,5999,400
Curtice Advani,India,Raspberry Choco,8/26/2021,1820,96
Karlen McCaffrey,UK,Raspberry Choco,8/26/2021,1890,95
Andria Kimpton,New Zealand,Caramel Stuffed Bars,8/26/2021,336,14
Gunar Cockshoot,Canada,Raspberry Choco,8/26/2021,7630,449
Jan Morforth,Australia,White Choc,8/27/2021,3822,225
Andria Kimpton,Canada,Drinking Coco,8/27/2021,1911,77
Marney O'Breen,UK,Peanut Butter Cubes,8/27/2021,2380,184
Ches Bonnell,UK,Peanut Butter Cubes,8/27/2021,5950,397
Kaine Padly,Australia,50% Dark Bites,8/27/2021,5817,277
Madelene Upcott,USA,Orange Choco,8/27/2021,1694,242
Rafaelita Blaksland,USA,99% Dark & Pure,8/27/2021,119,8
Curtice Advani,Canada,70% Dark Bites,8/27/2021,28,3
Andria Kimpton,Australia,Manuka Honey Choco,8/27/2021,5362,383
Wilone O'Kielt,USA,After Nines,8/27/2021,9667,509
Marney O'Breen,USA,Choco Coated Almonds,8/27/2021,5257,229
Beverie Moffet,India,White Choc,8/27/2021,7098,418
Barr Faughny,India,Caramel Stuffed Bars,8/27/2021,8792,326
Wilone O'Kielt,Australia,50% Dark Bites,8/30/2021,2261,114
Madelene Upcott,Australia,Smooth Sliky Salty,8/30/2021,4235,471
Husein Augar,India,Manuka Honey Choco,8/30/2021,8736,514
Gunar Cockshoot,Australia,Fruit & Nut Bars,8/30/2021,4438,317
Curtice Advani,UK,Drinking Coco,8/30/2021,777,29
Brien Boise,USA,Milk Bars,8/30/2021,1092,69
Andria Kimpton,USA,Spicy Special Slims,8/30/2021,4452,318
Gigi Bohling,New Zealand,Caramel Stuffed Bars,8/30/2021,5299,197
Barr Faughny,UK,Eclairs,8/30/2021,5019,457
Karlen McCaffrey,Canada,Peanut Butter Cubes,8/30/2021,2982,199
Gigi Bohling,India,Orange Choco,8/30/2021,7602,980
Madelene Upcott,Australia,Organic Choco Syrup,8/30/2021,8183,341
Jan Morforth,UK,Caramel Stuffed Bars,8/30/2021,3325,139
Kaine Padly,USA,Peanut Butter Cubes,8/30/2021,4557,351
Andria Kimpton,New Zealand,Peanut Butter Cubes,8/31/2021,2856,238
Brien Boise,Canada,Choco Coated Almonds,8/31/2021,6930,302
Gigi Bohling,USA,Almond Choco,8/31/2021,8708,363
Gunar Cockshoot,Australia,Eclairs,8/31/2021,1386,126
Husein Augar,UK,50% Dark Bites,8/31/2021,35,2
Marney O'Breen,Australia,Baker's Choco Chips,8/31/2021,133,17
Jan Morforth,New Zealand,White Choc,8/31/2021,7637,425
Gigi Bohling,UK,Almond Choco,8/31/2021,2233,94
Oby Sorrel,Canada,Baker's Choco Chips,8/31/2021,1302,163
Rafaelita Blaksland,India,Manuka Honey Choco,8/31/2021,1757,104
Jan Morforth,India,Eclairs,8/31/2021,1225,103
Dotty Strutley,New Zealand,50% Dark Bites,8/31/2021,4676,213
Dennison Crosswaite,USA,Caramel Stuffed Bars,8/31/2021,343,13
Ches Bonnell,New Zealand,Manuka Honey Choco,8/31/2021,3024,216
Ches Bonnell,New Zealand,Mint Chip Choco,8/31/2021,322,33
Kelci Walkden,USA,Mint Chip Choco,8/31/2021,4424,632
Curtice Advani,UK,Peanut Butter Cubes,8/31/2021,3213,230
Jan Morforth,Canada,50% Dark Bites,8/31/2021,1631,75
Wilone O'Kielt,New Zealand,Drinking Coco,8/31/2021,2695,108
Beverie Moffet,India,Fruit & Nut Bars,8/31/2021,3297,236
Barr Faughny,Australia,Baker's Choco Chips,8/31/2021,1316,132
Andria Kimpton,UK,Fruit & Nut Bars,8/31/2021,2100,132
Rafaelita Blaksland,USA,Fruit & Nut Bars,8/31/2021,3703,285
Gigi Bohling,Australia,Smooth Sliky Salty,8/31/2021,378,54
Beverie Moffet,UK,99% Dark & Pure,8/31/2021,8323,490
Gigi Bohling,USA,Choco Coated Almonds,8/31/2021,8190,357
Dotty Strutley,USA,Mint Chip Choco,8/31/2021,5446,606
Jan Morforth,New Zealand,Mint Chip Choco,8/31/2021,1043,116
Karlen McCaffrey,USA,Choco Coated Almonds,8/31/2021,6825,311
Madelene Upcott,New Zealand,Orange Choco,8/31/2021,2891,579
Wilone O'Kielt,Australia,Spicy Special Slims,8/31/2021,4347,335
Marney O'Breen,Canada,Peanut Butter Cubes,8/31/2021,8484,700
Karlen McCaffrey,Australia,Baker's Choco Chips,8/31/2021,6419,910
Barr Faughny,India,White Choc,8/31/2021,735,41
Jan Morforth,New Zealand,Raspberry Choco,8/31/2021,4599,243
Jan Morforth,Canada,Choco Coated Almonds,8/31/2021,12222,532
Husein Augar,USA,Eclairs,8/31/2021,9401,910
Gigi Bohling,Canada,Baker's Choco Chips,8/31/2021,1729,217
Gunar Cockshoot,Canada,Milk Bars,8/31/2021,4193,247
Curtice Advani,India,Milk Bars,8/31/2021,2317,145
Jan Morforth,Canada,Raspberry Choco,8/31/2021,1575,83
Barr Faughny,USA,Milk Bars,8/31/2021,2142,119
Gigi Bohling,UK,Choco Coated Almonds,8/31/2021,2079,95
Karlen McCaffrey,India,Fruit & Nut Bars,8/31/2021,3626,259
Dotty Strutley,India,Drinking Coco,8/31/2021,5768,231
Andria Kimpton,Canada,Orange Choco,8/31/2021,1764,294
Rafaelita Blaksland,New Zealand,Baker's Choco Chips,9/1/2021,588,84
Kaine Padly,New Zealand,99% Dark & Pure,9/1/2021,8890,593
Oby Sorrel,Australia,Peanut Butter Cubes,9/1/2021,1526,118
Oby Sorrel,India,Spicy Special Slims,9/1/2021,1897,136
Jan Morforth,Canada,Orange Choco,9/1/2021,7623,1120
Madelene Upcott,New Zealand,Organic Choco Syrup,9/1/2021,5033,202
Dotty Strutley,UK,Eclairs,9/1/2021,5502,612
Gunar Cockshoot,India,Raspberry Choco,9/1/2021,2107,118
Husein Augar,Canada,Raspberry Choco,9/1/2021,10927,547
Beverie Moffet,UK,Organic Choco Syrup,9/1/2021,77,4
Dennison Crosswaite,India,After Nines,9/1/2021,3815,225
Oby Sorrel,Canada,Raspberry Choco,9/1/2021,1036,58
Dotty Strutley,New Zealand,Caramel Stuffed Bars,9/1/2021,4557,169
Madelene Upcott,USA,85% Dark Bars,9/1/2021,5950,271
Kaine Padly,UK,85% Dark Bars,9/1/2021,3143,158
Curtice Advani,India,Spicy Special Slims,9/1/2021,5474,391
Wilone O'Kielt,USA,Eclairs,9/1/2021,8155,910
Wilone O'Kielt,New Zealand,Smooth Sliky Salty,9/1/2021,4571,508
Kelci Walkden,USA,70% Dark Bites,9/1/2021,3059,204
Marney O'Breen,UK,Orange Choco,9/1/2021,5334,910
Beverie Moffet,Canada,99% Dark & Pure,9/1/2021,2527,169
Jan Morforth,New Zealand,50% Dark Bites,9/1/2021,4417,201
Dotty Strutley,USA,After Nines,9/1/2021,7476,374
Beverie Moffet,USA,Manuka Honey Choco,9/1/2021,2408,142
Husein Augar,UK,Baker's Choco Chips,9/1/2021,6300,700
Wilone O'Kielt,Canada,Baker's Choco Chips,9/1/2021,4641,465
Gunar Cockshoot,New Zealand,85% Dark Bars,9/1/2021,3563,188
Andria Kimpton,USA,Orange Choco,9/1/2021,1036,173
Dennison Crosswaite,India,Fruit & Nut Bars,9/1/2021,2051,147
Gunar Cockshoot,Canada,Peanut Butter Cubes,9/1/2021,4305,287
Dotty Strutley,Australia,Raspberry Choco,9/1/2021,16702,910
Jan Morforth,UK,Mint Chip Choco,9/1/2021,4172,596
Jan Morforth,USA,Smooth Sliky Salty,9/1/2021,4256,473
Gunar Cockshoot,UK,85% Dark Bars,9/1/2021,4053,214
Wilone O'Kielt,USA,Baker's Choco Chips,9/2/2021,5138,700
Curtice Advani,Australia,Almond Choco,9/2/2021,2303,86
Kelci Walkden,India,99% Dark & Pure,9/2/2021,693,41
Gunar Cockshoot,New Zealand,99% Dark & Pure,9/2/2021,3850,214
Beverie Moffet,New Zealand,70% Dark Bites,9/2/2021,371,24
Gigi Bohling,India,Smooth Sliky Salty,9/2/2021,3836,480
Dotty Strutley,India,Raspberry Choco,9/2/2021,2499,147
Rafaelita Blaksland,Canada,85% Dark Bars,9/2/2021,3906,196
Kelci Walkden,USA,After Nines,9/2/2021,3451,173
Andria Kimpton,UK,85% Dark Bars,9/2/2021,3731,187
Andria Kimpton,India,Raspberry Choco,9/2/2021,2548,135
Andria Kimpton,USA,85% Dark Bars,9/2/2021,1232,56
Brien Boise,UK,Caramel Stuffed Bars,9/2/2021,112,5
Gunar Cockshoot,India,Smooth Sliky Salty,9/2/2021,2226,318
Ches Bonnell,Australia,Organic Choco Syrup,9/2/2021,8890,405
Karlen McCaffrey,Australia,White Choc,9/2/2021,4270,225
Oby Sorrel,Canada,Mint Chip Choco,9/2/2021,2639,377
Oby Sorrel,Canada,Orange Choco,9/2/2021,4774,770
Beverie Moffet,New Zealand,Caramel Stuffed Bars,9/2/2021,7847,291
Gigi Bohling,UK,Caramel Stuffed Bars,9/2/2021,5677,237
Karlen McCaffrey,USA,70% Dark Bites,9/2/2021,3808,254
Dennison Crosswaite,New Zealand,70% Dark Bites,9/3/2021,7091,444
Barr Faughny,Canada,70% Dark Bites,9/3/2021,2177,168
Kaine Padly,USA,White Choc,9/3/2021,847,45
Kaine Padly,USA,85% Dark Bars,9/3/2021,1890,95
Gigi Bohling,USA,Baker's Choco Chips,9/3/2021,3472,434
Gigi Bohling,New Zealand,Organic Choco Syrup,9/3/2021,6594,275
Kelci Walkden,New Zealand,Organic Choco Syrup,9/3/2021,6727,306
Rafaelita Blaksland,USA,70% Dark Bites,9/3/2021,4606,329
Rafaelita Blaksland,UK,Manuka Honey Choco,9/3/2021,9996,625
Kaine Padly,Canada,Organic Choco Syrup,9/3/2021,4599,184
Barr Faughny,India,50% Dark Bites,9/3/2021,2142,102
Madelene Upcott,Canada,85% Dark Bars,9/3/2021,1736,79
Andria Kimpton,Australia,Organic Choco Syrup,9/3/2021,3115,136
Dennison Crosswaite,Australia,99% Dark & Pure,9/6/2021,2975,175
Andria Kimpton,USA,70% Dark Bites,9/6/2021,1589,114
Gunar Cockshoot,Canada,Caramel Stuffed Bars,9/6/2021,2198,88
Brien Boise,India,Manuka Honey Choco,9/6/2021,8393,600
Madelene Upcott,UK,Raspberry Choco,9/6/2021,4158,231
Madelene Upcott,USA,Almond Choco,9/6/2021,3563,138
Gigi Bohling,Canada,Mint Chip Choco,9/6/2021,11844,1680
Beverie Moffet,New Zealand,After Nines,9/6/2021,7847,413
Andria Kimpton,New Zealand,Fruit & Nut Bars,9/6/2021,9233,616
Andria Kimpton,USA,Choco Coated Almonds,9/6/2021,2485,100
Ches Bonnell,USA,Peanut Butter Cubes,9/6/2021,7686,513
Wilone O'Kielt,India,Fruit & Nut Bars,9/6/2021,4725,364
Kaine Padly,USA,50% Dark Bites,9/6/2021,7819,391
Husein Augar,Australia,Spicy Special Slims,9/6/2021,189,16
Karlen McCaffrey,India,Organic Choco Syrup,9/6/2021,2996,120
Gigi Bohling,USA,Orange Choco,9/6/2021,917,153
Gigi Bohling,Canada,Manuka Honey Choco,9/6/2021,1792,128
Oby Sorrel,India,Organic Choco Syrup,9/6/2021,9485,432
Dennison Crosswaite,India,Baker's Choco Chips,9/6/2021,3829,426
Marney O'Breen,Canada,99% Dark & Pure,9/6/2021,2191,147
Brien Boise,UK,Smooth Sliky Salty,9/6/2021,3073,342
Wilone O'Kielt,UK,Drinking Coco,9/6/2021,777,32
Beverie Moffet,USA,Baker's Choco Chips,9/6/2021,3374,375
Beverie Moffet,USA,Fruit & Nut Bars,9/6/2021,3542,253
Husein Augar,Canada,Smooth Sliky Salty,9/6/2021,11011,1400
Dotty Strutley,Canada,85% Dark Bars,9/6/2021,3206,169
Dennison Crosswaite,Australia,Choco Coated Almonds,9/6/2021,2261,95
Wilone O'Kielt,New Zealand,Orange Choco,9/6/2021,3332,667
Kaine Padly,Australia,After Nines,9/6/2021,2660,140
Rafaelita Blaksland,Canada,Caramel Stuffed Bars,9/6/2021,2758,103
Dotty Strutley,New Zealand,Manuka Honey Choco,9/7/2021,6727,421
Gigi Bohling,UK,Eclairs,9/7/2021,7329,667
Ches Bonnell,UK,Fruit & Nut Bars,9/7/2021,3353,210
Gigi Bohling,India,70% Dark Bites,9/7/2021,1876,134
Brien Boise,Canada,Caramel Stuffed Bars,9/7/2021,7693,321
Kaine Padly,Australia,Milk Bars,9/7/2021,4858,270
Madelene Upcott,Canada,Caramel Stuffed Bars,9/7/2021,378,15
Barr Faughny,USA,Organic Choco Syrup,9/7/2021,7175,299
Beverie Moffet,Australia,Smooth Sliky Salty,9/7/2021,1148,192
Marney O'Breen,UK,50% Dark Bites,9/7/2021,6167,294
Rafaelita Blaksland,UK,Drinking Coco,9/7/2021,6475,240
Barr Faughny,UK,85% Dark Bars,9/7/2021,3353,153
Madelene Upcott,UK,White Choc,9/7/2021,980,58
Brien Boise,Canada,70% Dark Bites,9/7/2021,4494,321
Jan Morforth,New Zealand,Caramel Stuffed Bars,9/7/2021,3409,137
Marney O'Breen,Australia,Almond Choco,9/7/2021,1435,56
Gunar Cockshoot,India,Organic Choco Syrup,9/7/2021,6839,311
Oby Sorrel,Australia,White Choc,9/7/2021,10801,569
Karlen McCaffrey,UK,Milk Bars,9/7/2021,609,34
Marney O'Breen,USA,Spicy Special Slims,9/7/2021,5334,445
Dennison Crosswaite,Australia,Raspberry Choco,9/7/2021,4641,258
Rafaelita Blaksland,UK,Eclairs,9/7/2021,3185,290
Curtice Advani,UK,Smooth Sliky Salty,9/7/2021,1330,148
Andria Kimpton,UK,Orange Choco,9/7/2021,707,118
Dotty Strutley,Canada,Drinking Coco,9/7/2021,1617,68
Jan Morforth,UK,White Choc,9/7/2021,1218,72
Gunar Cockshoot,USA,Raspberry Choco,9/7/2021,2037,102
Husein Augar,UK,Spicy Special Slims,9/7/2021,2261,174
Curtice Advani,UK,Mint Chip Choco,9/8/2021,3773,378
Karlen McCaffrey,Canada,85% Dark Bars,9/8/2021,49,3
Kaine Padly,New Zealand,Smooth Sliky Salty,9/8/2021,4753,595
Marney O'Breen,New Zealand,Mint Chip Choco,9/8/2021,1491,150
Karlen McCaffrey,USA,Drinking Coco,9/8/2021,5691,211
Wilone O'Kielt,Canada,Eclairs,9/8/2021,6356,530
Curtice Advani,Australia,Spicy Special Slims,9/8/2021,4277,286
Wilone O'Kielt,New Zealand,99% Dark & Pure,9/8/2021,10717,596
Barr Faughny,UK,After Nines,9/8/2021,5852,345
Beverie Moffet,Canada,Baker's Choco Chips,9/8/2021,3108,389
Rafaelita Blaksland,Australia,Raspberry Choco,9/8/2021,4291,253
Curtice Advani,UK,Almond Choco,9/8/2021,749,32
Gigi Bohling,Canada,Orange Choco,9/8/2021,8701,1120
Dennison Crosswaite,USA,Baker's Choco Chips,9/8/2021,5334,534
Rafaelita Blaksland,New Zealand,After Nines,9/8/2021,5292,265
Curtice Advani,New Zealand,50% Dark Bites,9/8/2021,2184,110
Barr Faughny,India,99% Dark & Pure,9/8/2021,4060,226
Beverie Moffet,UK,Choco Coated Almonds,9/8/2021,1785,75
Kaine Padly,UK,Mint Chip Choco,9/8/2021,4228,423
Oby Sorrel,Australia,After Nines,9/8/2021,3941,232
Marney O'Breen,USA,Manuka Honey Choco,9/8/2021,280,18
Gunar Cockshoot,New Zealand,Raspberry Choco,9/8/2021,2177,121
Brien Boise,UK,Raspberry Choco,9/8/2021,11123,655
Barr Faughny,USA,70% Dark Bites,9/8/2021,1904,127
Marney O'Breen,New Zealand,99% Dark & Pure,9/8/2021,294,20
Beverie Moffet,Canada,Spicy Special Slims,9/8/2021,14,1
Curtice Advani,New Zealand,Milk Bars,9/8/2021,6587,388
Husein Augar,Australia,99% Dark & Pure,9/8/2021,3136,185
Dennison Crosswaite,New Zealand,Eclairs,9/8/2021,1463,122
Brien Boise,India,Organic Choco Syrup,9/8/2021,3045,133
Dotty Strutley,Australia,Organic Choco Syrup,9/8/2021,4473,204
Karlen McCaffrey,USA,Smooth Sliky Salty,9/8/2021,4886,698
Oby Sorrel,India,Mint Chip Choco,9/8/2021,1624,232
Wilone O'Kielt,New Zealand,85% Dark Bars,9/8/2021,2121,97
Husein Augar,UK,Raspberry Choco,9/8/2021,1638,87
Beverie Moffet,USA,Mint Chip Choco,9/8/2021,2772,347
Dennison Crosswaite,New Zealand,85% Dark Bars,9/8/2021,5110,269
Barr Faughny,New Zealand,Organic Choco Syrup,9/8/2021,5012,218
Wilone O'Kielt,Australia,Caramel Stuffed Bars,9/8/2021,6447,269
Barr Faughny,UK,Organic Choco Syrup,9/8/2021,5306,242
Dotty Strutley,Canada,Organic Choco Syrup,9/8/2021,5593,234
Madelene Upcott,New Zealand,After Nines,9/8/2021,9597,506
Jan Morforth,Australia,Spicy Special Slims,9/8/2021,3906,326
Madelene Upcott,Australia,Spicy Special Slims,9/8/2021,2352,181
Rafaelita Blaksland,Canada,Almond Choco,9/8/2021,2842,106
Gunar Cockshoot,New Zealand,Almond Choco,9/9/2021,1036,44
Jan Morforth,India,Almond Choco,9/9/2021,2821,113
Karlen McCaffrey,India,99% Dark & Pure,9/9/2021,1988,117
Gunar Cockshoot,New Zealand,Smooth Sliky Salty,9/9/2021,2891,362
Husein Augar,Australia,Almond Choco,9/9/2021,5068,188
Gigi Bohling,Canada,Peanut Butter Cubes,9/9/2021,126,10
Brien Boise,New Zealand,Milk Bars,9/9/2021,2506,132
Husein Augar,UK,After Nines,9/9/2021,882,49
Karlen McCaffrey,USA,Manuka Honey Choco,9/9/2021,3150,186
Ches Bonnell,UK,Baker's Choco Chips,9/9/2021,3332,371
Gunar Cockshoot,New Zealand,Milk Bars,9/9/2021,10017,528
Marney O'Breen,Australia,Caramel Stuffed Bars,9/9/2021,4977,192
Dennison Crosswaite,Canada,Milk Bars,9/9/2021,1050,56
Rafaelita Blaksland,Australia,Milk Bars,9/9/2021,2163,121
Beverie Moffet,UK,50% Dark Bites,9/9/2021,2835,135
Curtice Advani,Canada,Manuka Honey Choco,9/9/2021,5313,380
Marney O'Breen,UK,Eclairs,9/9/2021,4725,394
Curtice Advani,Australia,85% Dark Bars,9/9/2021,1911,91
Madelene Upcott,USA,After Nines,9/10/2021,4424,261
Andria Kimpton,Australia,Choco Coated Almonds,9/10/2021,539,23
Kelci Walkden,Australia,Mint Chip Choco,9/10/2021,4200,420
Husein Augar,UK,Orange Choco,9/10/2021,4053,840
Oby Sorrel,Canada,Caramel Stuffed Bars,9/10/2021,2310,86
Husein Augar,India,White Choc,9/10/2021,7140,376
Curtice Advani,USA,50% Dark Bites,9/10/2021,511,25
Oby Sorrel,New Zealand,Mint Chip Choco,9/10/2021,3584,399
Karlen McCaffrey,New Zealand,Mint Chip Choco,9/10/2021,2184,312
Gunar Cockshoot,Australia,70% Dark Bites,9/10/2021,2506,193
Barr Faughny,USA,After Nines,9/10/2021,3066,162
Oby Sorrel,New Zealand,After Nines,9/10/2021,2611,131
Husein Augar,New Zealand,Orange Choco,9/10/2021,1981,283
Brien Boise,UK,Drinking Coco,9/10/2021,2303,96
Beverie Moffet,Australia,Drinking Coco,9/10/2021,574,23
Madelene Upcott,USA,Eclairs,9/10/2021,9611,840
Beverie Moffet,Australia,Choco Coated Almonds,9/10/2021,1624,68
Wilone O'Kielt,Australia,Raspberry Choco,9/10/2021,5369,283
Husein Augar,New Zealand,Mint Chip Choco,9/10/2021,441,49
Madelene Upcott,USA,99% Dark & Pure,9/10/2021,4998,334
Kaine Padly,Australia,Baker's Choco Chips,9/10/2021,588,84
Andria Kimpton,India,Choco Coated Almonds,9/10/2021,6776,308
Brien Boise,USA,Choco Coated Almonds,9/10/2021,2919,127
Gunar Cockshoot,Australia,Smooth Sliky Salty,9/10/2021,8001,980
Oby Sorrel,UK,Manuka Honey Choco,9/10/2021,2478,146
Dennison Crosswaite,UK,Milk Bars,9/10/2021,924,49
Rafaelita Blaksland,Canada,70% Dark Bites,9/10/2021,3290,254
Gunar Cockshoot,India,Baker's Choco Chips,9/10/2021,1708,171
Kaine Padly,UK,Fruit & Nut Bars,9/10/2021,1309,82
Kelci Walkden,Australia,Fruit & Nut Bars,9/10/2021,4977,312
Brien Boise,Australia,Manuka Honey Choco,9/10/2021,140,9
Wilone O'Kielt,USA,Spicy Special Slims,9/10/2021,6433,460
Brien Boise,UK,After Nines,9/10/2021,2009,119
Oby Sorrel,New Zealand,Eclairs,9/10/2021,5922,593
Kelci Walkden,Australia,99% Dark & Pure,9/10/2021,10395,612
Curtice Advani,Australia,Mint Chip Choco,9/10/2021,3052,340
Brien Boise,USA,Fruit & Nut Bars,9/10/2021,1561,112
Gunar Cockshoot,New Zealand,Baker's Choco Chips,9/10/2021,5810,840
Jan Morforth,UK,Raspberry Choco,9/10/2021,378,21
Beverie Moffet,USA,Choco Coated Almonds,9/10/2021,966,44
Dennison Crosswaite,Australia,White Choc,9/10/2021,3353,168
Beverie Moffet,India,After Nines,9/10/2021,3780,199
Oby Sorrel,New Zealand,70% Dark Bites,9/10/2021,9170,655
Marney O'Breen,UK,Milk Bars,9/10/2021,6482,361
Kaine Padly,Australia,70% Dark Bites,9/10/2021,13146,910
Curtice Advani,New Zealand,Almond Choco,9/13/2021,2142,90
Kelci Walkden,Australia,Smooth Sliky Salty,9/13/2021,1638,182
Karlen McCaffrey,India,After Nines,9/13/2021,1911,107
Marney O'Breen,Canada,Organic Choco Syrup,9/13/2021,1085,46
Wilone O'Kielt,UK,Mint Chip Choco,9/13/2021,5271,770
Barr Faughny,Canada,Mint Chip Choco,9/13/2021,2828,283
Marney O'Breen,USA,99% Dark & Pure,9/13/2021,12068,770
Madelene Upcott,India,50% Dark Bites,9/13/2021,4774,208
Oby Sorrel,USA,After Nines,9/13/2021,1148,64
Beverie Moffet,USA,Eclairs,9/13/2021,651,55
Dotty Strutley,Australia,Manuka Honey Choco,9/13/2021,5019,296
Barr Faughny,Australia,Drinking Coco,9/13/2021,8442,352
Marney O'Breen,Canada,70% Dark Bites,9/13/2021,2835,189
Madelene Upcott,Australia,After Nines,9/13/2021,1771,89
Wilone O'Kielt,UK,Milk Bars,9/13/2021,2569,136
Kaine Padly,UK,Choco Coated Almonds,9/13/2021,2814,128
Madelene Upcott,India,After Nines,9/13/2021,1701,90
Ches Bonnell,USA,Fruit & Nut Bars,9/13/2021,7266,519
Andria Kimpton,Canada,Smooth Sliky Salty,9/14/2021,2520,420
Gigi Bohling,New Zealand,Eclairs,9/14/2021,1911,174
Ches Bonnell,Australia,50% Dark Bites,9/14/2021,10304,469
Kelci Walkden,Canada,Drinking Coco,9/14/2021,8533,317
Kelci Walkden,New Zealand,Peanut Butter Cubes,9/14/2021,3864,276
Andria Kimpton,UK,Drinking Coco,9/14/2021,8470,314
Ches Bonnell,Australia,Baker's Choco Chips,9/14/2021,12110,1540
Beverie Moffet,India,Caramel Stuffed Bars,9/14/2021,4067,163
Gigi Bohling,UK,99% Dark & Pure,9/14/2021,504,28
Gigi Bohling,Canada,Drinking Coco,9/14/2021,840,34
Beverie Moffet,India,Eclairs,9/14/2021,2905,243
Gunar Cockshoot,UK,99% Dark & Pure,9/14/2021,4851,304
Ches Bonnell,India,Almond Choco,9/14/2021,812,33
Gunar Cockshoot,UK,White Choc,9/14/2021,973,55
Gigi Bohling,New Zealand,Smooth Sliky Salty,9/14/2021,1841,231
Jan Morforth,UK,Baker's Choco Chips,9/14/2021,1659,237
Gigi Bohling,New Zealand,Almond Choco,9/14/2021,3129,131
Wilone O'Kielt,India,Mint Chip Choco,9/14/2021,1421,158
Kelci Walkden,India,Smooth Sliky Salty,9/14/2021,595,75
Jan Morforth,India,Orange Choco,9/14/2021,7210,1050
Wilone O'Kielt,Canada,Organic Choco Syrup,9/14/2021,7798,312
Wilone O'Kielt,USA,Smooth Sliky Salty,9/14/2021,11004,1190
Kelci Walkden,Canada,Mint Chip Choco,9/14/2021,6524,910
Karlen McCaffrey,Australia,70% Dark Bites,9/14/2021,6272,392
Dotty Strutley,New Zealand,99% Dark & Pure,9/14/2021,3899,230
Barr Faughny,UK,Spicy Special Slims,9/14/2021,2156,144
Rafaelita Blaksland,India,70% Dark Bites,9/14/2021,1645,127
Ches Bonnell,UK,Organic Choco Syrup,9/15/2021,7882,359
Barr Faughny,Canada,Eclairs,9/15/2021,784,72
Beverie Moffet,New Zealand,White Choc,9/15/2021,5411,301
Kaine Padly,UK,Almond Choco,9/15/2021,6013,251
Gunar Cockshoot,India,Manuka Honey Choco,9/15/2021,259,17
Ches Bonnell,UK,Smooth Sliky Salty,9/15/2021,4921,547
Husein Augar,Australia,Orange Choco,9/15/2021,4179,840
Andria Kimpton,New Zealand,85% Dark Bars,9/15/2021,5691,285
Jan Morforth,Australia,Peanut Butter Cubes,9/15/2021,3815,255
Kelci Walkden,UK,Spicy Special Slims,9/15/2021,714,55
Marney O'Breen,Australia,Organic Choco Syrup,9/15/2021,3290,144
Dennison Crosswaite,Canada,Drinking Coco,9/15/2021,1400,54
Karlen McCaffrey,New Zealand,Smooth Sliky Salty,9/15/2021,3283,411
Rafaelita Blaksland,India,After Nines,9/15/2021,4767,251
Oby Sorrel,UK,85% Dark Bars,9/15/2021,1365,69
Kelci Walkden,Australia,Choco Coated Almonds,9/15/2021,2303,101
Beverie Moffet,New Zealand,Smooth Sliky Salty,9/15/2021,2345,261
Dennison Crosswaite,UK,Spicy Special Slims,9/15/2021,2611,201
Madelene Upcott,India,Fruit & Nut Bars,9/15/2021,9569,684
Karlen McCaffrey,UK,After Nines,9/15/2021,7049,415
Husein Augar,Australia,Mint Chip Choco,9/15/2021,6083,676
Brien Boise,New Zealand,After Nines,9/15/2021,1708,95
Husein Augar,Australia,Smooth Sliky Salty,9/15/2021,7490,840
Jan Morforth,Canada,Smooth Sliky Salty,9/15/2021,10500,1750
Brien Boise,Australia,After Nines,9/15/2021,602,36
Husein Augar,New Zealand,Caramel Stuffed Bars,9/15/2021,6524,251
Curtice Advani,UK,White Choc,9/15/2021,9366,469
Ches Bonnell,India,Milk Bars,9/15/2021,9338,492
Curtice Advani,India,50% Dark Bites,9/15/2021,644,31
Andria Kimpton,UK,99% Dark & Pure,9/15/2021,4802,267
Curtice Advani,Australia,Choco Coated Almonds,9/15/2021,1981,87
Beverie Moffet,UK,70% Dark Bites,9/15/2021,476,30
Andria Kimpton,Australia,Eclairs,9/15/2021,3682,335
Madelene Upcott,UK,Choco Coated Almonds,9/15/2021,1918,80
Beverie Moffet,Australia,Organic Choco Syrup,9/15/2021,1645,72
Curtice Advani,Canada,85% Dark Bars,9/15/2021,826,44
Gigi Bohling,India,White Choc,9/15/2021,13734,840
Andria Kimpton,New Zealand,Organic Choco Syrup,9/15/2021,4200,168
Marney O'Breen,New Zealand,70% Dark Bites,9/15/2021,49,4
Husein Augar,India,Peanut Butter Cubes,9/16/2021,3507,293
Brien Boise,Canada,99% Dark & Pure,9/16/2021,3535,236
Gunar Cockshoot,Australia,Raspberry Choco,9/16/2021,11774,693
Oby Sorrel,New Zealand,99% Dark & Pure,9/16/2021,6664,371
Ches Bonnell,India,Choco Coated Almonds,9/16/2021,3157,132
Beverie Moffet,New Zealand,Orange Choco,9/16/2021,4494,562
Jan Morforth,Australia,Milk Bars,9/16/2021,3458,217
Barr Faughny,Australia,Orange Choco,9/16/2021,469,94
Karlen McCaffrey,UK,Almond Choco,9/16/2021,2520,101
Andria Kimpton,USA,Organic Choco Syrup,9/16/2021,3563,155
Husein Augar,USA,Milk Bars,9/16/2021,581,31
Curtice Advani,New Zealand,Raspberry Choco,9/16/2021,3899,230
Dotty Strutley,Canada,Manuka Honey Choco,9/16/2021,2884,170
Oby Sorrel,India,Drinking Coco,9/16/2021,2933,123
Kelci Walkden,USA,Milk Bars,9/16/2021,2576,144
Rafaelita Blaksland,India,Smooth Sliky Salty,9/16/2021,4228,604
Beverie Moffet,USA,Almond Choco,9/16/2021,5194,217
Madelene Upcott,USA,Caramel Stuffed Bars,9/16/2021,987,42
Marney O'Breen,New Zealand,Drinking Coco,9/16/2021,1904,77
Gigi Bohling,UK,70% Dark Bites,9/16/2021,875,63
Wilone O'Kielt,Canada,99% Dark & Pure,9/16/2021,350,21
Madelene Upcott,India,Caramel Stuffed Bars,9/16/2021,5208,217
Dotty Strutley,USA,Organic Choco Syrup,9/16/2021,6615,265
Curtice Advani,UK,Choco Coated Almonds,9/16/2021,2205,89
Gunar Cockshoot,New Zealand,Mint Chip Choco,9/16/2021,7658,770
Barr Faughny,Australia,50% Dark Bites,9/16/2021,8834,442
Gigi Bohling,India,After Nines,9/16/2021,1029,55
Dotty Strutley,USA,Spicy Special Slims,9/16/2021,854,57
Andria Kimpton,Australia,Almond Choco,9/16/2021,1337,56
Ches Bonnell,UK,Drinking Coco,9/16/2021,2366,99
Andria Kimpton,Canada,Baker's Choco Chips,9/16/2021,4158,594
Curtice Advani,Australia,Baker's Choco Chips,9/17/2021,4067,581
Madelene Upcott,USA,70% Dark Bites,9/17/2021,4522,283
Husein Augar,USA,Manuka Honey Choco,9/17/2021,2751,162
Karlen McCaffrey,USA,Peanut Butter Cubes,9/17/2021,973,70
Gigi Bohling,USA,Smooth Sliky Salty,9/17/2021,10332,1260
Husein Augar,USA,Peanut Butter Cubes,9/17/2021,3605,241
Gunar Cockshoot,India,White Choc,9/17/2021,11865,625
Kelci Walkden,Australia,Almond Choco,9/17/2021,567,24
Gigi Bohling,Australia,Choco Coated Almonds,9/17/2021,413,19
Gigi Bohling,India,Baker's Choco Chips,9/17/2021,2107,264
Karlen McCaffrey,Australia,Raspberry Choco,9/17/2021,5236,276
Rafaelita Blaksland,UK,50% Dark Bites,9/17/2021,12831,611
Karlen McCaffrey,India,Spicy Special Slims,9/17/2021,11249,840
Gunar Cockshoot,India,50% Dark Bites,9/17/2021,4053,177
Wilone O'Kielt,USA,Mint Chip Choco,9/17/2021,2205,245
Barr Faughny,Canada,Organic Choco Syrup,9/17/2021,3640,166
Beverie Moffet,New Zealand,50% Dark Bites,9/17/2021,8267,394
Andria Kimpton,New Zealand,Drinking Coco,9/17/2021,2450,103
Barr Faughny,Australia,Choco Coated Almonds,9/17/2021,10199,408
Brien Boise,Australia,Spicy Special Slims,9/17/2021,6174,441
Wilone O'Kielt,UK,Caramel Stuffed Bars,9/17/2021,3934,152
Gunar Cockshoot,USA,Manuka Honey Choco,9/17/2021,1848,116
Husein Augar,New Zealand,Choco Coated Almonds,9/17/2021,2079,87
Beverie Moffet,Canada,Organic Choco Syrup,9/17/2021,434,20
Kelci Walkden,Canada,Raspberry Choco,9/17/2021,889,47
Gigi Bohling,USA,Milk Bars,9/17/2021,3472,193
Husein Augar,Australia,Fruit & Nut Bars,9/17/2021,8183,512
Dotty Strutley,UK,Raspberry Choco,9/17/2021,3990,222
Ches Bonnell,UK,70% Dark Bites,9/17/2021,4529,302
Oby Sorrel,USA,Manuka Honey Choco,9/17/2021,9268,662
Wilone O'Kielt,New Zealand,Raspberry Choco,9/17/2021,12103,637
Andria Kimpton,UK,50% Dark Bites,9/17/2021,6615,288
Jan Morforth,USA,White Choc,9/20/2021,2338,138
Gunar Cockshoot,USA,Organic Choco Syrup,9/20/2021,5523,252
Andria Kimpton,India,Milk Bars,9/20/2021,210,13
Madelene Upcott,Canada,Fruit & Nut Bars,9/20/2021,7602,543
Beverie Moffet,Australia,85% Dark Bars,9/20/2021,1603,77
Dotty Strutley,UK,Peanut Butter Cubes,9/20/2021,4354,335
Andria Kimpton,India,Caramel Stuffed Bars,9/20/2021,609,25
Rafaelita Blaksland,Canada,Organic Choco Syrup,9/20/2021,175,8
Wilone O'Kielt,Canada,White Choc,9/20/2021,3675,205
Dennison Crosswaite,USA,99% Dark & Pure,9/20/2021,2940,184
Kelci Walkden,UK,Eclairs,9/20/2021,854,95
Madelene Upcott,New Zealand,Drinking Coco,9/20/2021,2639,102
Beverie Moffet,Australia,Fruit & Nut Bars,9/20/2021,14777,1120
Kelci Walkden,New Zealand,After Nines,9/20/2021,6020,335
Ches Bonnell,India,99% Dark & Pure,9/20/2021,1974,110
Husein Augar,Canada,Baker's Choco Chips,9/20/2021,4067,581
Wilone O'Kielt,Canada,Caramel Stuffed Bars,9/20/2021,5712,229
Wilone O'Kielt,UK,After Nines,9/20/2021,5425,286
Wilone O'Kielt,UK,Fruit & Nut Bars,9/20/2021,182,14
Karlen McCaffrey,India,Peanut Butter Cubes,9/20/2021,567,48
Husein Augar,India,Choco Coated Almonds,9/20/2021,5418,236
Curtice Advani,USA,Drinking Coco,9/20/2021,2667,103
Jan Morforth,New Zealand,Organic Choco Syrup,9/20/2021,5712,249
Rafaelita Blaksland,UK,After Nines,9/20/2021,2170,128
Curtice Advani,Canada,After Nines,9/20/2021,847,45
Husein Augar,Canada,Manuka Honey Choco,9/20/2021,2891,171
Dennison Crosswaite,Canada,Fruit & Nut Bars,9/21/2021,798,54
Wilone O'Kielt,Australia,Smooth Sliky Salty,9/21/2021,2891,482
Marney O'Breen,Canada,Spicy Special Slims,9/21/2021,13293,1050
Oby Sorrel,USA,Smooth Sliky Salty,9/21/2021,6860,840
Wilone O'Kielt,Australia,Choco Coated Almonds,9/21/2021,1603,70
Rafaelita Blaksland,UK,Smooth Sliky Salty,9/21/2021,3325,416
Dotty Strutley,New Zealand,Organic Choco Syrup,9/21/2021,1799,79
Husein Augar,Canada,85% Dark Bars,9/21/2021,5579,294
Madelene Upcott,India,Peanut Butter Cubes,9/21/2021,749,63
Dotty Strutley,USA,70% Dark Bites,9/21/2021,3003,231
Brien Boise,USA,Peanut Butter Cubes,9/21/2021,3927,303
Rafaelita Blaksland,UK,70% Dark Bites,9/21/2021,252,16
Kaine Padly,UK,After Nines,9/21/2021,2611,131
Karlen McCaffrey,UK,Eclairs,9/21/2021,7357,669
Curtice Advani,India,70% Dark Bites,9/21/2021,5229,327
Kaine Padly,New Zealand,Manuka Honey Choco,9/21/2021,3220,215
Dennison Crosswaite,New Zealand,99% Dark & Pure,9/21/2021,1400,83
Wilone O'Kielt,Canada,Raspberry Choco,9/21/2021,1582,80
Rafaelita Blaksland,UK,Milk Bars,9/21/2021,14,1
Kaine Padly,New Zealand,Caramel Stuffed Bars,9/21/2021,2275,91
Andria Kimpton,Canada,50% Dark Bites,9/21/2021,819,38
Dennison Crosswaite,Australia,50% Dark Bites,9/21/2021,3514,153
Madelene Upcott,USA,Peanut Butter Cubes,9/21/2021,4417,369
Wilone O'Kielt,India,Smooth Sliky Salty,9/21/2021,2401,401
Ches Bonnell,Australia,Caramel Stuffed Bars,9/21/2021,5257,203
Barr Faughny,India,Organic Choco Syrup,9/21/2021,3269,137
Kelci Walkden,Canada,Fruit & Nut Bars,9/21/2021,3080,220
Beverie Moffet,Australia,Eclairs,9/21/2021,3857,322
Karlen McCaffrey,Canada,Mint Chip Choco,9/21/2021,1624,203
Dennison Crosswaite,Australia,Fruit & Nut Bars,9/21/2021,1554,120
Dotty Strutley,Canada,Choco Coated Almonds,9/21/2021,3395,148
Curtice Advani,Australia,White Choc,9/21/2021,3969,209
Andria Kimpton,USA,Milk Bars,9/21/2021,2590,162
Marney O'Breen,USA,Baker's Choco Chips,9/21/2021,3948,494
Dotty Strutley,Australia,Milk Bars,9/21/2021,833,53
Karlen McCaffrey,UK,Drinking Coco,9/21/2021,5789,242
Wilone O'Kielt,UK,Almond Choco,9/21/2021,2443,94
Kelci Walkden,USA,Caramel Stuffed Bars,9/21/2021,6720,249
Gunar Cockshoot,UK,Almond Choco,9/21/2021,7322,272
Gigi Bohling,Canada,White Choc,9/21/2021,903,51
Rafaelita Blaksland,India,Almond Choco,9/21/2021,3927,152
Curtice Advani,USA,Milk Bars,9/21/2021,7182,423
Rafaelita Blaksland,New Zealand,Organic Choco Syrup,9/21/2021,8155,355
Marney O'Breen,India,Raspberry Choco,9/21/2021,3549,198
Wilone O'Kielt,India,Manuka Honey Choco,9/21/2021,1995,125
Beverie Moffet,New Zealand,99% Dark & Pure,9/21/2021,2961,198
Madelene Upcott,USA,Organic Choco Syrup,9/21/2021,6258,285
Curtice Advani,Australia,Manuka Honey Choco,9/22/2021,2954,197
Kaine Padly,USA,Raspberry Choco,9/22/2021,1519,76
Curtice Advani,Australia,Fruit & Nut Bars,9/22/2021,2814,188
Karlen McCaffrey,Australia,Eclairs,9/22/2021,3864,387
Kaine Padly,India,Caramel Stuffed Bars,9/22/2021,4970,192
Beverie Moffet,USA,85% Dark Bars,9/22/2021,1974,94
Brien Boise,UK,Organic Choco Syrup,9/22/2021,266,12
Barr Faughny,Australia,Spicy Special Slims,9/22/2021,5537,370
Dennison Crosswaite,USA,Drinking Coco,9/22/2021,49,2
Madelene Upcott,New Zealand,Spicy Special Slims,9/22/2021,6027,503
Ches Bonnell,Canada,Mint Chip Choco,9/22/2021,2338,260
Rafaelita Blaksland,India,White Choc,9/22/2021,3948,220
Brien Boise,USA,White Choc,9/22/2021,1526,90
Curtice Advani,New Zealand,Eclairs,9/22/2021,924,77
Andria Kimpton,India,Drinking Coco,9/22/2021,5607,234
Dennison Crosswaite,UK,Peanut Butter Cubes,9/22/2021,217,19
Kelci Walkden,New Zealand,85% Dark Bars,9/22/2021,924,44
Rafaelita Blaksland,India,Fruit & Nut Bars,9/22/2021,2709,194
Brien Boise,Canada,Smooth Sliky Salty,9/22/2021,7966,1120
Madelene Upcott,UK,Drinking Coco,9/22/2021,5719,239
Dotty Strutley,India,Mint Chip Choco,9/22/2021,3444,431
Curtice Advani,Canada,Raspberry Choco,9/22/2021,4606,256
Kelci Walkden,USA,Spicy Special Slims,9/22/2021,8946,597
Curtice Advani,Canada,Fruit & Nut Bars,9/22/2021,3577,276
Kelci Walkden,Canada,Choco Coated Almonds,9/22/2021,13692,548
Jan Morforth,UK,Eclairs,9/22/2021,3332,278
Brien Boise,Australia,Milk Bars,9/22/2021,3514,220
Jan Morforth,UK,Drinking Coco,9/22/2021,728,27
Madelene Upcott,Canada,Eclairs,9/22/2021,10696,910
Curtice Advani,UK,85% Dark Bars,9/22/2021,19446,910
Oby Sorrel,India,Orange Choco,9/22/2021,7805,1120
Madelene Upcott,UK,99% Dark & Pure,9/22/2021,3150,197
Jan Morforth,UK,Milk Bars,9/22/2021,6657,392
Brien Boise,USA,85% Dark Bars,9/23/2021,504,24
Ches Bonnell,Canada,Smooth Sliky Salty,9/23/2021,2926,488
Gunar Cockshoot,New Zealand,Peanut Butter Cubes,9/23/2021,5026,387
Dennison Crosswaite,USA,70% Dark Bites,9/23/2021,3451,216
Dotty Strutley,Canada,Orange Choco,9/23/2021,2296,460
Wilone O'Kielt,Canada,70% Dark Bites,9/23/2021,2912,182
Barr Faughny,Australia,White Choc,9/23/2021,3913,206
Andria Kimpton,India,99% Dark & Pure,9/23/2021,1554,104
Gunar Cockshoot,Canada,White Choc,9/23/2021,1113,59
Rafaelita Blaksland,Australia,99% Dark & Pure,9/23/2021,7434,496
Rafaelita Blaksland,UK,Baker's Choco Chips,9/23/2021,10472,1470
Jan Morforth,Canada,70% Dark Bites,9/23/2021,5747,360
Gunar Cockshoot,New Zealand,Organic Choco Syrup,9/23/2021,5908,237
Rafaelita Blaksland,Canada,White Choc,9/23/2021,3311,175
Karlen McCaffrey,India,Milk Bars,9/23/2021,3843,203
Brien Boise,India,Peanut Butter Cubes,9/23/2021,7371,567
Rafaelita Blaksland,Australia,Eclairs,9/23/2021,3115,347
Husein Augar,India,Almond Choco,9/23/2021,217,9
Wilone O'Kielt,Australia,Organic Choco Syrup,9/23/2021,2849,124
Brien Boise,New Zealand,99% Dark & Pure,9/23/2021,11109,695
Madelene Upcott,New Zealand,Choco Coated Almonds,9/23/2021,3822,174
Rafaelita Blaksland,USA,Smooth Sliky Salty,9/23/2021,4935,840
Brien Boise,USA,70% Dark Bites,9/23/2021,2184,168
Beverie Moffet,UK,85% Dark Bars,9/23/2021,196,10
Jan Morforth,India,Peanut Butter Cubes,9/23/2021,8743,625
Curtice Advani,Canada,Smooth Sliky Salty,9/23/2021,4158,520
Gunar Cockshoot,Australia,Almond Choco,9/23/2021,1015,41
Husein Augar,Canada,Eclairs,9/23/2021,2156,240
Wilone O'Kielt,New Zealand,70% Dark Bites,9/23/2021,3906,301
Dennison Crosswaite,India,Organic Choco Syrup,9/23/2021,7749,337
Ches Bonnell,Canada,Eclairs,9/23/2021,1008,92
Husein Augar,Canada,Fruit & Nut Bars,9/23/2021,861,58
Beverie Moffet,UK,Milk Bars,9/23/2021,1925,107
Ches Bonnell,UK,85% Dark Bars,9/23/2021,5691,271
Marney O'Breen,New Zealand,Raspberry Choco,9/23/2021,686,39
Madelene Upcott,Australia,Drinking Coco,9/23/2021,5460,219
Curtice Advani,Canada,Drinking Coco,9/23/2021,1477,57
Beverie Moffet,Canada,Raspberry Choco,9/23/2021,2107,111
Jan Morforth,USA,Organic Choco Syrup,9/23/2021,1638,75
Curtice Advani,India,Mint Chip Choco,9/23/2021,119,17
Kelci Walkden,Australia,Manuka Honey Choco,9/24/2021,2212,148
Madelene Upcott,UK,70% Dark Bites,9/24/2021,1267,80
Marney O'Breen,Australia,Smooth Sliky Salty,9/24/2021,1729,217
Kaine Padly,Australia,Organic Choco Syrup,9/24/2021,2128,97
Rafaelita Blaksland,India,Spicy Special Slims,9/24/2021,6286,420
Kelci Walkden,New Zealand,Manuka Honey Choco,9/24/2021,4536,324
Dennison Crosswaite,New Zealand,50% Dark Bites,9/24/2021,6426,280
Rafaelita Blaksland,Canada,Milk Bars,9/24/2021,1428,90
Brien Boise,New Zealand,Baker's Choco Chips,9/24/2021,882,126
Dotty Strutley,Australia,70% Dark Bites,9/24/2021,3493,269
Kelci Walkden,UK,Raspberry Choco,9/24/2021,1274,68
Dennison Crosswaite,UK,Orange Choco,9/24/2021,1561,196
Oby Sorrel,New Zealand,Organic Choco Syrup,9/24/2021,4242,177
Wilone O'Kielt,India,99% Dark & Pure,9/24/2021,238,14
Marney O'Breen,Canada,Baker's Choco Chips,9/24/2021,6412,700
Ches Bonnell,UK,Caramel Stuffed Bars,9/24/2021,567,23
Ches Bonnell,Canada,Peanut Butter Cubes,9/24/2021,5313,380
Curtice Advani,USA,Smooth Sliky Salty,9/24/2021,4039,449
Ches Bonnell,India,Mint Chip Choco,9/24/2021,2569,257
Brien Boise,New Zealand,Eclairs,9/24/2021,9345,770
Oby Sorrel,Canada,Drinking Coco,9/24/2021,7987,308
Husein Augar,UK,Peanut Butter Cubes,9/24/2021,1344,90
Kaine Padly,India,Drinking Coco,9/24/2021,4424,171
Karlen McCaffrey,New Zealand,Almond Choco,9/24/2021,2002,77
Oby Sorrel,New Zealand,Raspberry Choco,9/24/2021,3780,189
Oby Sorrel,Australia,50% Dark Bites,9/24/2021,266,13
Karlen McCaffrey,Canada,Almond Choco,9/24/2021,931,36
Beverie Moffet,India,Raspberry Choco,9/24/2021,203,11
Madelene Upcott,USA,Drinking Coco,9/24/2021,4536,182
Karlen McCaffrey,New Zealand,Peanut Butter Cubes,9/24/2021,910,61
Rafaelita Blaksland,India,Mint Chip Choco,9/24/2021,812,82
Gunar Cockshoot,UK,Drinking Coco,9/24/2021,1267,51
Ches Bonnell,Canada,Organic Choco Syrup,9/24/2021,1631,71
Andria Kimpton,India,Orange Choco,9/24/2021,8911,1120
Oby Sorrel,India,Choco Coated Almonds,9/24/2021,7,1
Kelci Walkden,UK,Milk Bars,9/24/2021,2436,129
Dennison Crosswaite,USA,White Choc,9/24/2021,3689,217
Rafaelita Blaksland,Canada,Drinking Coco,9/24/2021,1036,42
Jan Morforth,UK,Organic Choco Syrup,9/24/2021,1540,62
Karlen McCaffrey,Canada,Smooth Sliky Salty,9/24/2021,5446,606
Madelene Upcott,USA,White Choc,9/24/2021,3367,199
Ches Bonnell,USA,Almond Choco,9/24/2021,12005,501
Kelci Walkden,UK,White Choc,9/24/2021,1904,96
Rafaelita Blaksland,Australia,Drinking Coco,9/24/2021,6643,277
Karlen McCaffrey,USA,50% Dark Bites,9/24/2021,910,46
Karlen McCaffrey,India,50% Dark Bites,9/24/2021,2289,100
Wilone O'Kielt,Australia,Fruit & Nut Bars,9/27/2021,1029,65
Kelci Walkden,India,Spicy Special Slims,9/27/2021,4620,308
Jan Morforth,India,Manuka Honey Choco,9/27/2021,931,55
Jan Morforth,Australia,Raspberry Choco,9/27/2021,777,44
Oby Sorrel,Canada,70% Dark Bites,9/27/2021,11788,770
Gunar Cockshoot,New Zealand,Manuka Honey Choco,9/27/2021,6153,362
Dennison Crosswaite,Canada,Caramel Stuffed Bars,9/27/2021,6909,256
Jan Morforth,New Zealand,Spicy Special Slims,9/27/2021,2639,176
Rafaelita Blaksland,Australia,Caramel Stuffed Bars,9/27/2021,6643,266
Gigi Bohling,New Zealand,70% Dark Bites,9/27/2021,1624,109
Brien Boise,India,50% Dark Bites,9/27/2021,8365,399
Dennison Crosswaite,UK,Baker's Choco Chips,9/27/2021,371,38
Ches Bonnell,Australia,Eclairs,9/27/2021,3976,362
Beverie Moffet,USA,99% Dark & Pure,9/27/2021,11830,770
Wilone O'Kielt,Australia,Almond Choco,9/27/2021,3556,137
Ches Bonnell,Australia,Mint Chip Choco,9/28/2021,1778,223
Kaine Padly,USA,Orange Choco,9/28/2021,2394,399
Andria Kimpton,UK,Smooth Sliky Salty,9/28/2021,6524,700
Dotty Strutley,USA,Milk Bars,9/28/2021,6293,350
Madelene Upcott,USA,Manuka Honey Choco,9/28/2021,4067,291
Karlen McCaffrey,New Zealand,Baker's Choco Chips,9/28/2021,3374,482
Brien Boise,USA,Organic Choco Syrup,9/28/2021,2954,135
Andria Kimpton,New Zealand,Mint Chip Choco,9/28/2021,3864,387
Kaine Padly,New Zealand,Almond Choco,9/28/2021,252,11
Dotty Strutley,India,After Nines,9/28/2021,441,23
Kaine Padly,India,Fruit & Nut Bars,9/28/2021,6510,434
Marney O'Breen,India,Orange Choco,9/28/2021,11095,1400
Oby Sorrel,UK,Peanut Butter Cubes,9/28/2021,21,2
Gunar Cockshoot,UK,70% Dark Bites,9/28/2021,5124,366
Jan Morforth,USA,Baker's Choco Chips,9/28/2021,1995,200
Dennison Crosswaite,USA,Spicy Special Slims,9/28/2021,2219,171
Ches Bonnell,USA,Milk Bars,9/28/2021,7728,455
Brien Boise,Australia,Organic Choco Syrup,9/28/2021,11312,492
Andria Kimpton,Canada,Choco Coated Almonds,9/28/2021,826,36
Dotty Strutley,Canada,50% Dark Bites,9/28/2021,12502,596
Gigi Bohling,USA,Fruit & Nut Bars,9/28/2021,7063,442
Beverie Moffet,New Zealand,Drinking Coco,9/29/2021,3591,139
Kelci Walkden,USA,Almond Choco,9/29/2021,511,22
Dotty Strutley,Australia,Orange Choco,9/29/2021,4305,615
Dennison Crosswaite,Australia,After Nines,9/29/2021,301,18
Barr Faughny,Canada,Choco Coated Almonds,9/29/2021,1701,74
Wilone O'Kielt,USA,Peanut Butter Cubes,9/29/2021,5698,407
Rafaelita Blaksland,Australia,Peanut Butter Cubes,9/29/2021,994,77
Dennison Crosswaite,Australia,Spicy Special Slims,9/29/2021,1869,134
Gunar Cockshoot,UK,Raspberry Choco,9/29/2021,6650,370
Brien Boise,Canada,50% Dark Bites,9/29/2021,4424,202
Kelci Walkden,Australia,Raspberry Choco,9/29/2021,4928,247
Kaine Padly,USA,Baker's Choco Chips,9/29/2021,9471,1190
Wilone O'Kielt,India,Spicy Special Slims,9/29/2021,2940,196
Barr Faughny,New Zealand,Almond Choco,9/29/2021,308,12
Andria Kimpton,USA,Fruit & Nut Bars,9/29/2021,896,60
Kelci Walkden,Australia,Caramel Stuffed Bars,9/29/2021,1365,51
Karlen McCaffrey,India,Choco Coated Almonds,9/29/2021,2681,108
Kelci Walkden,Canada,Peanut Butter Cubes,9/29/2021,728,61
Rafaelita Blaksland,UK,Caramel Stuffed Bars,9/29/2021,3738,144
Wilone O'Kielt,UK,Eclairs,9/29/2021,10997,910
Curtice Advani,Canada,Choco Coated Almonds,9/29/2021,7357,335
Gunar Cockshoot,Canada,70% Dark Bites,9/30/2021,7952,568
Karlen McCaffrey,India,White Choc,9/30/2021,6006,301
Karlen McCaffrey,Canada,White Choc,9/30/2021,3955,220
Gunar Cockshoot,UK,Manuka Honey Choco,9/30/2021,1827,122
Kaine Padly,New Zealand,Fruit & Nut Bars,9/30/2021,448,32
Gunar Cockshoot,New Zealand,Caramel Stuffed Bars,9/30/2021,2541,95
Mallorie Waber,New Zealand,Raspberry Choco,10/1/2021,6706,320
Oby Sorrel,Australia,Peanut Butter Cubes,10/1/2021,9611,566
Jan Morforth,India,Organic Choco Syrup,10/1/2021,833,37
Husein Augar,New Zealand,Mint Chip Choco,10/1/2021,8862,770
Ches Bonnell,Canada,Mint Chip Choco,10/1/2021,1351,113
Brien Boise,USA,Smooth Sliky Salty,10/1/2021,6587,840
Dennison Crosswaite,India,Organic Choco Syrup,10/1/2021,2009,92
Kaine Padly,UK,White Choc,10/1/2021,3262,297
Husein Augar,UK,Drinking Coco,10/1/2021,4977,185
Husein Augar,New Zealand,Raspberry Choco,10/1/2021,8071,404
Karlen McCaffrey,Australia,70% Dark Bites,10/1/2021,7014,770
Wilone O'Kielt,India,Milk Bars,10/1/2021,2443,163
Dotty Strutley,New Zealand,Spicy Special Slims,10/1/2021,4529,453
Dennison Crosswaite,India,Spicy Special Slims,10/1/2021,5411,602
Jehu Rudeforth,UK,Smooth Sliky Salty,10/1/2021,1715,215
Karlen McCaffrey,Australia,Peanut Butter Cubes,10/1/2021,3500,195
Brien Boise,USA,Organic Choco Syrup,10/1/2021,8218,374
Jan Morforth,India,Manuka Honey Choco,10/1/2021,5999,261
Rafaelita Blaksland,Australia,Smooth Sliky Salty,10/1/2021,7714,1260
Gunar Cockshoot,India,White Choc,10/1/2021,28,3
Kelci Walkden,UK,85% Dark Bars,10/1/2021,987,55
Van Tuxwell,UK,Choco Coated Almonds,10/1/2021,3864,322
Dennison Crosswaite,UK,Eclairs,10/1/2021,6447,1050
Husein Augar,Australia,Orange Choco,10/1/2021,8169,409
Gigi Bohling,India,Peanut Butter Cubes,10/1/2021,2828,149
Kaine Padly,India,Caramel Stuffed Bars,10/1/2021,5145,322
Ches Bonnell,India,50% Dark Bites,10/1/2021,2520,101
Jehu Rudeforth,Canada,Spicy Special Slims,10/1/2021,5180,648
Oby Sorrel,New Zealand,Mint Chip Choco,10/1/2021,13286,980
Wilone O'Kielt,UK,85% Dark Bars,10/1/2021,6482,342
Andria Kimpton,Australia,Fruit & Nut Bars,10/1/2021,6069,434
Brien Boise,India,Peanut Butter Cubes,10/1/2021,6041,318
Wilone O'Kielt,UK,Drinking Coco,10/1/2021,1757,68
Karlen McCaffrey,New Zealand,Milk Bars,10/1/2021,11704,700
Ches Bonnell,India,Raspberry Choco,10/1/2021,2380,119
Jehu Rudeforth,Australia,After Nines,10/1/2021,2625,165
Rafaelita Blaksland,India,Orange Choco,10/1/2021,5502,306
Dotty Strutley,Canada,85% Dark Bars,10/1/2021,686,35
Karlen McCaffrey,Canada,99% Dark & Pure,10/1/2021,1785,82
Jan Morforth,UK,Smooth Sliky Salty,10/1/2021,12873,2170
Husein Augar,UK,Organic Choco Syrup,10/1/2021,3017,138
Jehu Rudeforth,India,Choco Coated Almonds,10/1/2021,5264,527
Gunar Cockshoot,Australia,Milk Bars,10/1/2021,4935,291
Wilone O'Kielt,Australia,Caramel Stuffed Bars,10/1/2021,2681,168
Oby Sorrel,Canada,99% Dark & Pure,10/4/2021,2765,116
Kaine Padly,New Zealand,99% Dark & Pure,10/4/2021,21,1
Van Tuxwell,New Zealand,Drinking Coco,10/4/2021,707,27
Oby Sorrel,New Zealand,Choco Coated Almonds,10/4/2021,966,97
Roddy Speechley,India,Fruit & Nut Bars,10/4/2021,5593,400
Ches Bonnell,Australia,Orange Choco,10/4/2021,8043,447
Curtice Advani,Canada,99% Dark & Pure,10/4/2021,14168,591
Mallorie Waber,Canada,85% Dark Bars,10/4/2021,11235,625
Kaine Padly,Canada,After Nines,10/4/2021,8491,531
Van Tuxwell,India,99% Dark & Pure,10/4/2021,2786,122
Karlen McCaffrey,Australia,Caramel Stuffed Bars,10/4/2021,8666,578
Madelene Upcott,Canada,Orange Choco,10/4/2021,7672,427
Husein Augar,Canada,Orange Choco,10/4/2021,175,9
Van Tuxwell,UK,70% Dark Bites,10/4/2021,5201,578
Marney O'Breen,UK,Eclairs,10/4/2021,10647,1540
Andria Kimpton,New Zealand,After Nines,10/4/2021,7868,438
Kaine Padly,USA,70% Dark Bites,10/4/2021,6447,840
Roddy Speechley,New Zealand,White Choc,10/4/2021,2681,244
Jan Morforth,UK,Fruit & Nut Bars,10/4/2021,2499,179
Brien Boise,UK,Eclairs,10/4/2021,2597,371
Roddy Speechley,USA,Manuka Honey Choco,10/4/2021,700,34
Kelci Walkden,Canada,Raspberry Choco,10/5/2021,5383,245
Kaine Padly,USA,Milk Bars,10/5/2021,8267,552
Marney O'Breen,New Zealand,Eclairs,10/5/2021,13251,2240
Marney O'Breen,UK,Caramel Stuffed Bars,10/5/2021,6643,416
Curtice Advani,UK,Eclairs,10/5/2021,2100,350
Kaine Padly,Australia,Milk Bars,10/5/2021,2534,169
Wilone O'Kielt,Australia,Drinking Coco,10/5/2021,5768,222
Gunar Cockshoot,USA,Peanut Butter Cubes,10/5/2021,4438,262
Ches Bonnell,USA,Spicy Special Slims,10/5/2021,6321,700
Curtice Advani,Canada,Smooth Sliky Salty,10/5/2021,2107,264
Gigi Bohling,Canada,Choco Coated Almonds,10/5/2021,12187,1050
Ches Bonnell,USA,85% Dark Bars,10/5/2021,9919,552
Gigi Bohling,Canada,Peanut Butter Cubes,10/5/2021,4445,262
Karlen McCaffrey,India,Raspberry Choco,10/5/2021,9317,424
Brien Boise,India,Drinking Coco,10/5/2021,4879,188
Andria Kimpton,UK,85% Dark Bars,10/5/2021,1484,75
Kaine Padly,Australia,Choco Coated Almonds,10/5/2021,8659,840
Jan Morforth,India,Mint Chip Choco,10/5/2021,623,52
Gunar Cockshoot,UK,Mint Chip Choco,10/5/2021,13552,1050
Mallorie Waber,New Zealand,Eclairs,10/5/2021,5523,910
Gunar Cockshoot,USA,Manuka Honey Choco,10/5/2021,4578,209
Beverie Moffet,Canada,Smooth Sliky Salty,10/5/2021,224,28
Dennison Crosswaite,New Zealand,50% Dark Bites,10/5/2021,1351,51
Brien Boise,Australia,Milk Bars,10/5/2021,12369,770
Ches Bonnell,New Zealand,Spicy Special Slims,10/5/2021,1351,151
Mallorie Waber,India,White Choc,10/5/2021,6251,521
Camilla Castle,Australia,Organic Choco Syrup,10/5/2021,9793,446
Brien Boise,New Zealand,Smooth Sliky Salty,10/5/2021,1092,182
Beverie Moffet,USA,Baker's Choco Chips,10/5/2021,4081,178
Van Tuxwell,UK,Spicy Special Slims,10/5/2021,1911,192
Brien Boise,USA,Manuka Honey Choco,10/5/2021,8554,408
Karlen McCaffrey,USA,Milk Bars,10/5/2021,3584,239
Jehu Rudeforth,USA,50% Dark Bites,10/5/2021,3283,132
Rafaelita Blaksland,USA,Raspberry Choco,10/5/2021,2107,96
Curtice Advani,India,Milk Bars,10/5/2021,2891,171
Kaine Padly,Canada,Milk Bars,10/5/2021,2513,168
Wilone O'Kielt,Canada,Mint Chip Choco,10/5/2021,1232,103
Dennison Crosswaite,India,Smooth Sliky Salty,10/5/2021,3178,398
Marney O'Breen,USA,Fruit & Nut Bars,10/5/2021,2037,136
Oby Sorrel,India,Almond Choco,10/5/2021,4102,257
Camilla Castle,Australia,Raspberry Choco,10/5/2021,1106,51
Jan Morforth,UK,70% Dark Bites,10/5/2021,1127,161
Jehu Rudeforth,Australia,Orange Choco,10/5/2021,714,36
Jan Morforth,Australia,99% Dark & Pure,10/5/2021,14322,651
Kaine Padly,New Zealand,Caramel Stuffed Bars,10/5/2021,17430,1120
Rafaelita Blaksland,New Zealand,Peanut Butter Cubes,10/5/2021,560,33
Andria Kimpton,Canada,Choco Coated Almonds,10/5/2021,2247,225
Jehu Rudeforth,USA,Fruit & Nut Bars,10/5/2021,10402,651
Marney O'Breen,USA,Eclairs,10/5/2021,4676,770
Karlen McCaffrey,Australia,Drinking Coco,10/5/2021,5439,202
Dotty Strutley,Australia,Drinking Coco,10/5/2021,5418,217
Andria Kimpton,USA,Raspberry Choco,10/5/2021,2793,140
Brien Boise,Australia,Smooth Sliky Salty,10/5/2021,8477,1400
Wilone O'Kielt,Australia,Fruit & Nut Bars,10/5/2021,6041,378
Barr Faughny,UK,Mint Chip Choco,10/5/2021,11137,910
Karlen McCaffrey,New Zealand,Drinking Coco,10/5/2021,2681,108
Beverie Moffet,India,Baker's Choco Chips,10/5/2021,1127,49
Oby Sorrel,Australia,Milk Bars,10/5/2021,11683,700
Van Tuxwell,USA,Peanut Butter Cubes,10/6/2021,2758,163
Jan Morforth,Australia,50% Dark Bites,10/6/2021,6258,251
Gigi Bohling,New Zealand,Almond Choco,10/6/2021,3885,259
Van Tuxwell,Canada,Smooth Sliky Salty,10/6/2021,1386,174
Oby Sorrel,India,Smooth Sliky Salty,10/6/2021,2968,424
Marney O'Breen,Canada,Almond Choco,10/6/2021,749,47
Brien Boise,New Zealand,Choco Coated Almonds,10/6/2021,2492,227
Madelene Upcott,Australia,Mint Chip Choco,10/6/2021,5684,438
Gigi Bohling,USA,Drinking Coco,10/6/2021,2282,88
Gigi Bohling,UK,99% Dark & Pure,10/6/2021,2695,113
Roddy Speechley,UK,Caramel Stuffed Bars,10/6/2021,5649,354
Ches Bonnell,India,Smooth Sliky Salty,10/6/2021,1022,128
Jan Morforth,UK,Eclairs,10/6/2021,5404,676
Van Tuxwell,USA,Baker's Choco Chips,10/6/2021,6160,268
Beverie Moffet,USA,Mint Chip Choco,10/6/2021,8680,620
Madelene Upcott,India,After Nines,10/6/2021,2786,155
Gunar Cockshoot,UK,99% Dark & Pure,10/6/2021,1785,78
Husein Augar,India,85% Dark Bars,10/6/2021,413,21
Jehu Rudeforth,USA,70% Dark Bites,10/6/2021,11508,1260
Wilone O'Kielt,USA,White Choc,10/6/2021,945,86
Barr Faughny,New Zealand,Eclairs,10/6/2021,1869,234
Curtice Advani,Canada,Eclairs,10/6/2021,2618,374
Karlen McCaffrey,New Zealand,Fruit & Nut Bars,10/7/2021,1512,101
Madelene Upcott,New Zealand,Caramel Stuffed Bars,10/7/2021,5460,364
Wilone O'Kielt,New Zealand,Eclairs,10/7/2021,4487,641
Jehu Rudeforth,India,Milk Bars,10/7/2021,1519,95
Van Tuxwell,India,Almond Choco,10/7/2021,4375,313
Curtice Advani,Canada,Raspberry Choco,10/7/2021,11214,510
Madelene Upcott,Canada,Organic Choco Syrup,10/7/2021,1820,80
Kelci Walkden,Canada,Orange Choco,10/7/2021,6342,334
Kelci Walkden,New Zealand,70% Dark Bites,10/7/2021,3808,476
Husein Augar,New Zealand,Smooth Sliky Salty,10/7/2021,5915,840
Kelci Walkden,Canada,Almond Choco,10/7/2021,15274,980
Gunar Cockshoot,India,Mint Chip Choco,10/7/2021,1176,84
Dennison Crosswaite,UK,Orange Choco,10/7/2021,4403,245
Curtice Advani,Australia,70% Dark Bites,10/7/2021,483,69
Jan Morforth,India,Spicy Special Slims,10/7/2021,7805,840
Ches Bonnell,Australia,Choco Coated Almonds,10/7/2021,4641,465
Wilone O'Kielt,Canada,Baker's Choco Chips,10/7/2021,12138,506
Gigi Bohling,Canada,Caramel Stuffed Bars,10/7/2021,14371,980
Jan Morforth,Australia,After Nines,10/7/2021,4774,299
Roddy Speechley,USA,Mint Chip Choco,10/7/2021,1722,123
Oby Sorrel,Australia,Organic Choco Syrup,10/7/2021,6531,273
Van Tuxwell,Australia,Manuka Honey Choco,10/7/2021,11333,493
Jehu Rudeforth,New Zealand,Baker's Choco Chips,10/7/2021,7546,343
Curtice Advani,Australia,Mint Chip Choco,10/7/2021,539,45
Beverie Moffet,UK,99% Dark & Pure,10/7/2021,8946,407
Roddy Speechley,Canada,Caramel Stuffed Bars,10/7/2021,784,49
Rafaelita Blaksland,Australia,Almond Choco,10/7/2021,560,38
Rafaelita Blaksland,New Zealand,Raspberry Choco,10/7/2021,756,35
Van Tuxwell,Canada,Caramel Stuffed Bars,10/7/2021,350,22
Jehu Rudeforth,UK,Mint Chip Choco,10/7/2021,2352,168
Wilone O'Kielt,USA,Raspberry Choco,10/7/2021,7917,377
Ches Bonnell,India,Peanut Butter Cubes,10/7/2021,8043,424
Jehu Rudeforth,Canada,Raspberry Choco,10/7/2021,2499,119
Jan Morforth,USA,Drinking Coco,10/7/2021,91,4
Kelci Walkden,USA,Eclairs,10/7/2021,4487,641
Rafaelita Blaksland,Canada,70% Dark Bites,10/7/2021,11641,1260
Jan Morforth,USA,Orange Choco,10/7/2021,3955,209
Oby Sorrel,New Zealand,After Nines,10/7/2021,20594,1120
Beverie Moffet,Australia,99% Dark & Pure,10/7/2021,8652,377
Kaine Padly,Canada,Orange Choco,10/7/2021,3234,171
Jan Morforth,Australia,Orange Choco,10/7/2021,3654,193
Roddy Speechley,Australia,50% Dark Bites,10/7/2021,2926,113
Van Tuxwell,Australia,Milk Bars,10/7/2021,3983,249
Karlen McCaffrey,USA,Mint Chip Choco,10/7/2021,3297,275
Kaine Padly,Australia,Raspberry Choco,10/7/2021,15792,770
Gigi Bohling,Canada,Orange Choco,10/7/2021,1246,70
Ches Bonnell,Canada,99% Dark & Pure,10/7/2021,13230,602
Rafaelita Blaksland,Canada,Peanut Butter Cubes,10/7/2021,3101,164
Kaine Padly,New Zealand,Milk Bars,10/7/2021,11438,673
Karlen McCaffrey,USA,Caramel Stuffed Bars,10/7/2021,6188,413
Andria Kimpton,USA,99% Dark & Pure,10/7/2021,9016,376
Beverie Moffet,India,Mint Chip Choco,10/7/2021,3934,328
Camilla Castle,USA,Smooth Sliky Salty,10/7/2021,2114,302
Madelene Upcott,Australia,99% Dark & Pure,10/7/2021,4564,191
Ches Bonnell,USA,70% Dark Bites,10/7/2021,8183,910
Camilla Castle,Canada,Mint Chip Choco,10/7/2021,3101,259
Barr Faughny,UK,Peanut Butter Cubes,10/7/2021,1183,66
Brien Boise,UK,Caramel Stuffed Bars,10/7/2021,5915,348
Barr Faughny,New Zealand,Baker's Choco Chips,10/7/2021,5411,226
Husein Augar,UK,Raspberry Choco,10/7/2021,8960,408
Ches Bonnell,New Zealand,99% Dark & Pure,10/7/2021,3108,130
Kaine Padly,Australia,99% Dark & Pure,10/7/2021,588,26
Kelci Walkden,India,Fruit & Nut Bars,10/7/2021,3962,283
Rafaelita Blaksland,India,Fruit & Nut Bars,10/7/2021,6013,401
Curtice Advani,USA,Almond Choco,10/7/2021,1204,86
Kelci Walkden,UK,Eclairs,10/7/2021,9926,1680
Marney O'Breen,USA,Smooth Sliky Salty,10/7/2021,6580,1120
Roddy Speechley,New Zealand,Eclairs,10/7/2021,3346,419
Gunar Cockshoot,UK,White Choc,10/7/2021,11627,910
Van Tuxwell,New Zealand,Eclairs,10/7/2021,6132,910
Husein Augar,New Zealand,Eclairs,10/7/2021,8512,1050
Beverie Moffet,Canada,After Nines,10/8/2021,8267,460
Wilone O'Kielt,Canada,85% Dark Bars,10/8/2021,3290,174
Jan Morforth,India,50% Dark Bites,10/8/2021,1540,58
Madelene Upcott,Canada,Caramel Stuffed Bars,10/8/2021,6783,399
Dennison Crosswaite,USA,99% Dark & Pure,10/8/2021,105,5
Kaine Padly,New Zealand,Smooth Sliky Salty,10/8/2021,7924,980
Dotty Strutley,New Zealand,White Choc,10/8/2021,4151,346
Wilone O'Kielt,Canada,White Choc,10/8/2021,441,41
Kaine Padly,New Zealand,Mint Chip Choco,10/8/2021,1295,108
Andria Kimpton,Australia,White Choc,10/8/2021,1715,132
Barr Faughny,USA,Raspberry Choco,10/8/2021,14623,665
Kaine Padly,USA,Mint Chip Choco,10/8/2021,5222,436
Dennison Crosswaite,India,Raspberry Choco,10/8/2021,112,6
Gunar Cockshoot,Australia,Organic Choco Syrup,10/8/2021,399,17
Beverie Moffet,UK,Baker's Choco Chips,10/8/2021,3941,172
Barr Faughny,New Zealand,Organic Choco Syrup,10/8/2021,3052,133
Dennison Crosswaite,USA,Baker's Choco Chips,10/8/2021,10101,460
Husein Augar,USA,70% Dark Bites,10/8/2021,322,36
Beverie Moffet,Canada,85% Dark Bars,10/8/2021,5243,276
Gigi Bohling,India,Baker's Choco Chips,10/8/2021,6314,275
Karlen McCaffrey,New Zealand,Manuka Honey Choco,10/8/2021,343,17
Mallorie Waber,Canada,Milk Bars,10/8/2021,1883,126
Brien Boise,UK,After Nines,10/8/2021,8750,547
Oby Sorrel,USA,Baker's Choco Chips,10/8/2021,11704,488
Dennison Crosswaite,UK,Caramel Stuffed Bars,10/8/2021,5159,344
Wilone O'Kielt,UK,Smooth Sliky Salty,10/8/2021,5201,840
Oby Sorrel,Australia,Caramel Stuffed Bars,10/8/2021,12061,840
Brien Boise,Australia,Raspberry Choco,10/8/2021,9100,434
Wilone O'Kielt,New Zealand,Orange Choco,10/8/2021,4676,260
Marney O'Breen,UK,Almond Choco,10/8/2021,11669,700
Kaine Padly,India,Milk Bars,10/8/2021,11277,700
Gigi Bohling,USA,Caramel Stuffed Bars,10/8/2021,539,34
Camilla Castle,India,70% Dark Bites,10/8/2021,10983,1540
Mallorie Waber,India,Organic Choco Syrup,10/8/2021,3962,181
Dotty Strutley,UK,Baker's Choco Chips,10/8/2021,9933,414
Rafaelita Blaksland,USA,Spicy Special Slims,10/8/2021,5488,686
Dotty Strutley,UK,Raspberry Choco,10/8/2021,5152,235
Madelene Upcott,New Zealand,Baker's Choco Chips,10/8/2021,4193,191
Barr Faughny,USA,Spicy Special Slims,10/8/2021,7343,770
Wilone O'Kielt,USA,Milk Bars,10/8/2021,3234,216
Jehu Rudeforth,India,99% Dark & Pure,10/8/2021,4284,179
Ches Bonnell,New Zealand,Mint Chip Choco,10/8/2021,13762,980
Andria Kimpton,Canada,Eclairs,10/8/2021,2814,352
Oby Sorrel,Canada,Almond Choco,10/8/2021,4347,290
Oby Sorrel,USA,Fruit & Nut Bars,10/11/2021,5691,407
Roddy Speechley,Canada,Manuka Honey Choco,10/11/2021,2401,110
Jan Morforth,India,Fruit & Nut Bars,10/11/2021,2989,200
Jehu Rudeforth,New Zealand,Spicy Special Slims,10/11/2021,2632,264
Karlen McCaffrey,New Zealand,Raspberry Choco,10/11/2021,1008,46
Gigi Bohling,Australia,Baker's Choco Chips,10/11/2021,805,37
Brien Boise,Canada,Organic Choco Syrup,10/11/2021,9303,405
Karlen McCaffrey,UK,After Nines,10/11/2021,5964,373
Kelci Walkden,India,Almond Choco,10/11/2021,3374,211
Marney O'Breen,New Zealand,Smooth Sliky Salty,10/11/2021,6818,840
Marney O'Breen,USA,White Choc,10/11/2021,5131,395
Husein Augar,Australia,Baker's Choco Chips,10/11/2021,1337,61
Barr Faughny,Canada,Orange Choco,10/11/2021,23807,1330
Dotty Strutley,USA,Almond Choco,10/11/2021,2730,171
Wilone O'Kielt,USA,Manuka Honey Choco,10/11/2021,7448,339
Jan Morforth,UK,Caramel Stuffed Bars,10/11/2021,7154,477
Karlen McCaffrey,Australia,Milk Bars,10/11/2021,14301,840
Andria Kimpton,UK,Caramel Stuffed Bars,10/11/2021,448,27
Ches Bonnell,Australia,Peanut Butter Cubes,10/11/2021,6258,330
Van Tuxwell,Canada,Spicy Special Slims,10/11/2021,749,94
Barr Faughny,UK,Drinking Coco,10/11/2021,2982,115
Jan Morforth,India,After Nines,10/11/2021,4396,259
Beverie Moffet,USA,Raspberry Choco,10/11/2021,2786,140
Marney O'Breen,New Zealand,Mint Chip Choco,10/11/2021,5117,366
Dotty Strutley,USA,Choco Coated Almonds,10/11/2021,168,16
Beverie Moffet,Canada,Spicy Special Slims,10/11/2021,10871,1120
Barr Faughny,Australia,After Nines,10/11/2021,13048,770
Kaine Padly,UK,70% Dark Bites,10/11/2021,3787,474
Wilone O'Kielt,UK,70% Dark Bites,10/11/2021,3689,410
Karlen McCaffrey,Canada,Eclairs,10/11/2021,98,13
Beverie Moffet,New Zealand,Caramel Stuffed Bars,10/11/2021,658,39
Beverie Moffet,UK,Manuka Honey Choco,10/11/2021,518,23
Barr Faughny,Canada,85% Dark Bars,10/11/2021,1652,87
Madelene Upcott,New Zealand,50% Dark Bites,10/11/2021,7063,283
Madelene Upcott,UK,Organic Choco Syrup,10/11/2021,11599,505
Rafaelita Blaksland,Canada,After Nines,10/11/2021,7791,459
Wilone O'Kielt,USA,85% Dark Bars,10/11/2021,3766,199
Curtice Advani,Australia,White Choc,10/11/2021,6447,496
Dennison Crosswaite,Australia,99% Dark & Pure,10/11/2021,5271,220
Barr Faughny,India,White Choc,10/11/2021,3696,336
Barr Faughny,Australia,Drinking Coco,10/12/2021,182,7
Roddy Speechley,India,Spicy Special Slims,10/12/2021,7224,910
Roddy Speechley,Australia,Raspberry Choco,10/12/2021,2681,135
Mallorie Waber,UK,White Choc,10/12/2021,9345,840
Kelci Walkden,India,85% Dark Bars,10/12/2021,1435,80
Wilone O'Kielt,Australia,Spicy Special Slims,10/12/2021,4746,475
Jehu Rudeforth,USA,Caramel Stuffed Bars,10/12/2021,14987,910
Marney O'Breen,New Zealand,Fruit & Nut Bars,10/12/2021,2338,147
Van Tuxwell,Australia,Spicy Special Slims,10/12/2021,1687,211
Gigi Bohling,India,Smooth Sliky Salty,10/12/2021,2065,259
Barr Faughny,UK,Eclairs,10/12/2021,287,48
Barr Faughny,Australia,70% Dark Bites,10/12/2021,77,10
Karlen McCaffrey,UK,Manuka Honey Choco,10/12/2021,5537,241
Van Tuxwell,Australia,Smooth Sliky Salty,10/12/2021,8498,1400
Mallorie Waber,Canada,Organic Choco Syrup,10/12/2021,9744,424
Jan Morforth,New Zealand,Eclairs,10/12/2021,9401,1190
Kaine Padly,USA,Orange Choco,10/12/2021,1211,68
Oby Sorrel,Australia,50% Dark Bites,10/12/2021,5908,228
Marney O'Breen,New Zealand,Baker's Choco Chips,10/12/2021,7042,294
Beverie Moffet,Australia,Organic Choco Syrup,10/12/2021,9807,409
Ches Bonnell,USA,Choco Coated Almonds,10/12/2021,6111,556
Beverie Moffet,Canada,Choco Coated Almonds,10/12/2021,2611,262
Jehu Rudeforth,New Zealand,Milk Bars,10/12/2021,12691,770
Kelci Walkden,Canada,Choco Coated Almonds,10/12/2021,952,87
Dotty Strutley,USA,Smooth Sliky Salty,10/12/2021,16793,2380
Karlen McCaffrey,India,Spicy Special Slims,10/12/2021,840,105
Madelene Upcott,Australia,Organic Choco Syrup,10/12/2021,7126,297
Jan Morforth,New Zealand,Fruit & Nut Bars,10/12/2021,9541,637
Brien Boise,New Zealand,Baker's Choco Chips,10/12/2021,1750,73
Gigi Bohling,UK,Choco Coated Almonds,10/12/2021,7553,770
Andria Kimpton,Canada,99% Dark & Pure,10/12/2021,3689,161
Van Tuxwell,Australia,Fruit & Nut Bars,10/13/2021,4207,301
Jehu Rudeforth,Australia,Peanut Butter Cubes,10/13/2021,6930,365
Oby Sorrel,India,After Nines,10/13/2021,6279,349
Gigi Bohling,Canada,Spicy Special Slims,10/13/2021,1085,136
Karlen McCaffrey,UK,Choco Coated Almonds,10/13/2021,5012,456
Husein Augar,India,Manuka Honey Choco,10/13/2021,3983,190
Ches Bonnell,New Zealand,Caramel Stuffed Bars,10/13/2021,3766,252
Jehu Rudeforth,India,Organic Choco Syrup,10/13/2021,17164,700
Barr Faughny,Canada,Eclairs,10/13/2021,5362,910
Brien Boise,Australia,85% Dark Bars,10/13/2021,8778,488
Rafaelita Blaksland,Canada,Spicy Special Slims,10/13/2021,4529,453
Andria Kimpton,India,White Choc,10/13/2021,6566,506
Dotty Strutley,India,Smooth Sliky Salty,10/13/2021,1421,203
Van Tuxwell,India,Raspberry Choco,10/13/2021,12614,601
Beverie Moffet,Canada,Fruit & Nut Bars,10/13/2021,1680,105
Curtice Advani,Australia,Manuka Honey Choco,10/13/2021,1526,67
Curtice Advani,Australia,Drinking Coco,10/13/2021,6188,230
Barr Faughny,India,Organic Choco Syrup,10/13/2021,4557,190
Gigi Bohling,UK,70% Dark Bites,10/13/2021,322,41
Karlen McCaffrey,India,Drinking Coco,10/13/2021,21,1
Dotty Strutley,USA,Peanut Butter Cubes,10/13/2021,4039,213
Kelci Walkden,USA,Smooth Sliky Salty,10/13/2021,2261,377
Jehu Rudeforth,USA,Smooth Sliky Salty,10/13/2021,15407,2170
Roddy Speechley,New Zealand,Smooth Sliky Salty,10/13/2021,16240,2310
Jan Morforth,USA,Fruit & Nut Bars,10/13/2021,12453,770
Jehu Rudeforth,New Zealand,Almond Choco,10/13/2021,3668,245
Karlen McCaffrey,USA,Drinking Coco,10/13/2021,5299,212
Dotty Strutley,New Zealand,Caramel Stuffed Bars,10/13/2021,294,20
Beverie Moffet,UK,Milk Bars,10/13/2021,6349,424
Beverie Moffet,Australia,Orange Choco,10/13/2021,1344,68
Madelene Upcott,UK,Baker's Choco Chips,10/13/2021,12852,559
Karlen McCaffrey,Australia,Raspberry Choco,10/14/2021,2310,105
Marney O'Breen,Australia,Almond Choco,10/14/2021,4431,277
Dennison Crosswaite,UK,After Nines,10/14/2021,7546,444
Curtice Advani,USA,After Nines,10/14/2021,5887,368
Oby Sorrel,India,White Choc,10/14/2021,6979,537
Oby Sorrel,UK,Mint Chip Choco,10/14/2021,4928,352
Ches Bonnell,UK,White Choc,10/14/2021,2933,267
Beverie Moffet,India,Raspberry Choco,10/14/2021,4767,217
Kelci Walkden,New Zealand,85% Dark Bars,10/14/2021,1722,91
Barr Faughny,Canada,Spicy Special Slims,10/14/2021,1295,130
Oby Sorrel,India,Drinking Coco,10/14/2021,1890,70
Van Tuxwell,India,Caramel Stuffed Bars,10/14/2021,6286,420
Husein Augar,UK,Peanut Butter Cubes,10/14/2021,749,42
Jehu Rudeforth,Australia,99% Dark & Pure,10/14/2021,5950,271
Husein Augar,USA,Smooth Sliky Salty,10/15/2021,3745,469
Madelene Upcott,New Zealand,White Choc,10/15/2021,2240,173
Dotty Strutley,Canada,White Choc,10/15/2021,4445,371
Gunar Cockshoot,UK,Almond Choco,10/15/2021,1358,91
Van Tuxwell,New Zealand,Organic Choco Syrup,10/15/2021,10549,480
Jan Morforth,Australia,Drinking Coco,10/15/2021,3129,116
Rafaelita Blaksland,India,Caramel Stuffed Bars,10/15/2021,3612,241
Kelci Walkden,Australia,Almond Choco,10/15/2021,5243,350
Ches Bonnell,USA,Milk Bars,10/15/2021,189,12
Dotty Strutley,New Zealand,Peanut Butter Cubes,10/15/2021,3766,210
Kaine Padly,Australia,Fruit & Nut Bars,10/15/2021,2989,200
Oby Sorrel,UK,Fruit & Nut Bars,10/15/2021,4298,307
Brien Boise,UK,Almond Choco,10/15/2021,9331,667
Marney O'Breen,UK,Spicy Special Slims,10/15/2021,5747,639
Oby Sorrel,Australia,Raspberry Choco,10/15/2021,10451,476
Van Tuxwell,India,70% Dark Bites,10/15/2021,11144,1400
Andria Kimpton,UK,Almond Choco,10/15/2021,7504,536
Kaine Padly,India,Baker's Choco Chips,10/15/2021,2590,113
Jan Morforth,USA,Mint Chip Choco,10/15/2021,8610,615
Madelene Upcott,Australia,Caramel Stuffed Bars,10/15/2021,5180,346
Curtice Advani,New Zealand,Milk Bars,10/15/2021,5866,392
Dotty Strutley,UK,70% Dark Bites,10/15/2021,1204,134
Marney O'Breen,Canada,Milk Bars,10/15/2021,1855,124
Ches Bonnell,New Zealand,Orange Choco,10/15/2021,553,30
Ches Bonnell,Australia,Organic Choco Syrup,10/15/2021,7567,316
Dotty Strutley,India,After Nines,10/15/2021,2534,141
Kaine Padly,UK,Almond Choco,10/15/2021,5999,400
Roddy Speechley,New Zealand,Peanut Butter Cubes,10/15/2021,6601,389
Madelene Upcott,Australia,Fruit & Nut Bars,10/15/2021,8554,611
Gigi Bohling,Canada,After Nines,10/15/2021,2436,144
Beverie Moffet,New Zealand,Organic Choco Syrup,10/15/2021,3997,174
Andria Kimpton,UK,Spicy Special Slims,10/15/2021,7014,910
Andria Kimpton,New Zealand,White Choc,10/15/2021,4298,391
Dennison Crosswaite,Australia,Milk Bars,10/15/2021,3500,219
Gigi Bohling,USA,White Choc,10/18/2021,4158,320
Van Tuxwell,UK,50% Dark Bites,10/18/2021,7560,291
Wilone O'Kielt,India,Spicy Special Slims,10/18/2021,5453,606
Wilone O'Kielt,New Zealand,Choco Coated Almonds,10/18/2021,7763,700
Wilone O'Kielt,New Zealand,Caramel Stuffed Bars,10/18/2021,9373,586
Rafaelita Blaksland,Australia,Caramel Stuffed Bars,10/18/2021,1281,86
Van Tuxwell,USA,Eclairs,10/18/2021,3633,606
Camilla Castle,India,Peanut Butter Cubes,10/18/2021,280,15
Marney O'Breen,Australia,Fruit & Nut Bars,10/18/2021,17752,1190
Gunar Cockshoot,New Zealand,Baker's Choco Chips,10/18/2021,847,39
Rafaelita Blaksland,Canada,Almond Choco,10/18/2021,1638,117
Andria Kimpton,Canada,Peanut Butter Cubes,10/18/2021,1589,94
Jehu Rudeforth,UK,Orange Choco,10/18/2021,7574,421
Jehu Rudeforth,UK,70% Dark Bites,10/18/2021,11564,1680
Ches Bonnell,Australia,Mint Chip Choco,10/18/2021,784,56
Rafaelita Blaksland,India,Almond Choco,10/18/2021,2100,132
Andria Kimpton,USA,Smooth Sliky Salty,10/18/2021,10640,1540
Husein Augar,India,Smooth Sliky Salty,10/18/2021,6006,980
Kaine Padly,UK,Milk Bars,10/18/2021,483,31
Ches Bonnell,New Zealand,Smooth Sliky Salty,10/18/2021,13804,1960
Camilla Castle,Canada,50% Dark Bites,10/18/2021,2975,115
Kaine Padly,USA,Organic Choco Syrup,10/18/2021,1407,62
Beverie Moffet,Australia,Spicy Special Slims,10/18/2021,245,31
Dotty Strutley,UK,Eclairs,10/18/2021,1106,139
Oby Sorrel,USA,Smooth Sliky Salty,10/18/2021,1169,167
Dotty Strutley,Australia,Baker's Choco Chips,10/18/2021,343,16
Beverie Moffet,Australia,Manuka Honey Choco,10/18/2021,5558,242
Husein Augar,India,Milk Bars,10/18/2021,357,23
Andria Kimpton,Australia,Choco Coated Almonds,10/18/2021,28,3
Ches Bonnell,India,Manuka Honey Choco,10/18/2021,3192,146
Wilone O'Kielt,Canada,Organic Choco Syrup,10/18/2021,3493,146
Dotty Strutley,India,Organic Choco Syrup,10/18/2021,6335,264
Gigi Bohling,New Zealand,Caramel Stuffed Bars,10/18/2021,12474,840
Ches Bonnell,India,Almond Choco,10/18/2021,630,45
Kaine Padly,New Zealand,50% Dark Bites,10/18/2021,6657,267
Wilone O'Kielt,New Zealand,Spicy Special Slims,10/18/2021,2275,253
Curtice Advani,India,Spicy Special Slims,10/18/2021,5110,511
Kelci Walkden,New Zealand,Orange Choco,10/18/2021,1743,88
Wilone O'Kielt,India,85% Dark Bars,10/18/2021,6860,343
Curtice Advani,UK,Orange Choco,10/18/2021,9940,524
Gigi Bohling,USA,Smooth Sliky Salty,10/18/2021,896,150
Camilla Castle,Australia,White Choc,10/18/2021,1757,136
Dotty Strutley,Australia,Orange Choco,10/18/2021,1568,88
Jehu Rudeforth,Canada,70% Dark Bites,10/18/2021,6454,910
Gigi Bohling,UK,Organic Choco Syrup,10/18/2021,497,23
Brien Boise,Canada,Caramel Stuffed Bars,10/18/2021,7210,425
Kaine Padly,USA,Smooth Sliky Salty,10/18/2021,11319,1610
Marney O'Breen,Australia,Milk Bars,10/18/2021,10388,693
Curtice Advani,New Zealand,White Choc,10/18/2021,2086,161
Dennison Crosswaite,Australia,Orange Choco,10/18/2021,8750,487
Madelene Upcott,USA,Eclairs,10/19/2021,5775,840
Gunar Cockshoot,New Zealand,Choco Coated Almonds,10/19/2021,16604,1680
Marney O'Breen,USA,Almond Choco,10/19/2021,5348,357
Roddy Speechley,Australia,Peanut Butter Cubes,10/19/2021,4613,257
Beverie Moffet,UK,Almond Choco,10/19/2021,6811,487
Marney O'Breen,Canada,Drinking Coco,10/19/2021,1330,50
Roddy Speechley,USA,Organic Choco Syrup,10/19/2021,11501,523
Dotty Strutley,USA,Caramel Stuffed Bars,10/19/2021,1407,94
Roddy Speechley,USA,After Nines,10/19/2021,4249,266
Husein Augar,Canada,White Choc,10/19/2021,13377,1190
Dotty Strutley,New Zealand,Smooth Sliky Salty,10/19/2021,3514,440
Ches Bonnell,USA,After Nines,10/19/2021,1960,123
Mallorie Waber,India,99% Dark & Pure,10/19/2021,9954,453
Rafaelita Blaksland,New Zealand,Choco Coated Almonds,10/19/2021,5775,525
Brien Boise,UK,Smooth Sliky Salty,10/19/2021,12537,1820
Rafaelita Blaksland,Canada,50% Dark Bites,10/19/2021,875,33
Roddy Speechley,Australia,Choco Coated Almonds,10/19/2021,3220,322
Roddy Speechley,USA,Spicy Special Slims,10/19/2021,2408,268
Dennison Crosswaite,Canada,85% Dark Bars,10/19/2021,10892,545
Dotty Strutley,New Zealand,Manuka Honey Choco,10/19/2021,6706,305
Marney O'Breen,India,Eclairs,10/19/2021,4599,657
Madelene Upcott,New Zealand,Almond Choco,10/19/2021,5068,338
Husein Augar,India,After Nines,10/19/2021,11830,696
Camilla Castle,New Zealand,Raspberry Choco,10/19/2021,5894,268
Beverie Moffet,Australia,Milk Bars,10/19/2021,21,2
Dotty Strutley,New Zealand,Mint Chip Choco,10/19/2021,371,29
Dennison Crosswaite,Canada,Raspberry Choco,10/19/2021,9275,442
Brien Boise,Canada,Peanut Butter Cubes,10/19/2021,3087,182
Madelene Upcott,UK,Mint Chip Choco,10/19/2021,6496,464
Kaine Padly,India,Manuka Honey Choco,10/19/2021,6664,318
Brien Boise,Canada,White Choc,10/19/2021,6356,489
Brien Boise,India,Eclairs,10/19/2021,3668,459
Dotty Strutley,India,Orange Choco,10/19/2021,2709,136
Oby Sorrel,USA,Drinking Coco,10/19/2021,3031,117
Roddy Speechley,USA,Smooth Sliky Salty,10/20/2021,889,127
Jan Morforth,New Zealand,99% Dark & Pure,10/20/2021,13223,575
Camilla Castle,USA,White Choc,10/20/2021,1603,124
Jan Morforth,India,Peanut Butter Cubes,10/20/2021,4606,243
Madelene Upcott,Canada,Almond Choco,10/20/2021,2345,147
Dennison Crosswaite,Canada,Orange Choco,10/20/2021,4522,252
Rafaelita Blaksland,USA,Almond Choco,10/20/2021,20503,1470
Husein Augar,UK,85% Dark Bars,10/20/2021,42,3
Mallorie Waber,UK,Fruit & Nut Bars,10/20/2021,8659,542
Andria Kimpton,USA,85% Dark Bars,10/20/2021,11242,563
Jehu Rudeforth,India,Almond Choco,10/20/2021,7518,502
Beverie Moffet,UK,70% Dark Bites,10/20/2021,5495,611
Camilla Castle,India,Manuka Honey Choco,10/20/2021,12110,577
Mallorie Waber,USA,After Nines,10/20/2021,1568,88
Brien Boise,New Zealand,70% Dark Bites,10/20/2021,14273,1610
Roddy Speechley,UK,Almond Choco,10/20/2021,833,53
Van Tuxwell,UK,Baker's Choco Chips,10/20/2021,3073,134
Dennison Crosswaite,USA,Peanut Butter Cubes,10/20/2021,10346,609
Curtice Advani,New Zealand,Mint Chip Choco,10/20/2021,3577,299
Wilone O'Kielt,New Zealand,70% Dark Bites,10/20/2021,6909,840
Jehu Rudeforth,USA,Eclairs,10/20/2021,4165,695
Beverie Moffet,USA,50% Dark Bites,10/20/2021,6307,243
Brien Boise,UK,Baker's Choco Chips,10/20/2021,1106,51
Karlen McCaffrey,India,Baker's Choco Chips,10/20/2021,1610,68
Roddy Speechley,Canada,50% Dark Bites,10/20/2021,3710,143
Jehu Rudeforth,Australia,Manuka Honey Choco,10/20/2021,7259,316
Gunar Cockshoot,India,50% Dark Bites,10/20/2021,5523,205
Husein Augar,UK,99% Dark & Pure,10/20/2021,2121,97
Marney O'Breen,USA,Milk Bars,10/20/2021,3227,202
Dennison Crosswaite,USA,Fruit & Nut Bars,10/20/2021,2905,194
Brien Boise,New Zealand,Spicy Special Slims,10/20/2021,1827,229
Gigi Bohling,New Zealand,70% Dark Bites,10/20/2021,987,110
Barr Faughny,Canada,After Nines,10/20/2021,7056,392
Jan Morforth,New Zealand,Milk Bars,10/20/2021,5579,372
Mallorie Waber,India,50% Dark Bites,10/20/2021,7350,273
Kelci Walkden,UK,Mint Chip Choco,10/20/2021,22358,1890
Barr Faughny,USA,Milk Bars,10/20/2021,665,42
Wilone O'Kielt,Canada,Spicy Special Slims,10/20/2021,798,89
Curtice Advani,New Zealand,Choco Coated Almonds,10/20/2021,5558,556
Beverie Moffet,India,Almond Choco,10/20/2021,6818,455
Husein Augar,Canada,Peanut Butter Cubes,10/20/2021,9303,548
Roddy Speechley,India,Almond Choco,10/20/2021,2940,196
Husein Augar,India,Spicy Special Slims,10/20/2021,546,61
Beverie Moffet,UK,Eclairs,10/20/2021,8001,980
Mallorie Waber,Canada,Choco Coated Almonds,10/20/2021,10052,980
Gigi Bohling,Canada,99% Dark & Pure,10/20/2021,1449,63
Beverie Moffet,New Zealand,Drinking Coco,10/20/2021,3710,149
Wilone O'Kielt,UK,Eclairs,10/20/2021,2576,368
Gunar Cockshoot,Australia,Manuka Honey Choco,10/20/2021,4242,193
Madelene Upcott,Australia,Manuka Honey Choco,10/20/2021,2527,110
Camilla Castle,USA,Orange Choco,10/20/2021,10255,570
Jehu Rudeforth,USA,Organic Choco Syrup,10/20/2021,1365,57
Ches Bonnell,USA,50% Dark Bites,10/20/2021,1358,51
Kelci Walkden,Canada,50% Dark Bites,10/20/2021,2443,94
Ches Bonnell,India,85% Dark Bars,10/20/2021,2856,159
Madelene Upcott,Australia,White Choc,10/20/2021,1477,135
Beverie Moffet,USA,After Nines,10/21/2021,1323,74
Roddy Speechley,UK,Drinking Coco,10/21/2021,7371,295
Jan Morforth,USA,After Nines,10/21/2021,4718,278
Ches Bonnell,Australia,Drinking Coco,10/21/2021,2114,79
Jan Morforth,Australia,Choco Coated Almonds,10/21/2021,11032,980
Rafaelita Blaksland,USA,Organic Choco Syrup,10/21/2021,1680,74
Andria Kimpton,UK,Fruit & Nut Bars,10/21/2021,770,52
Camilla Castle,Canada,85% Dark Bars,10/21/2021,1106,56
Brien Boise,USA,Raspberry Choco,10/21/2021,3612,172
Barr Faughny,Australia,Manuka Honey Choco,10/21/2021,1687,81
Van Tuxwell,UK,Peanut Butter Cubes,10/21/2021,6797,378
Jehu Rudeforth,USA,Orange Choco,10/21/2021,12908,646
Rafaelita Blaksland,New Zealand,Mint Chip Choco,10/21/2021,4886,376
Wilone O'Kielt,New Zealand,Organic Choco Syrup,10/22/2021,3136,131
Roddy Speechley,UK,85% Dark Bars,10/22/2021,434,22
Dennison Crosswaite,India,Milk Bars,10/22/2021,1771,119
Husein Augar,Canada,Organic Choco Syrup,10/22/2021,6783,309
Gigi Bohling,India,70% Dark Bites,10/22/2021,2660,380
Oby Sorrel,Australia,After Nines,10/22/2021,6293,350
Kelci Walkden,UK,50% Dark Bites,10/22/2021,8442,338
Jan Morforth,Australia,Baker's Choco Chips,10/22/2021,9107,380
Brien Boise,USA,Drinking Coco,10/22/2021,371,15
Kaine Padly,New Zealand,Fruit & Nut Bars,10/22/2021,5432,388
Marney O'Breen,India,Choco Coated Almonds,10/22/2021,581,53
Marney O'Breen,New Zealand,Caramel Stuffed Bars,10/22/2021,805,48
Karlen McCaffrey,India,Fruit & Nut Bars,10/22/2021,7497,500
Camilla Castle,Canada,After Nines,10/22/2021,3990,250
Barr Faughny,New Zealand,70% Dark Bites,10/22/2021,294,42
Ches Bonnell,UK,Manuka Honey Choco,10/22/2021,5215,238
Dennison Crosswaite,Australia,Fruit & Nut Bars,10/22/2021,8925,595
Marney O'Breen,India,Peanut Butter Cubes,10/22/2021,4746,250
Jehu Rudeforth,India,50% Dark Bites,10/22/2021,10269,381
Brien Boise,New Zealand,Fruit & Nut Bars,10/22/2021,5383,385
Marney O'Breen,New Zealand,Orange Choco,10/22/2021,7889,439
Barr Faughny,India,Raspberry Choco,10/22/2021,6300,315
Kaine Padly,UK,Raspberry Choco,10/22/2021,7455,373
Van Tuxwell,New Zealand,After Nines,10/22/2021,10843,603
Barr Faughny,Canada,White Choc,10/22/2021,3829,349
Marney O'Breen,Australia,After Nines,10/22/2021,1806,107
Beverie Moffet,India,50% Dark Bites,10/22/2021,5159,192
Beverie Moffet,New Zealand,Almond Choco,10/22/2021,7749,485
Karlen McCaffrey,UK,Raspberry Choco,10/22/2021,7210,361
Beverie Moffet,Canada,70% Dark Bites,10/22/2021,11781,1680
Jehu Rudeforth,India,Baker's Choco Chips,10/22/2021,1785,82
Beverie Moffet,Canada,Manuka Honey Choco,10/22/2021,4837,220
Madelene Upcott,New Zealand,Milk Bars,10/22/2021,9030,565
Marney O'Breen,Australia,Eclairs,10/22/2021,469,59
Wilone O'Kielt,New Zealand,White Choc,10/22/2021,805,68
Van Tuxwell,UK,Manuka Honey Choco,10/22/2021,2639,126
Mallorie Waber,Australia,Orange Choco,10/22/2021,2842,150
Andria Kimpton,UK,70% Dark Bites,10/22/2021,2625,375
Gigi Bohling,USA,Mint Chip Choco,10/22/2021,4543,325
Kelci Walkden,UK,99% Dark & Pure,10/22/2021,18907,840
Gigi Bohling,Australia,Spicy Special Slims,10/22/2021,9016,1120
Jan Morforth,India,99% Dark & Pure,10/22/2021,10815,451
Jehu Rudeforth,USA,Raspberry Choco,10/22/2021,5824,292
Dotty Strutley,India,Raspberry Choco,10/22/2021,6496,325
Rafaelita Blaksland,New Zealand,Caramel Stuffed Bars,10/22/2021,7441,438
Wilone O'Kielt,USA,Almond Choco,10/22/2021,8799,629
Mallorie Waber,Australia,99% Dark & Pure,10/22/2021,3570,149
Marney O'Breen,India,Raspberry Choco,10/22/2021,721,37
Roddy Speechley,Canada,Spicy Special Slims,10/25/2021,6972,698
Brien Boise,USA,Peanut Butter Cubes,10/25/2021,1435,80
Rafaelita Blaksland,UK,99% Dark & Pure,10/25/2021,6678,279
Madelene Upcott,New Zealand,70% Dark Bites,10/25/2021,3647,521
Barr Faughny,USA,99% Dark & Pure,10/25/2021,2016,84
Camilla Castle,Australia,Orange Choco,10/25/2021,11655,648
Jehu Rudeforth,USA,Milk Bars,10/25/2021,15596,980
Andria Kimpton,Canada,Caramel Stuffed Bars,10/25/2021,3626,214
Wilone O'Kielt,Canada,Smooth Sliky Salty,10/25/2021,4312,700
Madelene Upcott,USA,Fruit & Nut Bars,10/25/2021,7042,441
Kelci Walkden,UK,After Nines,10/25/2021,1575,99
Gunar Cockshoot,New Zealand,50% Dark Bites,10/26/2021,8645,321
Kelci Walkden,UK,Peanut Butter Cubes,10/26/2021,2485,147
Andria Kimpton,Australia,50% Dark Bites,10/26/2021,8001,297
Ches Bonnell,India,Eclairs,10/26/2021,9107,1540
Barr Faughny,Australia,Fruit & Nut Bars,10/26/2021,3752,268
Kaine Padly,Canada,Fruit & Nut Bars,10/26/2021,518,37
Rafaelita Blaksland,UK,Mint Chip Choco,10/26/2021,2751,212
Andria Kimpton,Canada,70% Dark Bites,10/26/2021,8246,1050
Camilla Castle,UK,50% Dark Bites,10/26/2021,11620,465
Barr Faughny,India,Peanut Butter Cubes,10/26/2021,11578,610
Jehu Rudeforth,India,Peanut Butter Cubes,10/26/2021,2163,128
Madelene Upcott,Canada,Milk Bars,10/26/2021,13006,840
Marney O'Breen,India,Milk Bars,10/26/2021,9275,546
Marney O'Breen,UK,85% Dark Bars,10/26/2021,280,16
Van Tuxwell,UK,99% Dark & Pure,10/26/2021,1253,53
Jan Morforth,New Zealand,Choco Coated Almonds,10/26/2021,3262,272
Camilla Castle,India,Drinking Coco,10/26/2021,4907,189
Rafaelita Blaksland,Australia,70% Dark Bites,10/26/2021,3150,350
Gigi Bohling,USA,85% Dark Bars,10/26/2021,13426,672
Barr Faughny,UK,Almond Choco,10/26/2021,9947,700
Mallorie Waber,Australia,After Nines,10/26/2021,4704,262
Karlen McCaffrey,USA,50% Dark Bites,10/26/2021,3605,139
Gigi Bohling,New Zealand,Choco Coated Almonds,10/26/2021,4263,356
Mallorie Waber,USA,Orange Choco,10/26/2021,4921,247
Beverie Moffet,Canada,Drinking Coco,10/26/2021,11445,441
Husein Augar,UK,Smooth Sliky Salty,10/26/2021,7518,910
Karlen McCaffrey,UK,Smooth Sliky Salty,10/26/2021,7245,910
Gunar Cockshoot,Canada,Choco Coated Almonds,10/26/2021,2415,202
Kelci Walkden,New Zealand,Organic Choco Syrup,10/26/2021,9079,413
Mallorie Waber,India,Smooth Sliky Salty,10/26/2021,1673,279
Ches Bonnell,Canada,Caramel Stuffed Bars,10/26/2021,518,35
Rafaelita Blaksland,Canada,Choco Coated Almonds,10/26/2021,2758,276
Husein Augar,UK,Fruit & Nut Bars,10/26/2021,2296,144
Jehu Rudeforth,Canada,Baker's Choco Chips,10/26/2021,1890,79
Jan Morforth,USA,Eclairs,10/26/2021,518,87
Karlen McCaffrey,Canada,Orange Choco,10/26/2021,140,7
Karlen McCaffrey,New Zealand,After Nines,10/26/2021,13293,770
Madelene Upcott,UK,Smooth Sliky Salty,10/26/2021,9506,1610
Van Tuxwell,USA,Spicy Special Slims,10/26/2021,12222,1330
Karlen McCaffrey,Canada,Almond Choco,10/26/2021,2030,145
Van Tuxwell,Australia,Peanut Butter Cubes,10/26/2021,4235,236
Karlen McCaffrey,Canada,Fruit & Nut Bars,10/26/2021,3010,201
Kaine Padly,Australia,Almond Choco,10/26/2021,5656,378
Jan Morforth,Canada,White Choc,10/26/2021,9751,770
Beverie Moffet,USA,Caramel Stuffed Bars,10/26/2021,6412,378
Brien Boise,Canada,Drinking Coco,10/26/2021,420,16
Oby Sorrel,Australia,85% Dark Bars,10/26/2021,5635,282
Gigi Bohling,USA,70% Dark Bites,10/26/2021,8351,1190
Brien Boise,New Zealand,Drinking Coco,10/26/2021,364,15
Madelene Upcott,UK,White Choc,10/27/2021,7518,579
Marney O'Breen,Australia,85% Dark Bars,10/27/2021,10409,548
Karlen McCaffrey,UK,Orange Choco,10/27/2021,2303,116
Roddy Speechley,New Zealand,Milk Bars,10/27/2021,9331,584
Curtice Advani,New Zealand,Raspberry Choco,10/27/2021,392,18
Camilla Castle,New Zealand,Eclairs,10/27/2021,1568,262
Roddy Speechley,Australia,Caramel Stuffed Bars,10/27/2021,5033,297
Jehu Rudeforth,Australia,Eclairs,10/27/2021,4550,569
Dennison Crosswaite,USA,Eclairs,10/27/2021,6202,1050
Oby Sorrel,USA,Choco Coated Almonds,10/27/2021,6230,520
Andria Kimpton,Canada,Drinking Coco,10/27/2021,5376,200
Rafaelita Blaksland,New Zealand,50% Dark Bites,10/27/2021,11410,457
Kaine Padly,New Zealand,Baker's Choco Chips,10/27/2021,3192,133
Kaine Padly,India,Peanut Butter Cubes,10/27/2021,4886,272
Jehu Rudeforth,Canada,Manuka Honey Choco,10/27/2021,3304,151
Barr Faughny,USA,Organic Choco Syrup,10/27/2021,469,22
Gunar Cockshoot,UK,70% Dark Bites,10/27/2021,3304,368
Husein Augar,USA,Drinking Coco,10/27/2021,4375,175
Jan Morforth,Australia,Organic Choco Syrup,10/27/2021,2751,115
Wilone O'Kielt,India,Fruit & Nut Bars,10/27/2021,7896,494
Kaine Padly,New Zealand,Raspberry Choco,10/27/2021,9345,425
Jehu Rudeforth,New Zealand,Eclairs,10/27/2021,5355,910
Mallorie Waber,Canada,Manuka Honey Choco,10/27/2021,14,1
Van Tuxwell,New Zealand,Smooth Sliky Salty,10/27/2021,5460,683
Beverie Moffet,India,85% Dark Bars,10/27/2021,1141,64
Kelci Walkden,UK,Drinking Coco,10/27/2021,1932,75
Wilone O'Kielt,India,Mint Chip Choco,10/27/2021,1330,103
Dotty Strutley,UK,Fruit & Nut Bars,10/27/2021,12103,840
Camilla Castle,India,White Choc,10/27/2021,6643,511
Van Tuxwell,Canada,99% Dark & Pure,10/27/2021,6034,275
Dennison Crosswaite,Australia,Almond Choco,10/27/2021,6664,476
Jehu Rudeforth,Canada,Almond Choco,10/27/2021,13797,980
Camilla Castle,New Zealand,Mint Chip Choco,10/27/2021,1659,139
Andria Kimpton,UK,Manuka Honey Choco,10/27/2021,1890,83
Beverie Moffet,UK,White Choc,10/27/2021,112,10
Kaine Padly,USA,White Choc,10/27/2021,329,28
Curtice Advani,Canada,Almond Choco,10/27/2021,10829,677
Husein Augar,Australia,70% Dark Bites,10/27/2021,8302,1050
Mallorie Waber,USA,Milk Bars,10/27/2021,4123,243
Dotty Strutley,Australia,Eclairs,10/27/2021,5684,700
Dotty Strutley,Australia,85% Dark Bars,10/27/2021,581,31
Andria Kimpton,Australia,Organic Choco Syrup,10/27/2021,1869,78
Ches Bonnell,India,After Nines,10/27/2021,6881,405
Dennison Crosswaite,Canada,Almond Choco,10/27/2021,1554,98
Camilla Castle,New Zealand,Manuka Honey Choco,10/27/2021,5061,221
Kaine Padly,UK,Manuka Honey Choco,10/27/2021,4655,212
Husein Augar,Australia,Caramel Stuffed Bars,10/27/2021,4067,255
Karlen McCaffrey,Canada,After Nines,10/27/2021,4529,267
Ches Bonnell,Australia,Spicy Special Slims,10/27/2021,19159,2380
Gigi Bohling,Australia,After Nines,10/27/2021,4340,272
Beverie Moffet,Canada,Milk Bars,10/27/2021,7679,452
Andria Kimpton,Canada,Smooth Sliky Salty,10/27/2021,714,90
Dotty Strutley,India,50% Dark Bites,10/27/2021,3801,141
Roddy Speechley,Australia,Smooth Sliky Salty,10/27/2021,6461,840
Marney O'Breen,USA,Organic Choco Syrup,10/27/2021,7539,328
Wilone O'Kielt,India,Choco Coated Almonds,10/27/2021,6524,594
Van Tuxwell,New Zealand,Peanut Butter Cubes,10/28/2021,7721,455
Dotty Strutley,USA,Baker's Choco Chips,10/28/2021,3619,158
Dotty Strutley,India,Almond Choco,10/28/2021,8015,573
Madelene Upcott,USA,99% Dark & Pure,10/28/2021,5866,267
Wilone O'Kielt,UK,Orange Choco,10/28/2021,2835,158
Karlen McCaffrey,New Zealand,Peanut Butter Cubes,10/28/2021,10227,569
Rafaelita Blaksland,USA,Choco Coated Almonds,10/28/2021,2555,233
Andria Kimpton,Canada,White Choc,10/28/2021,77,7
Barr Faughny,Canada,Fruit & Nut Bars,10/28/2021,5138,343
Dennison Crosswaite,New Zealand,After Nines,10/28/2021,6930,408
Jehu Rudeforth,New Zealand,50% Dark Bites,10/28/2021,5817,233
Curtice Advani,India,50% Dark Bites,10/28/2021,4445,171
Brien Boise,New Zealand,Orange Choco,10/28/2021,23702,1190
Jehu Rudeforth,Canada,Eclairs,10/28/2021,12236,2030
Curtice Advani,UK,After Nines,10/28/2021,13244,840
Wilone O'Kielt,India,Eclairs,10/28/2021,5236,840
Oby Sorrel,USA,Raspberry Choco,10/28/2021,833,38
Kaine Padly,UK,Organic Choco Syrup,10/28/2021,5271,240
Karlen McCaffrey,Canada,Manuka Honey Choco,10/28/2021,2142,98
Oby Sorrel,Australia,Fruit & Nut Bars,10/28/2021,12733,770
Gunar Cockshoot,USA,99% Dark & Pure,10/28/2021,203,9
Ches Bonnell,New Zealand,Fruit & Nut Bars,10/28/2021,259,18
Dennison Crosswaite,New Zealand,85% Dark Bars,10/28/2021,4557,228
Husein Augar,Canada,Choco Coated Almonds,10/28/2021,5656,472
Beverie Moffet,Canada,50% Dark Bites,10/28/2021,6496,260
Curtice Advani,USA,70% Dark Bites,10/28/2021,2849,317
Van Tuxwell,India,50% Dark Bites,10/28/2021,3514,136
Dotty Strutley,UK,Almond Choco,10/28/2021,4438,278
Oby Sorrel,Australia,Choco Coated Almonds,10/28/2021,1904,191
Rafaelita Blaksland,Australia,Milk Bars,10/28/2021,7665,451
Rafaelita Blaksland,Canada,Baker's Choco Chips,10/28/2021,13671,570
Madelene Upcott,Australia,Almond Choco,10/28/2021,13244,840
Barr Faughny,UK,99% Dark & Pure,10/28/2021,7518,314
Jehu Rudeforth,Australia,Mint Chip Choco,10/28/2021,6650,555
Camilla Castle,New Zealand,Baker's Choco Chips,10/28/2021,5943,271
Dotty Strutley,USA,Milk Bars,10/28/2021,14154,910
Curtice Advani,New Zealand,Peanut Butter Cubes,10/28/2021,11508,606
Karlen McCaffrey,India,Choco Coated Almonds,10/28/2021,6300,630
Van Tuxwell,Australia,White Choc,10/29/2021,315,27
Dennison Crosswaite,Canada,Caramel Stuffed Bars,10/29/2021,1022,64
Oby Sorrel,New Zealand,White Choc,10/29/2021,3850,321
Oby Sorrel,Canada,Spicy Special Slims,10/29/2021,1841,185
Camilla Castle,UK,Spicy Special Slims,10/29/2021,2191,274
Barr Faughny,UK,Choco Coated Almonds,10/29/2021,5943,595
Barr Faughny,New Zealand,Raspberry Choco,10/29/2021,5635,282
Gigi Bohling,India,Almond Choco,10/29/2021,350,22
Wilone O'Kielt,USA,Mint Chip Choco,10/29/2021,10500,770
Roddy Speechley,India,Peanut Butter Cubes,10/29/2021,9107,506
Ches Bonnell,New Zealand,Baker's Choco Chips,10/29/2021,1169,51
Dennison Crosswaite,India,Manuka Honey Choco,10/29/2021,2191,96
Kelci Walkden,New Zealand,Milk Bars,10/29/2021,6475,432
Barr Faughny,Australia,Organic Choco Syrup,10/29/2021,2751,126
Gunar Cockshoot,UK,Spicy Special Slims,10/29/2021,3346,372
Camilla Castle,Canada,70% Dark Bites,11/1/2021,5124,570
Jehu Rudeforth,UK,Organic Choco Syrup,11/1/2021,168,7
Ches Bonnell,USA,Fruit & Nut Bars,11/1/2021,7252,454
Rafaelita Blaksland,India,99% Dark & Pure,11/1/2021,5243,228
Dotty Strutley,New Zealand,Almond Choco,11/1/2021,3248,203
Wilone O'Kielt,New Zealand,50% Dark Bites,11/1/2021,5397,200
Brien Boise,Australia,Mint Chip Choco,11/1/2021,5117,394
Oby Sorrel,Australia,Eclairs,11/1/2021,231,29
Wilone O'Kielt,USA,Baker's Choco Chips,11/1/2021,6503,283
Roddy Speechley,UK,Orange Choco,11/1/2021,10717,536
Wilone O'Kielt,UK,50% Dark Bites,11/1/2021,7917,305
Camilla Castle,India,Orange Choco,11/1/2021,15764,910
Husein Augar,Canada,Fruit & Nut Bars,11/1/2021,11340,770
Beverie Moffet,New Zealand,85% Dark Bars,11/1/2021,5530,292
Van Tuxwell,New Zealand,70% Dark Bites,11/1/2021,2149,239
Dennison Crosswaite,Canada,Mint Chip Choco,11/2/2021,1855,155
Brien Boise,Australia,99% Dark & Pure,11/2/2021,6174,269
Mallorie Waber,UK,Baker's Choco Chips,11/2/2021,9814,447
Rafaelita Blaksland,India,Peanut Butter Cubes,11/2/2021,10220,602
Jan Morforth,Australia,Eclairs,11/2/2021,294,49
Dotty Strutley,UK,Choco Coated Almonds,11/2/2021,9226,910
Curtice Advani,Australia,50% Dark Bites,11/2/2021,8701,349
Dotty Strutley,Canada,Raspberry Choco,11/2/2021,6139,307
Husein Augar,India,Raspberry Choco,11/2/2021,3675,175
Karlen McCaffrey,India,Eclairs,11/2/2021,10164,1470
Kelci Walkden,Australia,After Nines,11/2/2021,16751,980
Jehu Rudeforth,UK,Raspberry Choco,11/2/2021,14476,700
Camilla Castle,Australia,Spicy Special Slims,11/2/2021,8883,980
Ches Bonnell,Australia,50% Dark Bites,11/2/2021,4991,185
Karlen McCaffrey,UK,Caramel Stuffed Bars,11/2/2021,10213,601
Dotty Strutley,USA,Eclairs,11/2/2021,11557,1960
Brien Boise,USA,Almond Choco,11/2/2021,5110,320
Mallorie Waber,Canada,Baker's Choco Chips,11/2/2021,5740,250
Van Tuxwell,Canada,White Choc,11/2/2021,15295,1190
Brien Boise,Australia,Peanut Butter Cubes,11/2/2021,2737,153
Dotty Strutley,USA,Mint Chip Choco,11/2/2021,1946,150
Andria Kimpton,Australia,Peanut Butter Cubes,11/2/2021,8232,434
Gunar Cockshoot,India,Choco Coated Almonds,11/2/2021,637,64
Roddy Speechley,Australia,85% Dark Bars,11/2/2021,9681,510
Wilone O'Kielt,New Zealand,Smooth Sliky Salty,11/2/2021,13048,2170
Andria Kimpton,UK,Mint Chip Choco,11/2/2021,1106,86
Wilone O'Kielt,USA,Drinking Coco,11/2/2021,5656,218
Kelci Walkden,UK,White Choc,11/2/2021,693,63
Brien Boise,USA,Spicy Special Slims,11/2/2021,10143,1260
Kaine Padly,USA,Fruit & Nut Bars,11/2/2021,2058,147
Van Tuxwell,USA,Organic Choco Syrup,11/2/2021,9331,389
Andria Kimpton,UK,Choco Coated Almonds,11/2/2021,2870,240
Oby Sorrel,UK,Drinking Coco,11/2/2021,2163,84
Van Tuxwell,UK,Raspberry Choco,11/2/2021,10241,466
Brien Boise,UK,Organic Choco Syrup,11/2/2021,1134,50
Curtice Advani,Australia,Baker's Choco Chips,11/2/2021,2814,118
Ches Bonnell,UK,Drinking Coco,11/2/2021,14609,585
Andria Kimpton,New Zealand,99% Dark & Pure,11/2/2021,9058,394
Marney O'Breen,New Zealand,Organic Choco Syrup,11/2/2021,4711,197
Van Tuxwell,USA,Orange Choco,11/2/2021,2310,116
Gigi Bohling,Canada,Smooth Sliky Salty,11/2/2021,3668,612
Dotty Strutley,India,Mint Chip Choco,11/2/2021,8379,599
Marney O'Breen,Australia,Drinking Coco,11/2/2021,7868,303
Marney O'Breen,Canada,Fruit & Nut Bars,11/2/2021,3535,221
Gigi Bohling,Australia,Fruit & Nut Bars,11/2/2021,4277,286
Roddy Speechley,USA,Almond Choco,11/2/2021,1890,135
Dotty Strutley,Canada,Choco Coated Almonds,11/2/2021,2149,196
Curtice Advani,India,Caramel Stuffed Bars,11/2/2021,595,35
Husein Augar,UK,Caramel Stuffed Bars,11/2/2021,4438,262
Karlen McCaffrey,UK,85% Dark Bars,11/2/2021,2863,151
Wilone O'Kielt,Australia,Milk Bars,11/2/2021,5964,373
Gunar Cockshoot,Canada,Baker's Choco Chips,11/2/2021,5341,243
Camilla Castle,USA,Manuka Honey Choco,11/2/2021,10556,480
Curtice Advani,UK,White Choc,11/2/2021,7476,576
Karlen McCaffrey,USA,Almond Choco,11/2/2021,210,14
Wilone O'Kielt,UK,After Nines,11/2/2021,2611,154
Curtice Advani,Australia,Raspberry Choco,11/2/2021,812,41
Ches Bonnell,USA,99% Dark & Pure,11/2/2021,6853,312
Karlen McCaffrey,Canada,Peanut Butter Cubes,11/2/2021,9632,567
Jan Morforth,USA,50% Dark Bites,11/2/2021,2163,87
Mallorie Waber,Australia,Spicy Special Slims,11/2/2021,280,28
Dotty Strutley,Australia,Almond Choco,11/2/2021,140,10
Camilla Castle,Australia,Choco Coated Almonds,11/3/2021,3388,308
Marney O'Breen,Canada,70% Dark Bites,11/3/2021,2723,389
Marney O'Breen,Australia,70% Dark Bites,11/3/2021,14826,2100
Husein Augar,New Zealand,50% Dark Bites,11/3/2021,371,14
Beverie Moffet,USA,99% Dark & Pure,11/3/2021,7182,327
Karlen McCaffrey,USA,Organic Choco Syrup,11/3/2021,10941,498
Rafaelita Blaksland,Canada,Raspberry Choco,11/3/2021,5523,252
Marney O'Breen,UK,Peanut Butter Cubes,11/3/2021,7623,402
Karlen McCaffrey,Australia,Organic Choco Syrup,11/3/2021,1596,73
Beverie Moffet,New Zealand,Smooth Sliky Salty,11/3/2021,1267,159
Jehu Rudeforth,Australia,Drinking Coco,11/3/2021,5824,224
Roddy Speechley,Australia,Orange Choco,11/3/2021,6237,312
Andria Kimpton,Australia,Spicy Special Slims,11/3/2021,9688,1050
Oby Sorrel,UK,Peanut Butter Cubes,11/3/2021,10857,604
Dotty Strutley,Canada,Mint Chip Choco,11/3/2021,14868,1050
Van Tuxwell,India,White Choc,11/3/2021,917,77
Jan Morforth,Australia,Smooth Sliky Salty,11/3/2021,11543,1680
Husein Augar,USA,After Nines,11/3/2021,4193,233
Jan Morforth,USA,70% Dark Bites,11/3/2021,7784,980
Oby Sorrel,Canada,Baker's Choco Chips,11/3/2021,10346,450
Gigi Bohling,USA,Eclairs,11/3/2021,2352,336
Dotty Strutley,Canada,50% Dark Bites,11/3/2021,259,10
Andria Kimpton,Australia,Manuka Honey Choco,11/3/2021,3262,156
Kaine Padly,USA,Drinking Coco,11/3/2021,4963,184
Kelci Walkden,India,Raspberry Choco,11/3/2021,4326,206
Beverie Moffet,USA,Fruit & Nut Bars,11/3/2021,7504,501
Husein Augar,USA,Raspberry Choco,11/3/2021,14329,700
Curtice Advani,Canada,Orange Choco,11/3/2021,5593,295
Jan Morforth,Canada,Eclairs,11/3/2021,2114,302
Rafaelita Blaksland,USA,Eclairs,11/3/2021,8435,1050
Dennison Crosswaite,New Zealand,Fruit & Nut Bars,11/3/2021,5817,416
Brien Boise,UK,85% Dark Bars,11/3/2021,7028,352
Van Tuxwell,New Zealand,Manuka Honey Choco,11/3/2021,2765,132
Beverie Moffet,Canada,Mint Chip Choco,11/3/2021,1365,98
Van Tuxwell,India,Drinking Coco,11/3/2021,15050,602
Oby Sorrel,Canada,85% Dark Bars,11/3/2021,6237,312
Roddy Speechley,Canada,Baker's Choco Chips,11/3/2021,1708,72
Dotty Strutley,Australia,Raspberry Choco,11/3/2021,1575,72
Roddy Speechley,Canada,99% Dark & Pure,11/3/2021,16513,770
Andria Kimpton,UK,Drinking Coco,11/3/2021,12033,463
Curtice Advani,Canada,50% Dark Bites,11/3/2021,1365,51
Beverie Moffet,Australia,Eclairs,11/3/2021,6433,910
Gunar Cockshoot,New Zealand,Caramel Stuffed Bars,11/3/2021,7560,445
Camilla Castle,Australia,Peanut Butter Cubes,11/3/2021,9058,504
Camilla Castle,India,Almond Choco,11/4/2021,2471,155
Rafaelita Blaksland,Canada,85% Dark Bars,11/4/2021,4830,242
Oby Sorrel,Australia,Spicy Special Slims,11/4/2021,6153,684
Rafaelita Blaksland,Canada,Fruit & Nut Bars,11/4/2021,2100,132
Husein Augar,Canada,Milk Bars,11/4/2021,4095,273
Wilone O'Kielt,Australia,Raspberry Choco,11/4/2021,1029,49
Oby Sorrel,India,Manuka Honey Choco,11/4/2021,5964,272
Marney O'Breen,Canada,Smooth Sliky Salty,11/4/2021,6076,980
Karlen McCaffrey,USA,Orange Choco,11/4/2021,10423,522
Dennison Crosswaite,India,Mint Chip Choco,11/4/2021,658,51
Husein Augar,New Zealand,Organic Choco Syrup,11/4/2021,1288,59
Van Tuxwell,USA,Milk Bars,11/4/2021,4879,326
Jehu Rudeforth,Australia,Milk Bars,11/4/2021,2030,127
Barr Faughny,Australia,85% Dark Bars,11/4/2021,756,40
Curtice Advani,New Zealand,85% Dark Bars,11/4/2021,4207,234
Gunar Cockshoot,New Zealand,Fruit & Nut Bars,11/4/2021,10528,770
Barr Faughny,UK,Spicy Special Slims,11/4/2021,5593,700
Roddy Speechley,New Zealand,Spicy Special Slims,11/4/2021,3794,380
Andria Kimpton,India,Mint Chip Choco,11/4/2021,4277,306
Gigi Bohling,UK,Orange Choco,11/4/2021,5075,282
Beverie Moffet,USA,Drinking Coco,11/4/2021,1841,69
Roddy Speechley,Canada,Organic Choco Syrup,11/4/2021,3549,148
Rafaelita Blaksland,UK,Orange Choco,11/4/2021,5383,284
Karlen McCaffrey,Australia,50% Dark Bites,11/4/2021,10472,419
Rafaelita Blaksland,New Zealand,Milk Bars,11/4/2021,2464,145
Mallorie Waber,Canada,70% Dark Bites,11/4/2021,4151,593
Beverie Moffet,India,99% Dark & Pure,11/4/2021,1064,45
Andria Kimpton,USA,Baker's Choco Chips,11/4/2021,1764,77
Ches Bonnell,Australia,Baker's Choco Chips,11/4/2021,8134,339
Van Tuxwell,Canada,50% Dark Bites,11/4/2021,9625,371
Gigi Bohling,Australia,Choco Coated Almonds,11/4/2021,9639,770
Kaine Padly,India,Choco Coated Almonds,11/4/2021,1932,194
Gigi Bohling,Australia,White Choc,11/4/2021,10003,770
Brien Boise,India,99% Dark & Pure,11/4/2021,9919,432
Marney O'Breen,India,50% Dark Bites,11/4/2021,4851,180
Mallorie Waber,Australia,Manuka Honey Choco,11/4/2021,1610,77
Mallorie Waber,USA,Almond Choco,11/4/2021,3689,264
Gunar Cockshoot,USA,Choco Coated Almonds,11/4/2021,2555,256
Marney O'Breen,Australia,Spicy Special Slims,11/4/2021,2485,249
Husein Augar,India,99% Dark & Pure,11/5/2021,2933,123
Van Tuxwell,India,Fruit & Nut Bars,11/5/2021,7378,527
Ches Bonnell,USA,Baker's Choco Chips,11/5/2021,9744,406
Husein Augar,New Zealand,After Nines,11/5/2021,7588,447
Andria Kimpton,Canada,After Nines,11/5/2021,14672,840
Barr Faughny,Canada,Milk Bars,11/5/2021,3724,220
Wilone O'Kielt,UK,Manuka Honey Choco,11/5/2021,1421,68
Roddy Speechley,UK,70% Dark Bites,11/5/2021,11648,1470
Husein Augar,New Zealand,Fruit & Nut Bars,11/5/2021,6216,444
Wilone O'Kielt,USA,Choco Coated Almonds,11/5/2021,3290,300
Van Tuxwell,Australia,After Nines,11/5/2021,1778,99
Kaine Padly,India,Almond Choco,11/5/2021,13587,980
Jehu Rudeforth,New Zealand,85% Dark Bars,11/5/2021,1029,58
Roddy Speechley,India,Smooth Sliky Salty,11/5/2021,9261,1330
Karlen McCaffrey,UK,Peanut Butter Cubes,11/5/2021,13776,700
Husein Augar,USA,White Choc,11/5/2021,16555,1260
Dotty Strutley,Canada,Peanut Butter Cubes,11/5/2021,4536,252
Kaine Padly,UK,Baker's Choco Chips,11/5/2021,8162,341
Husein Augar,UK,Choco Coated Almonds,11/5/2021,350,32
Oby Sorrel,Australia,70% Dark Bites,11/5/2021,5110,700
Brien Boise,New Zealand,Raspberry Choco,11/5/2021,4326,217
Roddy Speechley,India,Baker's Choco Chips,11/5/2021,595,26
Karlen McCaffrey,UK,Almond Choco,11/5/2021,5551,347
Camilla Castle,India,Organic Choco Syrup,11/5/2021,13188,550
Ches Bonnell,UK,Organic Choco Syrup,11/5/2021,1099,50
Roddy Speechley,Australia,Eclairs,11/5/2021,13839,2310
Rafaelita Blaksland,USA,70% Dark Bites,11/5/2021,14868,2100
Dennison Crosswaite,Australia,Caramel Stuffed Bars,11/5/2021,2814,166
Beverie Moffet,Canada,Baker's Choco Chips,11/5/2021,5691,238
Rafaelita Blaksland,UK,Baker's Choco Chips,11/5/2021,2331,98
Karlen McCaffrey,USA,Manuka Honey Choco,11/5/2021,532,25
Kaine Padly,Canada,Peanut Butter Cubes,11/5/2021,13846,840
Wilone O'Kielt,Canada,Raspberry Choco,11/5/2021,7854,374
Dennison Crosswaite,New Zealand,Smooth Sliky Salty,11/5/2021,2037,291
Rafaelita Blaksland,India,70% Dark Bites,11/5/2021,5425,679
Jan Morforth,USA,Baker's Choco Chips,11/5/2021,1232,56
Dennison Crosswaite,USA,Caramel Stuffed Bars,11/5/2021,5320,313
Oby Sorrel,Canada,Raspberry Choco,11/5/2021,0,0
Rafaelita Blaksland,India,Organic Choco Syrup,11/5/2021,4767,208
Wilone O'Kielt,India,50% Dark Bites,11/5/2021,7049,262
Brien Boise,India,85% Dark Bars,11/5/2021,168,9
Kaine Padly,Canada,Choco Coated Almonds,11/5/2021,3542,355
Oby Sorrel,Canada,Drinking Coco,11/5/2021,8407,324
Andria Kimpton,Australia,Eclairs,11/5/2021,4655,770
Gigi Bohling,UK,85% Dark Bars,11/5/2021,3990,222
Marney O'Breen,Australia,Organic Choco Syrup,11/5/2021,4900,214
Van Tuxwell,Canada,70% Dark Bites,11/5/2021,5362,770
Andria Kimpton,Canada,Almond Choco,11/5/2021,8057,576
Madelene Upcott,UK,Spicy Special Slims,11/5/2021,4585,574
Madelene Upcott,USA,70% Dark Bites,11/5/2021,5082,700
Kaine Padly,New Zealand,Peanut Butter Cubes,11/5/2021,5747,303
Jehu Rudeforth,India,Eclairs,11/5/2021,5467,910
Oby Sorrel,Canada,White Choc,11/5/2021,1722,157
Brien Boise,USA,Milk Bars,11/5/2021,5733,338
Wilone O'Kielt,Australia,Eclairs,11/5/2021,5208,770
Madelene Upcott,USA,White Choc,11/5/2021,1302,109
Andria Kimpton,Canada,Mint Chip Choco,11/5/2021,322,27
Jan Morforth,USA,Caramel Stuffed Bars,11/5/2021,2100,140
Gigi Bohling,Canada,85% Dark Bars,11/5/2021,11907,596
Dotty Strutley,Australia,70% Dark Bites,11/5/2021,10171,1120
Mallorie Waber,USA,Drinking Coco,11/5/2021,11662,467
Jan Morforth,USA,Choco Coated Almonds,11/8/2021,5698,518
Kaine Padly,India,White Choc,11/8/2021,1876,157
Roddy Speechley,Canada,Peanut Butter Cubes,11/8/2021,14287,770
Barr Faughny,New Zealand,Spicy Special Slims,11/8/2021,10255,1260
Karlen McCaffrey,UK,Organic Choco Syrup,11/8/2021,2191,96
Husein Augar,India,Drinking Coco,11/8/2021,6629,266
Madelene Upcott,India,50% Dark Bites,11/8/2021,9800,363
Karlen McCaffrey,New Zealand,Eclairs,11/8/2021,6132,1050
Van Tuxwell,Canada,Baker's Choco Chips,11/8/2021,5999,273
Ches Bonnell,UK,70% Dark Bites,11/8/2021,1281,143
Dennison Crosswaite,Canada,Fruit & Nut Bars,11/8/2021,5201,326
Mallorie Waber,UK,Orange Choco,11/8/2021,9331,519
Van Tuxwell,Canada,Choco Coated Almonds,11/8/2021,1442,132
Beverie Moffet,India,Choco Coated Almonds,11/8/2021,987,99
Roddy Speechley,India,Caramel Stuffed Bars,11/8/2021,3213,189
Ches Bonnell,Canada,Drinking Coco,11/8/2021,12376,459
Kaine Padly,USA,Spicy Special Slims,11/8/2021,5789,579
Kelci Walkden,USA,Fruit & Nut Bars,11/8/2021,630,45
Kelci Walkden,Canada,After Nines,11/8/2021,413,25
Kelci Walkden,UK,Milk Bars,11/8/2021,7357,433
Curtice Advani,Australia,Caramel Stuffed Bars,11/9/2021,8281,488
Oby Sorrel,UK,Eclairs,11/9/2021,5348,669
Jan Morforth,USA,99% Dark & Pure,11/9/2021,7504,327
Mallorie Waber,India,Caramel Stuffed Bars,11/9/2021,4060,254
Karlen McCaffrey,New Zealand,85% Dark Bars,11/9/2021,756,38
Dennison Crosswaite,UK,Manuka Honey Choco,11/9/2021,1603,70
Jehu Rudeforth,New Zealand,Peanut Butter Cubes,11/9/2021,2786,155
Karlen McCaffrey,Australia,Orange Choco,11/9/2021,3304,166
Beverie Moffet,USA,Milk Bars,11/9/2021,5348,335
Kelci Walkden,New Zealand,Drinking Coco,11/9/2021,1344,54
Kaine Padly,Australia,85% Dark Bars,11/9/2021,4571,241
Wilone O'Kielt,Australia,Baker's Choco Chips,11/9/2021,4641,202
Jehu Rudeforth,New Zealand,Fruit & Nut Bars,11/9/2021,1638,117
Mallorie Waber,India,Raspberry Choco,11/9/2021,8442,384
Karlen McCaffrey,India,After Nines,11/9/2021,1512,89
Jehu Rudeforth,Canada,99% Dark & Pure,11/9/2021,1218,51
Marney O'Breen,Australia,Raspberry Choco,11/9/2021,7700,367
Mallorie Waber,USA,Manuka Honey Choco,11/9/2021,8414,366
Van Tuxwell,USA,White Choc,11/9/2021,1771,148
Jan Morforth,New Zealand,Smooth Sliky Salty,11/9/2021,12551,2100
Camilla Castle,New Zealand,Organic Choco Syrup,11/9/2021,609,27
Jehu Rudeforth,New Zealand,Organic Choco Syrup,11/9/2021,4865,203
Madelene Upcott,Canada,Eclairs,11/9/2021,1939,277
Wilone O'Kielt,UK,Spicy Special Slims,11/9/2021,4865,609
Camilla Castle,Australia,70% Dark Bites,11/9/2021,5656,840
Gunar Cockshoot,Canada,99% Dark & Pure,11/9/2021,3479,145
Camilla Castle,USA,Baker's Choco Chips,11/9/2021,21,1
Karlen McCaffrey,UK,Milk Bars,11/10/2021,7119,475
Madelene Upcott,UK,Manuka Honey Choco,11/10/2021,2422,111
Barr Faughny,Canada,Raspberry Choco,11/10/2021,4354,198
Karlen McCaffrey,New Zealand,White Choc,11/10/2021,10080,910
Ches Bonnell,Australia,Smooth Sliky Salty,11/10/2021,6517,840
Beverie Moffet,India,Organic Choco Syrup,11/10/2021,6475,270
Gigi Bohling,USA,Peanut Butter Cubes,11/10/2021,5789,305
Oby Sorrel,India,Organic Choco Syrup,11/10/2021,8764,366
Ches Bonnell,New Zealand,85% Dark Bars,11/10/2021,6181,344
Marney O'Breen,UK,Choco Coated Almonds,11/10/2021,4480,448
Gigi Bohling,New Zealand,Baker's Choco Chips,11/10/2021,3528,147
Curtice Advani,India,Baker's Choco Chips,11/10/2021,5418,226
Beverie Moffet,UK,85% Dark Bars,11/10/2021,5327,296
Jehu Rudeforth,USA,Manuka Honey Choco,11/10/2021,3675,160
Karlen McCaffrey,UK,Baker's Choco Chips,11/10/2021,6307,263
Marney O'Breen,Canada,Spicy Special Slims,11/10/2021,7343,910
Rafaelita Blaksland,Canada,White Choc,11/10/2021,4214,352
Jehu Rudeforth,USA,After Nines,11/10/2021,3073,181
Dennison Crosswaite,Australia,70% Dark Bites,11/10/2021,5810,840
Jan Morforth,USA,Raspberry Choco,11/10/2021,1078,49
Beverie Moffet,Australia,70% Dark Bites,11/10/2021,5019,558
Ches Bonnell,Australia,Almond Choco,11/10/2021,2800,175
Mallorie Waber,Australia,Raspberry Choco,11/10/2021,10633,484
Gunar Cockshoot,UK,Milk Bars,11/10/2021,1666,105
Jan Morforth,New Zealand,Raspberry Choco,11/10/2021,5131,257
Husein Augar,UK,70% Dark Bites,11/10/2021,2527,361
Curtice Advani,Canada,Spicy Special Slims,11/10/2021,1491,166
Andria Kimpton,Australia,After Nines,11/10/2021,2422,143
Rafaelita Blaksland,Australia,99% Dark & Pure,11/10/2021,12838,535
Jehu Rudeforth,USA,85% Dark Bars,11/10/2021,18249,980
Marney O'Breen,New Zealand,Spicy Special Slims,11/10/2021,1624,203
Gunar Cockshoot,India,Orange Choco,11/11/2021,175,10
Andria Kimpton,India,Drinking Coco,11/11/2021,4837,180
Madelene Upcott,Canada,Drinking Coco,11/11/2021,315,13
Rafaelita Blaksland,Australia,Peanut Butter Cubes,11/11/2021,1218,72
Dotty Strutley,India,70% Dark Bites,11/11/2021,28,4
Madelene Upcott,Canada,Baker's Choco Chips,11/11/2021,3353,153
Barr Faughny,India,70% Dark Bites,11/11/2021,3101,443
Gunar Cockshoot,Canada,Spicy Special Slims,11/11/2021,2639,294
Jehu Rudeforth,New Zealand,Choco Coated Almonds,11/11/2021,791,72
Husein Augar,Australia,Almond Choco,11/11/2021,4746,339
Dennison Crosswaite,USA,85% Dark Bars,11/11/2021,4389,231
Camilla Castle,Australia,Manuka Honey Choco,11/11/2021,2975,130
Van Tuxwell,India,85% Dark Bars,11/11/2021,7686,427
Oby Sorrel,New Zealand,Caramel Stuffed Bars,11/11/2021,10626,626
Roddy Speechley,USA,Caramel Stuffed Bars,11/11/2021,6419,378
Beverie Moffet,New Zealand,Mint Chip Choco,11/11/2021,8029,618
Curtice Advani,Canada,White Choc,11/11/2021,14357,1190
Husein Augar,Australia,Manuka Honey Choco,11/11/2021,6517,297
Roddy Speechley,UK,After Nines,11/11/2021,19453,1120
Van Tuxwell,Australia,99% Dark & Pure,11/11/2021,8652,377
Andria Kimpton,USA,Almond Choco,11/11/2021,2562,161
Roddy Speechley,UK,Choco Coated Almonds,11/11/2021,10353,840
Van Tuxwell,Canada,Orange Choco,11/11/2021,4480,249
Oby Sorrel,USA,White Choc,11/11/2021,959,74
Roddy Speechley,USA,85% Dark Bars,11/11/2021,4648,245
Marney O'Breen,UK,Organic Choco Syrup,11/11/2021,11788,492
Van Tuxwell,Australia,50% Dark Bites,11/11/2021,2142,80
Kaine Padly,Australia,Mint Chip Choco,11/11/2021,294,25
Camilla Castle,USA,Milk Bars,11/11/2021,1449,86
Gunar Cockshoot,UK,Organic Choco Syrup,11/11/2021,4039,176
Gigi Bohling,New Zealand,85% Dark Bars,11/11/2021,1918,101
Marney O'Breen,Australia,99% Dark & Pure,11/11/2021,280,12
Barr Faughny,Australia,Caramel Stuffed Bars,11/11/2021,1162,78
Camilla Castle,USA,After Nines,11/11/2021,266,16
Karlen McCaffrey,New Zealand,Caramel Stuffed Bars,11/11/2021,679,46
Dotty Strutley,India,Caramel Stuffed Bars,11/11/2021,9373,552
Husein Augar,New Zealand,Choco Coated Almonds,11/11/2021,5880,588
Van Tuxwell,UK,After Nines,11/11/2021,5173,324
Kelci Walkden,USA,After Nines,11/11/2021,973,58
Ches Bonnell,UK,Spicy Special Slims,11/11/2021,16303,1820
Jehu Rudeforth,India,After Nines,11/11/2021,12999,840
Roddy Speechley,UK,Baker's Choco Chips,11/12/2021,6293,274
Gigi Bohling,New Zealand,After Nines,11/12/2021,3479,194
Husein Augar,UK,Manuka Honey Choco,11/12/2021,2625,120
Rafaelita Blaksland,Australia,Mint Chip Choco,11/12/2021,4060,313
Barr Faughny,UK,Manuka Honey Choco,11/12/2021,5495,239
Jan Morforth,India,Choco Coated Almonds,11/12/2021,3605,301
Ches Bonnell,Canada,50% Dark Bites,11/12/2021,532,21
Roddy Speechley,New Zealand,85% Dark Bars,11/12/2021,10206,511
Dennison Crosswaite,India,Choco Coated Almonds,11/12/2021,7462,622
Kelci Walkden,USA,Almond Choco,11/12/2021,2247,150
Curtice Advani,UK,99% Dark & Pure,11/12/2021,7021,293
Andria Kimpton,Australia,85% Dark Bars,11/12/2021,11977,631
Kaine Padly,UK,99% Dark & Pure,11/12/2021,952,42
Camilla Castle,India,Eclairs,11/15/2021,9240,1540
Curtice Advani,USA,Peanut Butter Cubes,11/15/2021,6972,388
Madelene Upcott,Canada,85% Dark Bars,11/15/2021,4648,233
Gunar Cockshoot,USA,Raspberry Choco,11/15/2021,4704,224
Beverie Moffet,New Zealand,70% Dark Bites,11/15/2021,3563,396
Kelci Walkden,India,Baker's Choco Chips,11/15/2021,5516,240
Beverie Moffet,India,Caramel Stuffed Bars,11/15/2021,4599,307
Madelene Upcott,USA,Choco Coated Almonds,11/15/2021,3780,344
Roddy Speechley,USA,Baker's Choco Chips,11/15/2021,5880,256
Gigi Bohling,USA,99% Dark & Pure,11/15/2021,6692,291
Jan Morforth,India,Baker's Choco Chips,11/15/2021,5047,230
Marney O'Breen,USA,Baker's Choco Chips,11/15/2021,7441,339
Andria Kimpton,New Zealand,Organic Choco Syrup,11/15/2021,1428,60
Jehu Rudeforth,Canada,50% Dark Bites,11/15/2021,9765,376
Curtice Advani,UK,Spicy Special Slims,11/15/2021,4767,477
Jan Morforth,UK,After Nines,11/15/2021,1085,64
Husein Augar,USA,Choco Coated Almonds,11/15/2021,9688,910
Beverie Moffet,New Zealand,Milk Bars,11/15/2021,1211,72
Roddy Speechley,Australia,After Nines,11/15/2021,5208,290
Beverie Moffet,USA,Eclairs,11/15/2021,1715,245
Oby Sorrel,UK,After Nines,11/15/2021,8435,528
Marney O'Breen,Canada,85% Dark Bars,11/15/2021,3549,178
Marney O'Breen,India,85% Dark Bars,11/15/2021,7980,444
Rafaelita Blaksland,Canada,Manuka Honey Choco,11/15/2021,5278,230
Brien Boise,UK,70% Dark Bites,11/15/2021,12950,1610
Wilone O'Kielt,India,Orange Choco,11/15/2021,3612,201
Madelene Upcott,USA,Manuka Honey Choco,11/15/2021,7511,342
Kaine Padly,UK,Smooth Sliky Salty,11/15/2021,889,112
Jan Morforth,India,Almond Choco,11/15/2021,9366,586
Marney O'Breen,Canada,Manuka Honey Choco,11/15/2021,12159,579
Andria Kimpton,USA,Choco Coated Almonds,11/15/2021,1302,109
Kelci Walkden,New Zealand,Raspberry Choco,11/15/2021,2254,108
Oby Sorrel,New Zealand,Orange Choco,11/15/2021,1540,86
Ches Bonnell,UK,Raspberry Choco,11/15/2021,7868,375
Oby Sorrel,UK,White Choc,11/15/2021,3689,308
Madelene Upcott,India,99% Dark & Pure,11/15/2021,8540,372
Barr Faughny,New Zealand,Choco Coated Almonds,11/15/2021,1589,133
Kelci Walkden,Canada,Fruit & Nut Bars,11/15/2021,6468,432
Gunar Cockshoot,USA,Drinking Coco,11/15/2021,9562,383
Gigi Bohling,New Zealand,50% Dark Bites,11/15/2021,11704,434
Barr Faughny,India,Fruit & Nut Bars,11/15/2021,11347,840
Jan Morforth,India,85% Dark Bars,11/15/2021,9184,484
Curtice Advani,USA,50% Dark Bites,11/15/2021,8435,313
Kelci Walkden,UK,Fruit & Nut Bars,11/15/2021,6993,500
Madelene Upcott,UK,Fruit & Nut Bars,11/15/2021,952,64
Gigi Bohling,Australia,99% Dark & Pure,11/15/2021,7343,334
Van Tuxwell,USA,Mint Chip Choco,11/15/2021,13013,980
Jan Morforth,Australia,Raspberry Choco,11/15/2021,4340,207
Camilla Castle,USA,Caramel Stuffed Bars,11/15/2021,5565,371
Brien Boise,India,Mint Chip Choco,11/15/2021,882,74
Wilone O'Kielt,USA,70% Dark Bites,11/15/2021,700,78
Camilla Castle,USA,Choco Coated Almonds,11/15/2021,6433,644
Camilla Castle,UK,Caramel Stuffed Bars,11/15/2021,2856,191
Madelene Upcott,USA,Spicy Special Slims,11/15/2021,301,38
Jehu Rudeforth,India,Drinking Coco,11/15/2021,8372,335
Barr Faughny,USA,Fruit & Nut Bars,11/15/2021,5229,349
Marney O'Breen,Canada,Baker's Choco Chips,11/15/2021,12257,558
Rafaelita Blaksland,Australia,Eclairs,11/15/2021,1932,322
Kelci Walkden,Australia,99% Dark & Pure,11/15/2021,1561,68
Rafaelita Blaksland,Australia,Choco Coated Almonds,11/15/2021,2884,241
Gunar Cockshoot,India,Eclairs,11/15/2021,11494,1890
Oby Sorrel,New Zealand,Baker's Choco Chips,11/15/2021,8400,350
Wilone O'Kielt,India,White Choc,11/15/2021,9737,770
Van Tuxwell,UK,Caramel Stuffed Bars,11/15/2021,2184,146
Madelene Upcott,Canada,Raspberry Choco,11/15/2021,13195,600
Curtice Advani,Australia,Peanut Butter Cubes,11/15/2021,1778,99
Karlen McCaffrey,Canada,Choco Coated Almonds,11/15/2021,2044,205
Oby Sorrel,India,Fruit & Nut Bars,11/15/2021,2835,203
Kaine Padly,Canada,Manuka Honey Choco,11/15/2021,154,7
Dotty Strutley,Canada,Almond Choco,11/15/2021,3346,210
Madelene Upcott,Canada,50% Dark Bites,11/15/2021,6188,248
Dotty Strutley,New Zealand,85% Dark Bars,11/15/2021,6209,311
Rafaelita Blaksland,UK,White Choc,11/15/2021,17255,1470
Dennison Crosswaite,USA,Manuka Honey Choco,11/15/2021,4676,204
Gunar Cockshoot,USA,Smooth Sliky Salty,11/15/2021,1211,152
Rafaelita Blaksland,USA,50% Dark Bites,11/15/2021,7749,310
Gunar Cockshoot,UK,Caramel Stuffed Bars,11/15/2021,7168,448
Ches Bonnell,India,Orange Choco,11/15/2021,14700,770
Van Tuxwell,Canada,Manuka Honey Choco,11/16/2021,6951,331
Beverie Moffet,India,Drinking Coco,11/16/2021,4718,182
Mallorie Waber,India,After Nines,11/16/2021,203,13
Jehu Rudeforth,New Zealand,Manuka Honey Choco,11/16/2021,7798,355
Oby Sorrel,New Zealand,Milk Bars,11/16/2021,4263,267
Madelene Upcott,USA,Almond Choco,11/16/2021,4074,255
Gigi Bohling,India,Fruit & Nut Bars,11/16/2021,469,32
Gunar Cockshoot,India,70% Dark Bites,11/16/2021,2128,266
Dotty Strutley,Australia,Smooth Sliky Salty,11/16/2021,6636,1120
Van Tuxwell,India,Orange Choco,11/16/2021,126,7
Gunar Cockshoot,New Zealand,Organic Choco Syrup,11/16/2021,6643,289
Andria Kimpton,India,Peanut Butter Cubes,11/16/2021,4081,241
Rafaelita Blaksland,New Zealand,White Choc,11/16/2021,2744,229
Camilla Castle,New Zealand,Peanut Butter Cubes,11/16/2021,4788,252
Kelci Walkden,Canada,Milk Bars,11/16/2021,763,45
Gunar Cockshoot,India,Spicy Special Slims,11/16/2021,6531,700
Karlen McCaffrey,New Zealand,50% Dark Bites,11/16/2021,2891,116
Dotty Strutley,UK,85% Dark Bars,11/16/2021,1666,84
Mallorie Waber,USA,85% Dark Bars,11/16/2021,3395,170
Marney O'Breen,Canada,99% Dark & Pure,11/16/2021,12257,533
Beverie Moffet,Australia,Caramel Stuffed Bars,11/16/2021,5453,321
Andria Kimpton,New Zealand,Milk Bars,11/16/2021,4074,240
Karlen McCaffrey,USA,70% Dark Bites,11/16/2021,6895,980
Dotty Strutley,New Zealand,Milk Bars,11/16/2021,3605,213
Kaine Padly,UK,85% Dark Bars,11/16/2021,3213,170
Madelene Upcott,Canada,99% Dark & Pure,11/16/2021,350,15
Gunar Cockshoot,India,85% Dark Bars,11/16/2021,5796,306
Brien Boise,Australia,70% Dark Bites,11/16/2021,3773,539
Rafaelita Blaksland,USA,85% Dark Bars,11/16/2021,1771,94
Dotty Strutley,Canada,Spicy Special Slims,11/16/2021,3934,394
Marney O'Breen,India,Drinking Coco,11/16/2021,1512,59
Madelene Upcott,New Zealand,After Nines,11/16/2021,7392,435
Madelene Upcott,Australia,Milk Bars,11/16/2021,7070,442
Dotty Strutley,UK,Peanut Butter Cubes,11/16/2021,15414,840
Camilla Castle,UK,Eclairs,11/16/2021,10822,1820
Mallorie Waber,USA,Eclairs,11/16/2021,11879,1470
Jehu Rudeforth,New Zealand,99% Dark & Pure,11/16/2021,9282,387
Marney O'Breen,India,Smooth Sliky Salty,11/16/2021,10983,1540
Ches Bonnell,Australia,70% Dark Bites,11/16/2021,1554,222
Gigi Bohling,Australia,Almond Choco,11/16/2021,2443,175
Ches Bonnell,Canada,Choco Coated Almonds,11/16/2021,8736,770
Van Tuxwell,Australia,Choco Coated Almonds,11/16/2021,3542,322
Gigi Bohling,Australia,Drinking Coco,11/16/2021,6230,250
Dotty Strutley,Canada,Manuka Honey Choco,11/17/2021,5845,255
Karlen McCaffrey,Australia,White Choc,11/17/2021,1484,124
Roddy Speechley,Canada,Smooth Sliky Salty,11/17/2021,1288,184
Barr Faughny,UK,Milk Bars,11/17/2021,2513,168
Wilone O'Kielt,India,70% Dark Bites,11/17/2021,3682,461
Barr Faughny,Canada,50% Dark Bites,11/17/2021,3514,131
Jehu Rudeforth,UK,85% Dark Bars,11/17/2021,3626,182
Andria Kimpton,UK,Milk Bars,11/17/2021,5950,350
Van Tuxwell,Canada,Almond Choco,11/17/2021,18858,1330
Karlen McCaffrey,Canada,85% Dark Bars,11/17/2021,1911,96
Mallorie Waber,USA,Choco Coated Almonds,11/17/2021,8358,770
Beverie Moffet,New Zealand,After Nines,11/17/2021,3801,224
Kelci Walkden,Australia,White Choc,11/17/2021,11557,980
Kelci Walkden,UK,Smooth Sliky Salty,11/17/2021,742,124
Brien Boise,India,Milk Bars,11/17/2021,2170,145
Brien Boise,Canada,Milk Bars,11/17/2021,5817,343
Gunar Cockshoot,UK,Choco Coated Almonds,11/17/2021,3843,321
Jehu Rudeforth,Canada,Organic Choco Syrup,11/17/2021,8302,346
Gunar Cockshoot,UK,85% Dark Bars,11/17/2021,42,3
Kelci Walkden,New Zealand,Peanut Butter Cubes,11/17/2021,4088,216
Roddy Speechley,Canada,70% Dark Bites,11/17/2021,7126,770
Jehu Rudeforth,Australia,85% Dark Bars,11/17/2021,2296,128
Camilla Castle,India,After Nines,11/17/2021,14483,840
Kaine Padly,Canada,Spicy Special Slims,11/17/2021,6167,617
Kaine Padly,USA,Raspberry Choco,11/17/2021,7042,336
Beverie Moffet,UK,Peanut Butter Cubes,11/17/2021,4515,251
Andria Kimpton,India,Milk Bars,11/17/2021,9863,581
Kelci Walkden,India,Mint Chip Choco,11/17/2021,12663,1050
Madelene Upcott,India,Drinking Coco,11/17/2021,6580,254
Andria Kimpton,India,Raspberry Choco,11/17/2021,9737,443
Van Tuxwell,Canada,Peanut Butter Cubes,11/17/2021,10192,600
Marney O'Breen,USA,Spicy Special Slims,11/17/2021,10283,1120
Beverie Moffet,India,Peanut Butter Cubes,11/17/2021,8918,525
Wilone O'Kielt,UK,Baker's Choco Chips,11/17/2021,16086,671
Gigi Bohling,Australia,Eclairs,11/17/2021,5957,770
Gunar Cockshoot,Canada,85% Dark Bars,11/17/2021,1904,101
Wilone O'Kielt,New Zealand,Drinking Coco,11/17/2021,735,28
Gigi Bohling,UK,Smooth Sliky Salty,11/17/2021,3955,660
Madelene Upcott,Canada,Choco Coated Almonds,11/17/2021,15127,1260
Dennison Crosswaite,New Zealand,Milk Bars,11/17/2021,2261,151
Barr Faughny,New Zealand,99% Dark & Pure,11/17/2021,9079,379
Karlen McCaffrey,Australia,85% Dark Bars,11/17/2021,7315,385
Wilone O'Kielt,USA,Spicy Special Slims,11/17/2021,5992,770
Roddy Speechley,New Zealand,Mint Chip Choco,11/17/2021,476,37
Wilone O'Kielt,Australia,After Nines,11/17/2021,5572,310
Roddy Speechley,Canada,Eclairs,11/17/2021,2548,425
Barr Faughny,USA,Manuka Honey Choco,11/17/2021,7483,326
Marney O'Breen,Canada,Eclairs,11/17/2021,9513,1610
Jehu Rudeforth,Australia,Raspberry Choco,11/17/2021,8176,390
Brien Boise,UK,99% Dark & Pure,11/17/2021,3220,135
Dennison Crosswaite,India,Caramel Stuffed Bars,11/17/2021,6216,415
Gigi Bohling,UK,Baker's Choco Chips,11/17/2021,1848,84
Wilone O'Kielt,New Zealand,Mint Chip Choco,11/17/2021,651,47
Kaine Padly,Australia,After Nines,11/17/2021,483,31
Andria Kimpton,UK,Baker's Choco Chips,11/17/2021,5418,226
Oby Sorrel,UK,Spicy Special Slims,11/17/2021,798,100
Jan Morforth,USA,85% Dark Bars,11/17/2021,7588,380
Camilla Castle,Canada,Fruit & Nut Bars,11/17/2021,5586,350
Van Tuxwell,New Zealand,Almond Choco,11/17/2021,9576,639
Barr Faughny,New Zealand,50% Dark Bites,11/17/2021,819,32
Jehu Rudeforth,New Zealand,After Nines,11/17/2021,8799,489
Barr Faughny,USA,50% Dark Bites,11/17/2021,5285,204
Kelci Walkden,USA,Milk Bars,11/17/2021,224,15
Dotty Strutley,New Zealand,Choco Coated Almonds,11/17/2021,5740,574
Oby Sorrel,Canada,After Nines,11/17/2021,1645,92
Oby Sorrel,UK,Organic Choco Syrup,11/17/2021,2870,131
Mallorie Waber,UK,Choco Coated Almonds,11/17/2021,476,40
Jehu Rudeforth,Australia,50% Dark Bites,11/17/2021,2702,109
Brien Boise,India,Spicy Special Slims,11/17/2021,4214,469
Dotty Strutley,UK,Milk Bars,11/17/2021,3969,234
Curtice Advani,India,Manuka Honey Choco,11/17/2021,2247,103
Kelci Walkden,India,Organic Choco Syrup,11/18/2021,364,16
Camilla Castle,Canada,Organic Choco Syrup,11/18/2021,427,20
Brien Boise,USA,After Nines,11/18/2021,3458,193
Marney O'Breen,Australia,50% Dark Bites,11/18/2021,588,22
Kelci Walkden,India,Milk Bars,11/18/2021,13531,840
Curtice Advani,India,Drinking Coco,11/18/2021,1876,73
Gigi Bohling,New Zealand,Spicy Special Slims,11/18/2021,756,76
Jan Morforth,UK,Manuka Honey Choco,11/18/2021,1890,86
Curtice Advani,New Zealand,Eclairs,11/18/2021,350,50
Dennison Crosswaite,Australia,Raspberry Choco,11/18/2021,7728,352
Jehu Rudeforth,Australia,Caramel Stuffed Bars,11/18/2021,3073,205
Jan Morforth,Canada,Drinking Coco,11/18/2021,9534,367
Wilone O'Kielt,Canada,Peanut Butter Cubes,11/18/2021,10255,604
Kaine Padly,USA,99% Dark & Pure,11/18/2021,1869,82
Brien Boise,India,After Nines,11/18/2021,3374,188
Karlen McCaffrey,India,Mint Chip Choco,11/18/2021,10206,700
Gigi Bohling,Canada,Raspberry Choco,11/19/2021,9142,416
Karlen McCaffrey,Canada,Smooth Sliky Salty,11/19/2021,5908,840
Kelci Walkden,USA,Peanut Butter Cubes,11/19/2021,6006,354
Karlen McCaffrey,Australia,Fruit & Nut Bars,11/19/2021,3717,266
Oby Sorrel,Canada,Milk Bars,11/19/2021,4522,302
Dennison Crosswaite,Canada,Spicy Special Slims,11/19/2021,16114,1820
Dotty Strutley,Canada,Organic Choco Syrup,11/19/2021,5495,250
Kaine Padly,India,Smooth Sliky Salty,11/19/2021,8820,1470
Dotty Strutley,UK,50% Dark Bites,11/19/2021,12215,489
Jan Morforth,New Zealand,Almond Choco,11/19/2021,6832,456
Barr Faughny,Australia,Raspberry Choco,11/19/2021,1974,99
Dotty Strutley,New Zealand,Drinking Coco,11/19/2021,6986,280
Andria Kimpton,USA,Manuka Honey Choco,11/19/2021,11354,541
Oby Sorrel,New Zealand,Drinking Coco,11/19/2021,7343,272
Madelene Upcott,USA,Smooth Sliky Salty,11/19/2021,11326,1890
Dennison Crosswaite,India,Baker's Choco Chips,11/19/2021,1582,69
Roddy Speechley,UK,Fruit & Nut Bars,11/19/2021,6713,480
Kaine Padly,USA,After Nines,11/19/2021,11473,638
Andria Kimpton,India,After Nines,11/19/2021,6153,385
Dennison Crosswaite,UK,Drinking Coco,11/19/2021,539,21
Dennison Crosswaite,USA,Milk Bars,11/19/2021,12607,840
Beverie Moffet,Australia,After Nines,11/19/2021,1617,90
Barr Faughny,New Zealand,Drinking Coco,11/19/2021,1428,55
Barr Faughny,USA,Mint Chip Choco,11/19/2021,4333,334
Oby Sorrel,USA,Milk Bars,11/19/2021,5537,370
Van Tuxwell,USA,After Nines,11/19/2021,4858,270
Ches Bonnell,UK,Almond Choco,11/19/2021,5467,391
Gigi Bohling,India,Spicy Special Slims,11/19/2021,7476,910
Roddy Speechley,India,White Choc,11/19/2021,2380,217
Kaine Padly,Canada,Caramel Stuffed Bars,11/19/2021,2681,168
Mallorie Waber,New Zealand,Manuka Honey Choco,11/19/2021,3276,143
Husein Augar,USA,50% Dark Bites,11/19/2021,6174,229
Camilla Castle,Australia,Fruit & Nut Bars,11/19/2021,2387,160
Gigi Bohling,Canada,Drinking Coco,11/19/2021,2716,109
Dotty Strutley,USA,White Choc,11/19/2021,10654,910
Gigi Bohling,USA,Organic Choco Syrup,11/19/2021,4508,205
Kelci Walkden,India,70% Dark Bites,11/19/2021,5383,673
Gigi Bohling,USA,Fruit & Nut Bars,11/19/2021,5775,385
Curtice Advani,India,Eclairs,11/19/2021,12313,1750
Karlen McCaffrey,New Zealand,Spicy Special Slims,11/19/2021,3829,426
Andria Kimpton,India,Manuka Honey Choco,11/19/2021,2975,142
Oby Sorrel,USA,Almond Choco,11/19/2021,2009,134
Gigi Bohling,UK,Mint Chip Choco,11/19/2021,812,58
Ches Bonnell,India,Fruit & Nut Bars,11/19/2021,1106,70
Marney O'Breen,New Zealand,70% Dark Bites,11/19/2021,5495,687
Kaine Padly,UK,Choco Coated Almonds,11/19/2021,2016,168
Kelci Walkden,Australia,Smooth Sliky Salty,11/19/2021,4459,770
Brien Boise,USA,Mint Chip Choco,11/19/2021,98,9
Camilla Castle,USA,Spicy Special Slims,11/19/2021,448,56
Marney O'Breen,Canada,After Nines,11/19/2021,4270,238
Karlen McCaffrey,UK,White Choc,11/19/2021,322,27
Ches Bonnell,UK,Baker's Choco Chips,11/19/2021,7378,308
Kaine Padly,Australia,Drinking Coco,11/19/2021,259,10
Ches Bonnell,Canada,85% Dark Bars,11/19/2021,6405,321
Kelci Walkden,Canada,Spicy Special Slims,11/19/2021,945,95
Madelene Upcott,Canada,Mint Chip Choco,11/19/2021,1519,127
Camilla Castle,UK,Smooth Sliky Salty,11/19/2021,3143,449
Husein Augar,Canada,Eclairs,11/19/2021,13461,2240
Camilla Castle,USA,50% Dark Bites,11/19/2021,10227,410
Jehu Rudeforth,UK,Manuka Honey Choco,11/22/2021,10094,481
Ches Bonnell,USA,Smooth Sliky Salty,11/22/2021,7,2
Gunar Cockshoot,USA,Eclairs,11/22/2021,2352,294
Andria Kimpton,UK,After Nines,11/22/2021,2282,135
Mallorie Waber,Australia,Smooth Sliky Salty,11/22/2021,11585,1470
Gigi Bohling,UK,Caramel Stuffed Bars,11/22/2021,8799,518
Dennison Crosswaite,India,Fruit & Nut Bars,11/22/2021,2646,177
Kelci Walkden,Australia,Baker's Choco Chips,11/22/2021,2919,127
Andria Kimpton,Australia,Mint Chip Choco,11/22/2021,3507,270
Curtice Advani,New Zealand,Manuka Honey Choco,11/22/2021,9044,431
Andria Kimpton,New Zealand,Fruit & Nut Bars,11/22/2021,9016,564
Jehu Rudeforth,Canada,Smooth Sliky Salty,11/22/2021,7924,1330
Rafaelita Blaksland,USA,After Nines,11/22/2021,294,17
Mallorie Waber,USA,White Choc,11/22/2021,1463,133
Dennison Crosswaite,UK,85% Dark Bars,11/22/2021,17423,910
Gunar Cockshoot,New Zealand,Peanut Butter Cubes,11/22/2021,10129,563
Beverie Moffet,Canada,Caramel Stuffed Bars,11/22/2021,11977,770
Jehu Rudeforth,UK,Fruit & Nut Bars,11/22/2021,2576,161
Brien Boise,Australia,Orange Choco,11/22/2021,1414,71
Wilone O'Kielt,New Zealand,Baker's Choco Chips,11/22/2021,10661,485
Gunar Cockshoot,USA,White Choc,11/22/2021,2821,236
Rafaelita Blaksland,UK,Fruit & Nut Bars,11/22/2021,350,24
Kaine Padly,India,50% Dark Bites,11/22/2021,6944,278
Brien Boise,USA,Choco Coated Almonds,11/22/2021,8057,700
Rafaelita Blaksland,Australia,85% Dark Bars,11/22/2021,13440,700
Ches Bonnell,Canada,White Choc,11/22/2021,4480,374
Kaine Padly,Canada,Almond Choco,11/22/2021,1218,77
Dennison Crosswaite,Canada,Drinking Coco,11/22/2021,2261,87
Rafaelita Blaksland,India,Choco Coated Almonds,11/22/2021,8904,910
Oby Sorrel,New Zealand,99% Dark & Pure,11/22/2021,6804,296
Dotty Strutley,New Zealand,Organic Choco Syrup,11/22/2021,11753,490
Gunar Cockshoot,USA,Fruit & Nut Bars,11/22/2021,5103,365
Dotty Strutley,UK,Orange Choco,11/22/2021,5922,329
Dennison Crosswaite,Canada,70% Dark Bites,11/22/2021,10297,1470
Barr Faughny,Canada,Manuka Honey Choco,11/22/2021,2219,106
Mallorie Waber,UK,Raspberry Choco,11/22/2021,623,32
Madelene Upcott,USA,Baker's Choco Chips,11/22/2021,518,22
Husein Augar,Australia,Mint Chip Choco,11/22/2021,15197,1260
Brien Boise,Canada,Smooth Sliky Salty,11/22/2021,3885,555
Roddy Speechley,India,Choco Coated Almonds,11/22/2021,77,8
Madelene Upcott,New Zealand,Smooth Sliky Salty,11/22/2021,1449,182
Husein Augar,Canada,Spicy Special Slims,11/22/2021,3381,339
Mallorie Waber,Australia,Baker's Choco Chips,11/22/2021,5467,228
Roddy Speechley,Australia,Baker's Choco Chips,11/22/2021,3626,165
Ches Bonnell,New Zealand,Manuka Honey Choco,11/22/2021,4459,194
Gigi Bohling,Australia,50% Dark Bites,11/22/2021,2541,102
Jehu Rudeforth,USA,Choco Coated Almonds,11/22/2021,12208,1050
Curtice Advani,USA,Manuka Honey Choco,11/22/2021,6370,290
Husein Augar,Australia,White Choc,11/22/2021,2198,170
Oby Sorrel,Australia,Orange Choco,11/22/2021,4424,246
Marney O'Breen,India,After Nines,11/22/2021,4921,274
Madelene Upcott,Australia,Choco Coated Almonds,11/22/2021,6300,630
Madelene Upcott,India,70% Dark Bites,11/22/2021,18011,2030
Madelene Upcott,New Zealand,99% Dark & Pure,11/22/2021,6832,285
Brien Boise,Australia,Fruit & Nut Bars,11/23/2021,1708,114
Madelene Upcott,Canada,Smooth Sliky Salty,11/23/2021,1736,290
Madelene Upcott,UK,Eclairs,11/23/2021,3934,656
Jan Morforth,UK,Spicy Special Slims,11/23/2021,1365,152
Rafaelita Blaksland,UK,Peanut Butter Cubes,11/23/2021,10437,550
Brien Boise,Canada,After Nines,11/23/2021,6587,366
Van Tuxwell,USA,Fruit & Nut Bars,11/23/2021,7994,571
Dennison Crosswaite,Australia,After Nines,11/23/2021,9114,537
Kelci Walkden,New Zealand,After Nines,11/23/2021,371,24
Curtice Advani,India,Raspberry Choco,11/23/2021,4865,232
Beverie Moffet,USA,Organic Choco Syrup,11/23/2021,11123,464
Curtice Advani,Canada,Drinking Coco,11/23/2021,8687,335
Rafaelita Blaksland,New Zealand,85% Dark Bars,11/23/2021,714,36
Wilone O'Kielt,Australia,50% Dark Bites,11/23/2021,3346,134
Oby Sorrel,USA,Spicy Special Slims,11/23/2021,3773,420
Ches Bonnell,USA,Mint Chip Choco,11/23/2021,2464,206
Dotty Strutley,Canada,70% Dark Bites,11/23/2021,7518,910
Oby Sorrel,Australia,Smooth Sliky Salty,11/23/2021,5278,770
Gunar Cockshoot,USA,Almond Choco,11/23/2021,7763,486
Kaine Padly,Canada,85% Dark Bars,11/23/2021,2443,129
Madelene Upcott,Australia,Peanut Butter Cubes,11/23/2021,4235,250
Beverie Moffet,Australia,Baker's Choco Chips,11/23/2021,4928,224
Kelci Walkden,India,50% Dark Bites,11/23/2021,3528,131
Camilla Castle,USA,Peanut Butter Cubes,11/23/2021,9177,483
Gigi Bohling,India,Choco Coated Almonds,11/23/2021,15680,1330
Gunar Cockshoot,India,After Nines,11/23/2021,16443,980
Rafaelita Blaksland,USA,Baker's Choco Chips,11/23/2021,7308,333
Curtice Advani,UK,Drinking Coco,11/23/2021,5481,203
Jan Morforth,USA,White Choc,11/23/2021,847,66
Curtice Advani,Canada,Milk Bars,11/24/2021,3150,210
Karlen McCaffrey,India,99% Dark & Pure,11/24/2021,7427,310
Brien Boise,New Zealand,Caramel Stuffed Bars,11/24/2021,2548,170
Mallorie Waber,Australia,Milk Bars,11/24/2021,3913,231
Gunar Cockshoot,UK,Smooth Sliky Salty,11/24/2021,14140,2030
Van Tuxwell,Canada,85% Dark Bars,11/24/2021,1008,54
Camilla Castle,USA,85% Dark Bars,11/24/2021,5985,333
Kelci Walkden,New Zealand,White Choc,11/24/2021,4172,380
Jehu Rudeforth,UK,Almond Choco,11/24/2021,5838,417
Gunar Cockshoot,New Zealand,70% Dark Bites,11/24/2021,5215,770
Kelci Walkden,India,Choco Coated Almonds,11/24/2021,4795,436
Husein Augar,UK,Baker's Choco Chips,11/24/2021,1155,51
Camilla Castle,Canada,99% Dark & Pure,11/24/2021,3325,152
Dennison Crosswaite,USA,Orange Choco,11/24/2021,4116,229
Oby Sorrel,USA,85% Dark Bars,11/24/2021,9849,493
Rafaelita Blaksland,UK,Spicy Special Slims,11/24/2021,3976,442
Rafaelita Blaksland,UK,Eclairs,11/24/2021,7175,1190
Jehu Rudeforth,Australia,Almond Choco,11/24/2021,19677,1260
Dennison Crosswaite,New Zealand,Manuka Honey Choco,11/24/2021,7000,334
Kaine Padly,India,Organic Choco Syrup,11/24/2021,2037,85
Gunar Cockshoot,USA,50% Dark Bites,11/24/2021,5866,235
Dotty Strutley,UK,Mint Chip Choco,11/24/2021,4298,307
Oby Sorrel,India,Baker's Choco Chips,11/24/2021,9100,396
Dennison Crosswaite,Australia,Spicy Special Slims,11/24/2021,280,35
Dennison Crosswaite,New Zealand,70% Dark Bites,11/24/2021,3745,469
Oby Sorrel,India,70% Dark Bites,11/24/2021,4522,503
Andria Kimpton,New Zealand,50% Dark Bites,11/24/2021,1414,55
Barr Faughny,New Zealand,Orange Choco,11/24/2021,7357,409
Marney O'Breen,USA,Caramel Stuffed Bars,11/24/2021,6643,443
Andria Kimpton,Canada,Orange Choco,11/24/2021,2457,130
Beverie Moffet,UK,50% Dark Bites,11/24/2021,7924,305
Gigi Bohling,Australia,Peanut Butter Cubes,11/24/2021,4410,245
Husein Augar,USA,85% Dark Bars,11/24/2021,9779,515
Rafaelita Blaksland,Canada,Eclairs,11/24/2021,1358,194
Jan Morforth,Australia,Fruit & Nut Bars,11/24/2021,112,7
Dotty Strutley,UK,Spicy Special Slims,11/24/2021,10808,1190
Husein Augar,Australia,99% Dark & Pure,11/24/2021,609,27
Dennison Crosswaite,New Zealand,White Choc,11/24/2021,3591,277
Marney O'Breen,New Zealand,After Nines,11/24/2021,3521,196
Ches Bonnell,USA,Almond Choco,11/24/2021,3129,196
Curtice Advani,New Zealand,After Nines,11/24/2021,4445,262
Mallorie Waber,Australia,Eclairs,11/24/2021,3682,614
Barr Faughny,USA,Caramel Stuffed Bars,11/24/2021,1687,100
Dennison Crosswaite,UK,99% Dark & Pure,11/24/2021,3738,163
Kelci Walkden,USA,50% Dark Bites,11/24/2021,1113,45
Rafaelita Blaksland,Australia,Drinking Coco,11/24/2021,7581,281
Karlen McCaffrey,UK,70% Dark Bites,11/24/2021,3430,382
Kelci Walkden,India,White Choc,11/24/2021,4830,440
Kaine Padly,Australia,Manuka Honey Choco,11/24/2021,8736,380
Husein Augar,Canada,85% Dark Bars,11/24/2021,686,37
Marney O'Breen,UK,Drinking Coco,11/24/2021,8211,316
Camilla Castle,UK,70% Dark Bites,11/24/2021,15743,1960
Gigi Bohling,USA,Milk Bars,11/24/2021,3549,237
Husein Augar,Australia,Milk Bars,11/24/2021,3472,217
Jehu Rudeforth,Australia,Spicy Special Slims,11/24/2021,5348,669
Beverie Moffet,New Zealand,Raspberry Choco,11/24/2021,5299,241
Jehu Rudeforth,India,Manuka Honey Choco,11/24/2021,7294,348
Beverie Moffet,New Zealand,Eclairs,11/24/2021,12166,2030
Dotty Strutley,New Zealand,Baker's Choco Chips,11/24/2021,3843,175
Van Tuxwell,New Zealand,50% Dark Bites,11/24/2021,2170,87
Rafaelita Blaksland,UK,Raspberry Choco,11/24/2021,7805,391
Barr Faughny,USA,70% Dark Bites,11/25/2021,2709,387
Jan Morforth,New Zealand,Organic Choco Syrup,11/25/2021,2905,133
Madelene Upcott,Canada,After Nines,11/25/2021,3045,170
Roddy Speechley,USA,99% Dark & Pure,11/25/2021,3199,134
Kelci Walkden,UK,Spicy Special Slims,11/25/2021,6860,770
Jehu Rudeforth,Australia,Smooth Sliky Salty,11/25/2021,7777,1120
Barr Faughny,UK,Raspberry Choco,11/25/2021,16709,840
Barr Faughny,USA,Smooth Sliky Salty,11/25/2021,5642,910
Husein Augar,USA,Organic Choco Syrup,11/25/2021,1848,81
Van Tuxwell,UK,Milk Bars,11/25/2021,4711,278
Kelci Walkden,USA,70% Dark Bites,11/25/2021,5831,840
Madelene Upcott,UK,Drinking Coco,11/25/2021,15967,615
Rafaelita Blaksland,New Zealand,Orange Choco,11/25/2021,6510,343
Marney O'Breen,USA,Mint Chip Choco,11/25/2021,91,7
Kaine Padly,USA,Almond Choco,11/25/2021,6286,449
Wilone O'Kielt,India,Organic Choco Syrup,11/25/2021,8512,355
Rafaelita Blaksland,New Zealand,Smooth Sliky Salty,11/25/2021,3472,496
Andria Kimpton,USA,Orange Choco,11/25/2021,10556,528
Andria Kimpton,USA,Spicy Special Slims,11/25/2021,4830,604
Dennison Crosswaite,New Zealand,Caramel Stuffed Bars,11/25/2021,854,54
Dotty Strutley,USA,99% Dark & Pure,11/26/2021,364,16
Beverie Moffet,USA,Almond Choco,11/26/2021,11781,770
Roddy Speechley,Canada,Choco Coated Almonds,11/26/2021,2044,171
Gigi Bohling,New Zealand,Mint Chip Choco,11/26/2021,2898,242
Karlen McCaffrey,Canada,Spicy Special Slims,11/26/2021,3192,355
Kelci Walkden,Australia,Spicy Special Slims,11/26/2021,10990,1400
Jan Morforth,New Zealand,Mint Chip Choco,11/26/2021,1974,152
Gigi Bohling,New Zealand,Drinking Coco,11/26/2021,357,14
Barr Faughny,Canada,Choco Coated Almonds,11/26/2021,7812,700
Curtice Advani,USA,85% Dark Bars,11/26/2021,6202,327
Gunar Cockshoot,New Zealand,Mint Chip Choco,11/26/2021,12068,910
Dotty Strutley,India,Fruit & Nut Bars,11/26/2021,6363,455
Jan Morforth,Canada,Baker's Choco Chips,11/26/2021,6006,251
Brien Boise,UK,Peanut Butter Cubes,11/26/2021,5579,310
Madelene Upcott,India,Baker's Choco Chips,11/26/2021,2590,108
Barr Faughny,Canada,Drinking Coco,11/26/2021,3066,118
Brien Boise,UK,Milk Bars,11/26/2021,4627,309
Van Tuxwell,New Zealand,Fruit & Nut Bars,11/26/2021,2422,152
Van Tuxwell,New Zealand,Baker's Choco Chips,11/26/2021,11718,489
Gunar Cockshoot,Australia,Drinking Coco,11/26/2021,4942,198
Dotty Strutley,UK,White Choc,11/26/2021,364,31
Camilla Castle,New Zealand,Smooth Sliky Salty,11/26/2021,9863,1610
Oby Sorrel,India,Choco Coated Almonds,11/26/2021,938,94
Andria Kimpton,India,Spicy Special Slims,11/26/2021,10829,1190
Brien Boise,Canada,Fruit & Nut Bars,11/26/2021,9135,609
Jan Morforth,New Zealand,70% Dark Bites,11/26/2021,427,54
Jehu Rudeforth,Canada,Choco Coated Almonds,11/26/2021,11480,1120
Kelci Walkden,New Zealand,Baker's Choco Chips,11/26/2021,2919,122
Ches Bonnell,New Zealand,After Nines,11/26/2021,9282,546
Jan Morforth,Canada,Choco Coated Almonds,11/26/2021,12593,1050
Wilone O'Kielt,Canada,Caramel Stuffed Bars,11/26/2021,2758,173
Dennison Crosswaite,India,50% Dark Bites,11/26/2021,8659,321
Jan Morforth,Canada,50% Dark Bites,11/26/2021,10360,415
Rafaelita Blaksland,Canada,Orange Choco,11/26/2021,3136,157
Kaine Padly,Canada,Mint Chip Choco,11/26/2021,287,24
Karlen McCaffrey,India,Manuka Honey Choco,11/26/2021,721,32
Gigi Bohling,USA,Baker's Choco Chips,11/26/2021,11613,505
Husein Augar,USA,Peanut Butter Cubes,11/26/2021,9352,493
Marney O'Breen,UK,Fruit & Nut Bars,11/26/2021,4025,288
Karlen McCaffrey,Australia,Baker's Choco Chips,11/26/2021,13181,550
Karlen McCaffrey,India,White Choc,11/26/2021,2240,204
Camilla Castle,Australia,Mint Chip Choco,11/26/2021,7826,653
Barr Faughny,Australia,Spicy Special Slims,11/26/2021,1463,147
Andria Kimpton,Australia,Orange Choco,11/26/2021,8624,432
Van Tuxwell,Canada,Eclairs,11/26/2021,8638,1470
Marney O'Breen,Australia,Baker's Choco Chips,11/26/2021,6951,303
Madelene Upcott,India,Choco Coated Almonds,11/26/2021,1127,94
Kaine Padly,USA,50% Dark Bites,11/26/2021,406,16
Curtice Advani,Australia,99% Dark & Pure,11/26/2021,6720,306
Husein Augar,USA,Mint Chip Choco,11/29/2021,2625,202
Oby Sorrel,New Zealand,Almond Choco,11/29/2021,980,70
Dennison Crosswaite,Australia,White Choc,11/29/2021,5061,461
Camilla Castle,New Zealand,Caramel Stuffed Bars,11/29/2021,6979,437
Gunar Cockshoot,Australia,Raspberry Choco,11/29/2021,18382,840
Karlen McCaffrey,India,Organic Choco Syrup,11/29/2021,798,37
Kelci Walkden,USA,Manuka Honey Choco,11/29/2021,1197,53
Gunar Cockshoot,New Zealand,White Choc,11/29/2021,2639,220
Andria Kimpton,New Zealand,Almond Choco,11/29/2021,8729,582
Husein Augar,UK,50% Dark Bites,11/29/2021,8190,328
Wilone O'Kielt,USA,Eclairs,11/29/2021,9044,1120
Dennison Crosswaite,Australia,Baker's Choco Chips,11/29/2021,7119,324
Dennison Crosswaite,Canada,Smooth Sliky Salty,11/29/2021,1155,145
Wilone O'Kielt,Canada,Eclairs,11/29/2021,7294,1190
Camilla Castle,India,Spicy Special Slims,11/29/2021,12999,1610
Dotty Strutley,Canada,After Nines,11/29/2021,5593,350
Karlen McCaffrey,USA,After Nines,11/29/2021,2513,148
Kaine Padly,India,After Nines,11/29/2021,8547,475
Dotty Strutley,Australia,Mint Chip Choco,11/29/2021,2408,172
Gigi Bohling,USA,Manuka Honey Choco,11/29/2021,1316,58
Roddy Speechley,New Zealand,70% Dark Bites,11/29/2021,1274,160
Rafaelita Blaksland,India,Smooth Sliky Salty,11/29/2021,6601,840
Camilla Castle,UK,Baker's Choco Chips,11/29/2021,1442,66
Camilla Castle,Canada,Choco Coated Almonds,11/29/2021,3318,277
Husein Augar,Canada,Smooth Sliky Salty,11/29/2021,2926,418
Brien Boise,UK,Fruit & Nut Bars,11/29/2021,16065,980
Ches Bonnell,Australia,Milk Bars,11/29/2021,12572,770
Camilla Castle,UK,85% Dark Bars,11/29/2021,11886,661
Madelene Upcott,Australia,70% Dark Bites,11/29/2021,8701,980
Jehu Rudeforth,Australia,Baker's Choco Chips,11/29/2021,6272,273
Kaine Padly,New Zealand,Almond Choco,11/29/2021,9394,671
Kelci Walkden,India,Orange Choco,11/29/2021,1603,81
Gigi Bohling,USA,Spicy Special Slims,11/29/2021,7070,700
Jan Morforth,New Zealand,Peanut Butter Cubes,11/29/2021,1484,83
Husein Augar,India,Choco Coated Almonds,11/29/2021,2807,256
Roddy Speechley,Australia,99% Dark & Pure,11/29/2021,6853,286
Dennison Crosswaite,UK,Spicy Special Slims,11/29/2021,8876,910
Kelci Walkden,USA,Choco Coated Almonds,11/30/2021,9583,770
Kaine Padly,New Zealand,Manuka Honey Choco,11/30/2021,9996,455
Gunar Cockshoot,New Zealand,99% Dark & Pure,11/30/2021,17185,700
Beverie Moffet,USA,Peanut Butter Cubes,11/30/2021,13391,700
Dotty Strutley,Australia,Milk Bars,11/30/2021,13111,910
Barr Faughny,India,Milk Bars,11/30/2021,3241,191
Kelci Walkden,New Zealand,Mint Chip Choco,11/30/2021,11564,840
Rafaelita Blaksland,USA,Fruit & Nut Bars,11/30/2021,4998,357
Ches Bonnell,Australia,Manuka Honey Choco,11/30/2021,3605,164
Rafaelita Blaksland,New Zealand,99% Dark & Pure,11/30/2021,238,10
Dennison Crosswaite,India,White Choc,11/30/2021,3325,256
Jan Morforth,Canada,85% Dark Bars,11/30/2021,5936,313
Rafaelita Blaksland,UK,Choco Coated Almonds,11/30/2021,140,13
Dotty Strutley,UK,Drinking Coco,11/30/2021,378,14
Madelene Upcott,New Zealand,85% Dark Bars,11/30/2021,2849,150
Dennison Crosswaite,New Zealand,Almond Choco,11/30/2021,1827,115
Ches Bonnell,UK,Milk Bars,11/30/2021,133,9
Camilla Castle,Canada,Orange Choco,11/30/2021,8988,450
Dotty Strutley,UK,Organic Choco Syrup,11/30/2021,4242,193
Andria Kimpton,UK,White Choc,11/30/2021,8512,700
Dotty Strutley,USA,Drinking Coco,11/30/2021,4011,155
Dennison Crosswaite,New Zealand,99% Dark & Pure,12/1/2021,10941,498
Kelci Walkden,Canada,Drinking Coco,12/1/2021,5894,227
Jehu Rudeforth,Canada,85% Dark Bars,12/1/2021,3983,200
Camilla Castle,India,Baker's Choco Chips,12/1/2021,2821,118
Kelci Walkden,UK,70% Dark Bites,12/1/2021,7189,770
Roddy Speechley,Australia,White Choc,12/1/2021,2051,187
Van Tuxwell,UK,Smooth Sliky Salty,12/1/2021,4697,588
Gunar Cockshoot,UK,50% Dark Bites,12/1/2021,6909,277
Curtice Advani,USA,White Choc,12/1/2021,1792,138
Gunar Cockshoot,UK,Manuka Honey Choco,12/2/2021,287,14
Jan Morforth,New Zealand,Spicy Special Slims,12/2/2021,4970,622
Andria Kimpton,USA,Organic Choco Syrup,12/2/2021,7077,295
Brien Boise,Australia,Baker's Choco Chips,12/2/2021,5110,213
Gunar Cockshoot,Australia,White Choc,12/2/2021,2702,226
Dennison Crosswaite,Canada,Baker's Choco Chips,12/2/2021,13377,558
Ches Bonnell,Australia,White Choc,12/2/2021,2268,189
Rafaelita Blaksland,New Zealand,Fruit & Nut Bars,12/2/2021,280,18
Brien Boise,Australia,White Choc,12/2/2021,15561,1190
Gunar Cockshoot,Canada,Mint Chip Choco,12/2/2021,6426,459
Rafaelita Blaksland,Canada,Drinking Coco,12/2/2021,4011,149
Husein Augar,India,Mint Chip Choco,12/2/2021,14,1
Beverie Moffet,India,White Choc,12/2/2021,735,57
Wilone O'Kielt,Australia,Almond Choco,12/2/2021,2296,144
Wilone O'Kielt,USA,50% Dark Bites,12/2/2021,3661,141
Kelci Walkden,New Zealand,Almond Choco,12/2/2021,10857,770
Rafaelita Blaksland,India,After Nines,12/2/2021,7301,457
Roddy Speechley,USA,White Choc,12/2/2021,3472,316
Wilone O'Kielt,Canada,Manuka Honey Choco,12/2/2021,3276,143
Jan Morforth,India,Milk Bars,12/2/2021,4340,290
Kaine Padly,New Zealand,After Nines,12/2/2021,4711,278
Marney O'Breen,India,70% Dark Bites,12/2/2021,364,52
Dennison Crosswaite,New Zealand,Mint Chip Choco,12/2/2021,12026,840
Jan Morforth,Australia,Spicy Special Slims,12/2/2021,15561,1960
Dotty Strutley,Australia,Manuka Honey Choco,12/2/2021,3822,182
Camilla Castle,New Zealand,Almond Choco,12/2/2021,2793,175
Kaine Padly,New Zealand,85% Dark Bars,12/2/2021,301,17
Brien Boise,India,Orange Choco,12/2/2021,1470,74
Dotty Strutley,New Zealand,After Nines,12/2/2021,3045,180
Mallorie Waber,New Zealand,Baker's Choco Chips,12/2/2021,8190,373
Gigi Bohling,USA,Almond Choco,12/2/2021,11851,840
Marney O'Breen,Canada,Peanut Butter Cubes,12/2/2021,4389,244
Dotty Strutley,UK,Smooth Sliky Salty,12/2/2021,4802,601
Kaine Padly,India,Orange Choco,12/2/2021,5103,256
Camilla Castle,USA,Fruit & Nut Bars,12/2/2021,12411,910
Gunar Cockshoot,New Zealand,85% Dark Bars,12/2/2021,1743,97
Oby Sorrel,India,99% Dark & Pure,12/2/2021,6839,311
Husein Augar,USA,Spicy Special Slims,12/2/2021,4172,522
Mallorie Waber,New Zealand,White Choc,12/2/2021,5425,453
Husein Augar,UK,Almond Choco,12/2/2021,4466,298
Marney O'Breen,Australia,Peanut Butter Cubes,12/2/2021,6951,366
Oby Sorrel,Australia,Manuka Honey Choco,12/2/2021,448,20
Beverie Moffet,UK,Organic Choco Syrup,12/2/2021,6062,276
Gunar Cockshoot,New Zealand,Spicy Special Slims,12/2/2021,8078,840
Barr Faughny,New Zealand,Smooth Sliky Salty,12/2/2021,5271,910
Marney O'Breen,New Zealand,85% Dark Bars,12/3/2021,3318,185
Dotty Strutley,Canada,Baker's Choco Chips,12/3/2021,17360,700
Ches Bonnell,Canada,Raspberry Choco,12/3/2021,13349,668
Wilone O'Kielt,UK,Raspberry Choco,12/3/2021,910,42
Kaine Padly,Australia,Caramel Stuffed Bars,12/3/2021,5747,339
Wilone O'Kielt,USA,Peanut Butter Cubes,12/3/2021,5915,329
Oby Sorrel,New Zealand,Smooth Sliky Salty,12/3/2021,5313,770
Jan Morforth,Canada,Raspberry Choco,12/3/2021,10437,475
Oby Sorrel,UK,Baker's Choco Chips,12/3/2021,1890,79
Rafaelita Blaksland,UK,Caramel Stuffed Bars,12/3/2021,1596,107
Andria Kimpton,UK,99% Dark & Pure,12/3/2021,9646,402
Dotty Strutley,Canada,Smooth Sliky Salty,12/3/2021,15778,2660
Wilone O'Kielt,India,Peanut Butter Cubes,12/3/2021,11494,639
Gunar Cockshoot,Australia,85% Dark Bars,12/3/2021,12110,606
Kaine Padly,Australia,Spicy Special Slims,12/6/2021,10108,1120
Roddy Speechley,Canada,Mint Chip Choco,12/6/2021,1596,114
Karlen McCaffrey,New Zealand,Organic Choco Syrup,12/6/2021,5159,215
Kaine Padly,Australia,White Choc,12/6/2021,5614,432
Mallorie Waber,UK,Drinking Coco,12/6/2021,18837,698
Barr Faughny,New Zealand,85% Dark Bars,12/6/2021,4774,266
Karlen McCaffrey,Australia,Choco Coated Almonds,12/6/2021,9163,910
Kelci Walkden,India,99% Dark & Pure,12/6/2021,4298,196
Rafaelita Blaksland,India,Baker's Choco Chips,12/6/2021,2583,118
Wilone O'Kielt,Australia,99% Dark & Pure,12/6/2021,5376,234
Ches Bonnell,USA,Manuka Honey Choco,12/6/2021,10234,488
Dennison Crosswaite,UK,White Choc,12/6/2021,5754,443
Marney O'Breen,New Zealand,White Choc,12/6/2021,4431,370
Beverie Moffet,Canada,White Choc,12/6/2021,3010,251
Barr Faughny,USA,Eclairs,12/6/2021,8365,1190
Van Tuxwell,India,Choco Coated Almonds,12/6/2021,4263,388
Mallorie Waber,India,Drinking Coco,12/6/2021,2821,109
Marney O'Breen,UK,Smooth Sliky Salty,12/6/2021,3724,621
Beverie Moffet,New Zealand,Choco Coated Almonds,12/6/2021,5068,507
Rafaelita Blaksland,Australia,Organic Choco Syrup,12/6/2021,4522,206
Ches Bonnell,Canada,Smooth Sliky Salty,12/6/2021,245,41
Brien Boise,UK,Choco Coated Almonds,12/6/2021,3661,306
Kelci Walkden,USA,Organic Choco Syrup,12/6/2021,9205,401
Kelci Walkden,Australia,Raspberry Choco,12/6/2021,413,19
Karlen McCaffrey,Australia,Manuka Honey Choco,12/6/2021,9772,466
Jehu Rudeforth,New Zealand,Caramel Stuffed Bars,12/6/2021,1029,61
Van Tuxwell,Australia,Eclairs,12/6/2021,1456,243
Gunar Cockshoot,Canada,Drinking Coco,12/6/2021,938,37
Roddy Speechley,Canada,Fruit & Nut Bars,12/6/2021,9884,700
Barr Faughny,Australia,White Choc,12/6/2021,3577,326
Rafaelita Blaksland,New Zealand,Spicy Special Slims,12/6/2021,2681,269
Dennison Crosswaite,Canada,After Nines,12/6/2021,8197,513
Andria Kimpton,New Zealand,Mint Chip Choco,12/6/2021,1757,126
Andria Kimpton,New Zealand,Orange Choco,12/6/2021,6972,388
Kaine Padly,Australia,70% Dark Bites,12/6/2021,6258,696
Brien Boise,Australia,Eclairs,12/6/2021,945,135
Jan Morforth,Australia,Caramel Stuffed Bars,12/6/2021,10808,700
Kaine Padly,Australia,Organic Choco Syrup,12/6/2021,217,10
Jan Morforth,Canada,Spicy Special Slims,12/6/2021,1694,212
Camilla Castle,Canada,Smooth Sliky Salty,12/6/2021,7161,1050
Gigi Bohling,USA,Raspberry Choco,12/6/2021,798,40
Wilone O'Kielt,UK,99% Dark & Pure,12/6/2021,1043,48
Madelene Upcott,USA,Drinking Coco,12/6/2021,4270,171
Barr Faughny,India,50% Dark Bites,12/6/2021,3129,121
Oby Sorrel,USA,Peanut Butter Cubes,12/6/2021,2205,130
Beverie Moffet,USA,70% Dark Bites,12/6/2021,1897,238
Madelene Upcott,UK,After Nines,12/6/2021,5481,305
Oby Sorrel,Canada,Manuka Honey Choco,12/6/2021,6797,324
Curtice Advani,New Zealand,Orange Choco,12/6/2021,7315,366
Kaine Padly,New Zealand,Organic Choco Syrup,12/6/2021,5467,238
Mallorie Waber,Australia,Almond Choco,12/6/2021,10234,700
Kaine Padly,Australia,Baker's Choco Chips,12/6/2021,10773,490
Barr Faughny,India,Spicy Special Slims,12/7/2021,8442,910
Ches Bonnell,New Zealand,Peanut Butter Cubes,12/7/2021,10815,570
Rafaelita Blaksland,Australia,Orange Choco,12/7/2021,7630,382
Roddy Speechley,New Zealand,Drinking Coco,12/7/2021,1078,42
Barr Faughny,India,Smooth Sliky Salty,12/7/2021,10647,1750
Rafaelita Blaksland,UK,Almond Choco,12/7/2021,10703,669
Husein Augar,New Zealand,Manuka Honey Choco,12/7/2021,7490,326
Camilla Castle,USA,Mint Chip Choco,12/7/2021,14028,1190
Barr Faughny,India,Almond Choco,12/7/2021,2541,182
Marney O'Breen,USA,Orange Choco,12/7/2021,1925,97
Jan Morforth,Canada,Orange Choco,12/7/2021,6433,322
Oby Sorrel,New Zealand,70% Dark Bites,12/7/2021,91,12
Karlen McCaffrey,USA,White Choc,12/7/2021,9310,700
Andria Kimpton,India,70% Dark Bites,12/7/2021,6699,770
Jehu Rudeforth,Canada,Caramel Stuffed Bars,12/7/2021,16751,1120
Marney O'Breen,India,Spicy Special Slims,12/7/2021,1218,153
Kaine Padly,UK,After Nines,12/7/2021,6314,372
Beverie Moffet,USA,White Choc,12/7/2021,11781,910
Jan Morforth,Canada,Peanut Butter Cubes,12/7/2021,7063,372
Barr Faughny,USA,Drinking Coco,12/7/2021,6692,248
Dennison Crosswaite,Australia,85% Dark Bars,12/7/2021,1764,93
Mallorie Waber,UK,99% Dark & Pure,12/7/2021,1624,74
Marney O'Breen,India,Baker's Choco Chips,12/7/2021,812,36
Beverie Moffet,New Zealand,Fruit & Nut Bars,12/7/2021,4613,308
Madelene Upcott,New Zealand,Raspberry Choco,12/7/2021,6356,289
Karlen McCaffrey,New Zealand,Baker's Choco Chips,12/7/2021,13286,554
Husein Augar,India,Almond Choco,12/7/2021,7819,559
Oby Sorrel,New Zealand,Organic Choco Syrup,12/7/2021,14476,604
Jan Morforth,Australia,Almond Choco,12/7/2021,6139,410
Madelene Upcott,New Zealand,Peanut Butter Cubes,12/7/2021,4123,243
Curtice Advani,UK,Caramel Stuffed Bars,12/7/2021,6258,369
Dennison Crosswaite,USA,Drinking Coco,12/7/2021,1610,60
Gunar Cockshoot,Canada,After Nines,12/7/2021,2919,183
Gigi Bohling,India,Eclairs,12/7/2021,3409,569
Roddy Speechley,Canada,85% Dark Bars,12/7/2021,1288,72
Gunar Cockshoot,USA,After Nines,12/7/2021,12005,667
Andria Kimpton,USA,White Choc,12/7/2021,10241,840
Andria Kimpton,UK,Eclairs,12/7/2021,2611,327
Marney O'Breen,India,White Choc,12/7/2021,2065,173
Gigi Bohling,Australia,Raspberry Choco,12/7/2021,6041,275
Husein Augar,Canada,Almond Choco,12/7/2021,8162,511
Madelene Upcott,Canada,70% Dark Bites,12/7/2021,6027,840
Wilone O'Kielt,New Zealand,99% Dark & Pure,12/7/2021,3101,135
Karlen McCaffrey,USA,85% Dark Bars,12/7/2021,22729,1120
Van Tuxwell,New Zealand,Mint Chip Choco,12/7/2021,371,27
Curtice Advani,Canada,Caramel Stuffed Bars,12/7/2021,8120,508
Husein Augar,UK,Spicy Special Slims,12/7/2021,1995,222
Jehu Rudeforth,UK,99% Dark & Pure,12/7/2021,1610,74
Brien Boise,Australia,Drinking Coco,12/7/2021,8099,312
Dotty Strutley,India,Eclairs,12/7/2021,14063,1750
Marney O'Breen,Australia,Caramel Stuffed Bars,12/8/2021,16058,1050
Barr Faughny,India,99% Dark & Pure,12/8/2021,2268,104
Dotty Strutley,Canada,Drinking Coco,12/8/2021,371,14
Wilone O'Kielt,New Zealand,Almond Choco,12/8/2021,5943,425
Gunar Cockshoot,New Zealand,Orange Choco,12/8/2021,5810,306
Husein Augar,Canada,Raspberry Choco,12/8/2021,12159,553
Beverie Moffet,Australia,Almond Choco,12/8/2021,11746,840
Madelene Upcott,USA,85% Dark Bars,12/8/2021,3479,194
Madelene Upcott,Australia,Smooth Sliky Salty,12/8/2021,18018,3010
Van Tuxwell,USA,50% Dark Bites,12/8/2021,6188,248
Barr Faughny,New Zealand,Milk Bars,12/8/2021,3472,205
Curtice Advani,India,85% Dark Bars,12/8/2021,10640,560
Dennison Crosswaite,Canada,White Choc,12/8/2021,5936,495
Roddy Speechley,India,85% Dark Bars,12/8/2021,8988,474
Roddy Speechley,USA,Milk Bars,12/8/2021,5915,348
Curtice Advani,Australia,Orange Choco,12/8/2021,917,46
Wilone O'Kielt,Canada,99% Dark & Pure,12/8/2021,13363,557
Barr Faughny,Australia,Orange Choco,12/8/2021,11592,580
Mallorie Waber,New Zealand,Milk Bars,12/8/2021,9450,591
Barr Faughny,UK,White Choc,12/8/2021,1071,83
Camilla Castle,Canada,Raspberry Choco,12/8/2021,805,41
Marney O'Breen,UK,White Choc,12/8/2021,1897,159
Mallorie Waber,USA,50% Dark Bites,12/8/2021,3962,147
Kaine Padly,New Zealand,Eclairs,12/8/2021,7980,980
Beverie Moffet,India,Fruit & Nut Bars,12/9/2021,10990,700
Gunar Cockshoot,USA,85% Dark Bars,12/9/2021,1680,84
Karlen McCaffrey,Australia,99% Dark & Pure,12/9/2021,1204,53
Barr Faughny,USA,Almond Choco,12/9/2021,3514,235
Andria Kimpton,Australia,Milk Bars,12/9/2021,1666,105
Camilla Castle,UK,Milk Bars,12/9/2021,21,2
Andria Kimpton,New Zealand,Smooth Sliky Salty,12/9/2021,2506,418
Van Tuxwell,New Zealand,Spicy Special Slims,12/9/2021,4431,493
Barr Faughny,UK,Smooth Sliky Salty,12/9/2021,2660,380
Andria Kimpton,UK,50% Dark Bites,12/9/2021,10913,437
Mallorie Waber,India,Baker's Choco Chips,12/9/2021,9513,433
Van Tuxwell,India,Organic Choco Syrup,12/9/2021,7973,333
Jehu Rudeforth,Australia,70% Dark Bites,12/9/2021,11928,1330
Kaine Padly,Canada,Baker's Choco Chips,12/9/2021,574,25
Kelci Walkden,New Zealand,Caramel Stuffed Bars,12/9/2021,10563,622
Marney O'Breen,Canada,Organic Choco Syrup,12/9/2021,3234,135
Jan Morforth,Canada,Milk Bars,12/9/2021,336,20
Van Tuxwell,USA,Choco Coated Almonds,12/9/2021,2023,184
Kelci Walkden,Canada,70% Dark Bites,12/9/2021,8456,1050
Wilone O'Kielt,UK,Choco Coated Almonds,12/9/2021,11130,980
Gigi Bohling,India,Drinking Coco,12/9/2021,5593,224
Karlen McCaffrey,New Zealand,Choco Coated Almonds,12/9/2021,1631,164
Karlen McCaffrey,India,Caramel Stuffed Bars,12/9/2021,5754,339
Camilla Castle,Australia,50% Dark Bites,12/9/2021,1449,54
Andria Kimpton,New Zealand,Choco Coated Almonds,12/9/2021,7063,589
Rafaelita Blaksland,UK,70% Dark Bites,12/9/2021,3486,388
Mallorie Waber,USA,70% Dark Bites,12/10/2021,5887,655
Curtice Advani,Canada,Fruit & Nut Bars,12/10/2021,6734,421
Husein Augar,Australia,Spicy Special Slims,12/10/2021,4879,610
Curtice Advani,USA,Choco Coated Almonds,12/10/2021,7854,700
Rafaelita Blaksland,USA,Milk Bars,12/10/2021,11431,673
Gunar Cockshoot,USA,Spicy Special Slims,12/10/2021,4725,525
Rafaelita Blaksland,Australia,Baker's Choco Chips,12/10/2021,4095,171
Karlen McCaffrey,USA,Eclairs,12/10/2021,210,35
Kelci Walkden,UK,Manuka Honey Choco,12/10/2021,5061,221
Karlen McCaffrey,New Zealand,99% Dark & Pure,12/10/2021,1351,57
Jehu Rudeforth,Australia,Fruit & Nut Bars,12/10/2021,4886,326
Husein Augar,USA,Milk Bars,12/10/2021,4480,299
Husein Augar,India,White Choc,12/10/2021,6573,548
Camilla Castle,Australia,Drinking Coco,12/13/2021,371,15
Jehu Rudeforth,Australia,White Choc,12/13/2021,469,43
Dotty Strutley,India,99% Dark & Pure,12/13/2021,1043,48
Beverie Moffet,Australia,Fruit & Nut Bars,12/13/2021,7721,515
Jehu Rudeforth,Canada,White Choc,12/13/2021,2359,197
Jan Morforth,USA,Milk Bars,12/13/2021,5460,342
Gigi Bohling,New Zealand,99% Dark & Pure,12/13/2021,7595,346
Andria Kimpton,New Zealand,Eclairs,12/13/2021,1106,185
Rafaelita Blaksland,New Zealand,Organic Choco Syrup,12/13/2021,1050,44
Mallorie Waber,USA,Organic Choco Syrup,12/13/2021,2618,114
Wilone O'Kielt,Canada,Fruit & Nut Bars,12/13/2021,2947,197
Gunar Cockshoot,India,Smooth Sliky Salty,12/13/2021,10290,1470
Madelene Upcott,UK,50% Dark Bites,12/13/2021,9548,368
Marney O'Breen,UK,50% Dark Bites,12/13/2021,8666,347
Kelci Walkden,Canada,Eclairs,12/13/2021,3598,514
Curtice Advani,India,After Nines,12/13/2021,13608,840
Gunar Cockshoot,Australia,70% Dark Bites,12/13/2021,2408,301
Curtice Advani,UK,50% Dark Bites,12/13/2021,5656,210
Oby Sorrel,India,50% Dark Bites,12/13/2021,9730,361
Oby Sorrel,UK,99% Dark & Pure,12/13/2021,13475,562
Kelci Walkden,India,Eclairs,12/13/2021,4109,685
Dennison Crosswaite,UK,Milk Bars,12/13/2021,5054,316
Curtice Advani,USA,Milk Bars,12/13/2021,11228,700
Gigi Bohling,India,After Nines,12/13/2021,4550,253
Mallorie Waber,Canada,Orange Choco,12/13/2021,14700,840
Mallorie Waber,New Zealand,Spicy Special Slims,12/13/2021,266,30
Jan Morforth,Canada,99% Dark & Pure,12/13/2021,3297,138
Mallorie Waber,Canada,Fruit & Nut Bars,12/13/2021,14959,980
Marney O'Breen,New Zealand,Peanut Butter Cubes,12/13/2021,322,17
Brien Boise,New Zealand,85% Dark Bars,12/13/2021,2135,113
Oby Sorrel,Canada,Mint Chip Choco,12/13/2021,17073,1190
Brien Boise,Canada,Baker's Choco Chips,12/13/2021,3010,126
Wilone O'Kielt,UK,Almond Choco,12/13/2021,4522,302
Curtice Advani,Canada,Mint Chip Choco,12/14/2021,5068,423
Marney O'Breen,New Zealand,99% Dark & Pure,12/14/2021,3591,164
Kaine Padly,India,Raspberry Choco,12/14/2021,2702,136
Ches Bonnell,USA,Orange Choco,12/14/2021,12817,641
Madelene Upcott,USA,Peanut Butter Cubes,12/14/2021,3465,183
Dennison Crosswaite,USA,Choco Coated Almonds,12/14/2021,12453,1120
Wilone O'Kielt,India,Caramel Stuffed Bars,12/14/2021,3185,188
Oby Sorrel,USA,Orange Choco,12/14/2021,9660,483
Dennison Crosswaite,Canada,Peanut Butter Cubes,12/14/2021,9268,546
Dennison Crosswaite,UK,Smooth Sliky Salty,12/14/2021,7924,980
Camilla Castle,India,Fruit & Nut Bars,12/14/2021,3318,237
Camilla Castle,Australia,After Nines,12/14/2021,1162,69
Beverie Moffet,New Zealand,50% Dark Bites,12/14/2021,12467,499
Gigi Bohling,India,50% Dark Bites,12/14/2021,7231,268
Jan Morforth,New Zealand,Drinking Coco,12/14/2021,455,17
Andria Kimpton,India,Caramel Stuffed Bars,12/14/2021,13006,770
Barr Faughny,Canada,Peanut Butter Cubes,12/14/2021,7014,390
Wilone O'Kielt,Australia,Organic Choco Syrup,12/14/2021,3591,157
Roddy Speechley,India,99% Dark & Pure,12/14/2021,4032,168
Andria Kimpton,New Zealand,Baker's Choco Chips,12/14/2021,9044,377
Oby Sorrel,UK,Caramel Stuffed Bars,12/14/2021,4256,284
Madelene Upcott,New Zealand,Organic Choco Syrup,12/14/2021,1848,84
Van Tuxwell,USA,Manuka Honey Choco,12/14/2021,1743,76
Mallorie Waber,Canada,After Nines,12/14/2021,6125,361
Gunar Cockshoot,Canada,Almond Choco,12/14/2021,7063,442
Madelene Upcott,USA,After Nines,12/14/2021,3101,194
Madelene Upcott,UK,70% Dark Bites,12/14/2021,2954,422
Oby Sorrel,India,Spicy Special Slims,12/14/2021,4060,508
Husein Augar,India,Organic Choco Syrup,12/14/2021,6384,266
Kelci Walkden,Australia,Milk Bars,12/14/2021,7350,490
Barr Faughny,India,Baker's Choco Chips,12/14/2021,6902,288
Ches Bonnell,Australia,Caramel Stuffed Bars,12/14/2021,105,7
Jan Morforth,USA,Peanut Butter Cubes,12/14/2021,3094,182
Andria Kimpton,India,Choco Coated Almonds,12/14/2021,11354,1120
Oby Sorrel,Canada,Eclairs,12/14/2021,2093,262
Husein Augar,New Zealand,Orange Choco,12/14/2021,4319,240
Ches Bonnell,UK,99% Dark & Pure,12/14/2021,7714,336
Dotty Strutley,Australia,White Choc,12/14/2021,3430,286
Dennison Crosswaite,New Zealand,Choco Coated Almonds,12/14/2021,10514,910
Dennison Crosswaite,India,85% Dark Bars,12/14/2021,2436,122
Brien Boise,USA,Orange Choco,12/14/2021,18368,1050
Marney O'Breen,USA,Manuka Honey Choco,12/14/2021,9135,416
Ches Bonnell,UK,Fruit & Nut Bars,12/14/2021,3990,285
Wilone O'Kielt,UK,Organic Choco Syrup,12/14/2021,10136,441
Gunar Cockshoot,UK,Raspberry Choco,12/15/2021,2982,142
Camilla Castle,New Zealand,Spicy Special Slims,12/15/2021,7203,770
Gigi Bohling,UK,After Nines,12/15/2021,15484,980
Jehu Rudeforth,USA,Peanut Butter Cubes,12/15/2021,9226,513
Van Tuxwell,USA,85% Dark Bars,12/15/2021,13727,700
Curtice Advani,Australia,After Nines,12/15/2021,2891,181
Wilone O'Kielt,New Zealand,Raspberry Choco,12/15/2021,5957,298
Marney O'Breen,UK,70% Dark Bites,12/15/2021,6818,770
Brien Boise,India,50% Dark Bites,12/15/2021,8701,349
Madelene Upcott,New Zealand,Eclairs,12/15/2021,1575,225
Camilla Castle,Canada,Drinking Coco,12/15/2021,14392,576
Mallorie Waber,UK,70% Dark Bites,12/15/2021,2982,426
Jehu Rudeforth,New Zealand,White Choc,12/15/2021,6706,610
Roddy Speechley,USA,Drinking Coco,12/15/2021,2842,114
Oby Sorrel,USA,Organic Choco Syrup,12/15/2021,1512,69
Van Tuxwell,USA,Raspberry Choco,12/15/2021,2086,105
Madelene Upcott,UK,Raspberry Choco,12/15/2021,4613,220
Kaine Padly,New Zealand,Orange Choco,12/15/2021,770,39
Jehu Rudeforth,New Zealand,Drinking Coco,12/15/2021,15113,582
Brien Boise,Canada,85% Dark Bars,12/15/2021,2534,127
Barr Faughny,Canada,Caramel Stuffed Bars,12/15/2021,1764,104
Curtice Advani,New Zealand,Almond Choco,12/16/2021,4529,324
Gigi Bohling,Canada,Milk Bars,12/16/2021,5243,309
Beverie Moffet,USA,Orange Choco,12/16/2021,4732,237
Camilla Castle,New Zealand,99% Dark & Pure,12/16/2021,5670,237
Gunar Cockshoot,USA,Caramel Stuffed Bars,12/16/2021,2044,128
Wilone O'Kielt,Australia,Manuka Honey Choco,12/16/2021,5096,222
Husein Augar,New Zealand,99% Dark & Pure,12/16/2021,9429,393
Karlen McCaffrey,Australia,Mint Chip Choco,12/16/2021,1344,96
Mallorie Waber,New Zealand,Drinking Coco,12/16/2021,3717,149
Madelene Upcott,USA,50% Dark Bites,12/16/2021,7749,299
Gigi Bohling,New Zealand,Raspberry Choco,12/16/2021,2408,121
Brien Boise,UK,Manuka Honey Choco,12/16/2021,8169,389
Curtice Advani,UK,Choco Coated Almonds,12/16/2021,8834,770
Oby Sorrel,New Zealand,Raspberry Choco,12/16/2021,483,23
Kelci Walkden,New Zealand,Smooth Sliky Salty,12/16/2021,10990,1540
Camilla Castle,Australia,Eclairs,12/16/2021,4368,624
Curtice Advani,UK,Organic Choco Syrup,12/16/2021,3108,136
Barr Faughny,UK,Baker's Choco Chips,12/16/2021,8589,358
Jan Morforth,UK,Raspberry Choco,12/16/2021,2121,101
Mallorie Waber,New Zealand,99% Dark & Pure,12/16/2021,2562,107
Dotty Strutley,UK,After Nines,12/16/2021,10535,586
Rafaelita Blaksland,India,Drinking Coco,12/16/2021,2016,75
Karlen McCaffrey,UK,Mint Chip Choco,12/16/2021,2982,230
Karlen McCaffrey,India,50% Dark Bites,12/16/2021,5936,220
Gunar Cockshoot,Australia,Baker's Choco Chips,12/16/2021,6643,289
Karlen McCaffrey,USA,Fruit & Nut Bars,12/16/2021,6181,413
Ches Bonnell,Canada,Fruit & Nut Bars,12/16/2021,6958,497
Gigi Bohling,USA,50% Dark Bites,12/16/2021,3346,134
Camilla Castle,Australia,Almond Choco,12/16/2021,7434,496
Van Tuxwell,New Zealand,Choco Coated Almonds,12/16/2021,210,20
Brien Boise,India,Choco Coated Almonds,12/16/2021,7637,695
Jan Morforth,Canada,70% Dark Bites,12/16/2021,18004,2030
Rafaelita Blaksland,New Zealand,70% Dark Bites,12/17/2021,7189,1050
Dotty Strutley,India,Milk Bars,12/17/2021,10864,700
Gunar Cockshoot,Canada,Milk Bars,12/17/2021,19880,1190
Gigi Bohling,India,Organic Choco Syrup,12/17/2021,5817,243
Beverie Moffet,Canada,Organic Choco Syrup,12/17/2021,2912,122
Andria Kimpton,Canada,Raspberry Choco,12/17/2021,11641,555
Camilla Castle,UK,Manuka Honey Choco,12/17/2021,14693,700
Van Tuxwell,Australia,Raspberry Choco,12/17/2021,12544,598
Ches Bonnell,India,Organic Choco Syrup,12/17/2021,3591,150
Andria Kimpton,New Zealand,85% Dark Bars,12/17/2021,707,38
Oby Sorrel,New Zealand,Eclairs,12/17/2021,826,118
Marney O'Breen,Canada,Caramel Stuffed Bars,12/17/2021,10122,633
Wilone O'Kielt,New Zealand,85% Dark Bars,12/17/2021,25130,1330
Dennison Crosswaite,UK,Raspberry Choco,12/17/2021,18508,910
Brien Boise,Canada,Eclairs,12/17/2021,6776,840
Kaine Padly,India,85% Dark Bars,12/17/2021,9443,473
Dennison Crosswaite,USA,50% Dark Bites,12/17/2021,462,19
Curtice Advani,New Zealand,Organic Choco Syrup,12/17/2021,9324,406
Camilla Castle,India,Raspberry Choco,12/17/2021,8057,384
Oby Sorrel,India,85% Dark Bars,12/17/2021,1085,61
Ches Bonnell,New Zealand,White Choc,12/17/2021,2086,161
Rafaelita Blaksland,India,Manuka Honey Choco,12/17/2021,2674,122
Ches Bonnell,Canada,Baker's Choco Chips,12/17/2021,8267,376
Roddy Speechley,Canada,Drinking Coco,12/17/2021,511,21
Brien Boise,UK,White Choc,12/17/2021,6615,509
Karlen McCaffrey,UK,Spicy Special Slims,12/17/2021,4816,536
Mallorie Waber,Australia,Peanut Butter Cubes,12/17/2021,49,3
Van Tuxwell,Australia,Baker's Choco Chips,12/17/2021,6069,253
Van Tuxwell,UK,White Choc,12/17/2021,5656,436
Kelci Walkden,Canada,Baker's Choco Chips,12/17/2021,7525,328
Jan Morforth,UK,Peanut Butter Cubes,12/17/2021,12383,688
Kaine Padly,Canada,Raspberry Choco,12/17/2021,3157,158
Gunar Cockshoot,Canada,70% Dark Bites,12/17/2021,10528,1330
Oby Sorrel,India,Raspberry Choco,12/17/2021,6412,321
Jan Morforth,New Zealand,Manuka Honey Choco,12/17/2021,2569,123
Dennison Crosswaite,USA,Spicy Special Slims,12/17/2021,6643,770
Brien Boise,India,Organic Choco Syrup,12/17/2021,2534,111
Camilla Castle,UK,Mint Chip Choco,12/17/2021,917,77
Van Tuxwell,India,Baker's Choco Chips,12/17/2021,4088,186
Kaine Padly,New Zealand,Choco Coated Almonds,12/17/2021,7084,700
Oby Sorrel,Canada,Orange Choco,12/17/2021,9240,487
Beverie Moffet,Canada,99% Dark & Pure,12/17/2021,8169,372
Ches Bonnell,Australia,Eclairs,12/17/2021,12131,1750
Rafaelita Blaksland,Canada,Caramel Stuffed Bars,12/17/2021,13587,910
Dotty Strutley,USA,Orange Choco,12/17/2021,5530,292
Roddy Speechley,India,70% Dark Bites,12/17/2021,1260,158
Curtice Advani,Australia,Choco Coated Almonds,12/17/2021,9478,840
Rafaelita Blaksland,Australia,Spicy Special Slims,12/17/2021,868,109
Gunar Cockshoot,Canada,Fruit & Nut Bars,12/17/2021,2555,171
Barr Faughny,Canada,Baker's Choco Chips,12/17/2021,3213,134
Barr Faughny,Canada,Almond Choco,12/17/2021,6524,435
Marney O'Breen,USA,After Nines,12/17/2021,336,19
Dennison Crosswaite,USA,White Choc,12/17/2021,420,35
Kelci Walkden,USA,Raspberry Choco,12/17/2021,3745,179
Dennison Crosswaite,India,Eclairs,12/17/2021,9702,1610
Beverie Moffet,UK,Choco Coated Almonds,12/17/2021,1239,113
Curtice Advani,Australia,Milk Bars,12/17/2021,2674,168
Roddy Speechley,India,Raspberry Choco,12/17/2021,7693,367
Mallorie Waber,Australia,Mint Chip Choco,12/17/2021,4718,337
Marney O'Breen,USA,85% Dark Bars,12/20/2021,896,48
Jehu Rudeforth,Canada,Drinking Coco,12/20/2021,7616,305
Husein Augar,Canada,Baker's Choco Chips,12/20/2021,11165,508
Karlen McCaffrey,India,85% Dark Bars,12/20/2021,15540,840
Mallorie Waber,UK,Mint Chip Choco,12/20/2021,8316,640
Wilone O'Kielt,Canada,Milk Bars,12/20/2021,19579,1190
Husein Augar,Australia,50% Dark Bites,12/20/2021,7602,293
Rafaelita Blaksland,USA,Caramel Stuffed Bars,12/20/2021,1995,118
Dennison Crosswaite,USA,After Nines,12/20/2021,6174,343
Camilla Castle,New Zealand,Choco Coated Almonds,12/20/2021,5159,516
Rafaelita Blaksland,India,Eclairs,12/20/2021,10388,1330
Dotty Strutley,Canada,Eclairs,12/20/2021,4018,503
Brien Boise,India,Fruit & Nut Bars,12/20/2021,1848,132
Kelci Walkden,India,Drinking Coco,12/20/2021,2569,96
Gunar Cockshoot,New Zealand,Raspberry Choco,12/20/2021,14210,677
Kelci Walkden,India,After Nines,12/20/2021,2975,186
Oby Sorrel,UK,85% Dark Bars,12/20/2021,4389,244
Camilla Castle,Canada,Eclairs,12/20/2021,12831,1610
Curtice Advani,New Zealand,Fruit & Nut Bars,12/20/2021,931,59
Dotty Strutley,Canada,Orange Choco,12/20/2021,5166,272
Mallorie Waber,Canada,Eclairs,12/20/2021,2170,362
Husein Augar,New Zealand,Almond Choco,12/20/2021,5271,330
Madelene Upcott,USA,Mint Chip Choco,12/20/2021,7665,590
Jan Morforth,New Zealand,After Nines,12/20/2021,693,39
Gunar Cockshoot,USA,Baker's Choco Chips,12/20/2021,49,3
Mallorie Waber,UK,Spicy Special Slims,12/20/2021,6405,700
Brien Boise,India,70% Dark Bites,12/20/2021,8211,1190
Beverie Moffet,India,Orange Choco,12/20/2021,14763,770
Barr Faughny,USA,Baker's Choco Chips,12/20/2021,4732,216
Curtice Advani,New Zealand,50% Dark Bites,12/20/2021,7203,278
Mallorie Waber,New Zealand,85% Dark Bars,12/20/2021,2618,131
Andria Kimpton,New Zealand,Spicy Special Slims,12/20/2021,6328,633
Kaine Padly,UK,Fruit & Nut Bars,12/20/2021,5600,400
Gunar Cockshoot,Canada,Raspberry Choco,12/20/2021,11123,557
Dotty Strutley,UK,Manuka Honey Choco,12/20/2021,1435,66
Mallorie Waber,UK,Smooth Sliky Salty,12/20/2021,13881,2310
Marney O'Breen,India,Fruit & Nut Bars,12/21/2021,10738,770
Camilla Castle,India,Mint Chip Choco,12/21/2021,2100,162
Beverie Moffet,Canada,Raspberry Choco,12/21/2021,4767,217
Andria Kimpton,Canada,Milk Bars,12/21/2021,4634,273
Van Tuxwell,Australia,Caramel Stuffed Bars,12/21/2021,1246,78
Gigi Bohling,India,White Choc,12/21/2021,2688,224
Ches Bonnell,New Zealand,Milk Bars,12/21/2021,5271,311
Madelene Upcott,India,Smooth Sliky Salty,12/21/2021,7679,1120
Rafaelita Blaksland,India,Spicy Special Slims,12/21/2021,5810,646
Wilone O'Kielt,UK,Peanut Butter Cubes,12/21/2021,3983,210
Camilla Castle,Canada,Peanut Butter Cubes,12/21/2021,17906,910
Curtice Advani,USA,Baker's Choco Chips,12/21/2021,6818,285
Roddy Speechley,UK,99% Dark & Pure,12/21/2021,7609,346
Dotty Strutley,Australia,Choco Coated Almonds,12/21/2021,11438,1050
Jehu Rudeforth,UK,Choco Coated Almonds,12/21/2021,1176,118
Jan Morforth,New Zealand,85% Dark Bars,12/21/2021,6699,373
Barr Faughny,India,After Nines,12/21/2021,448,27
Marney O'Breen,New Zealand,Raspberry Choco,12/21/2021,2555,117
Kaine Padly,USA,Manuka Honey Choco,12/21/2021,10143,462
Brien Boise,India,Almond Choco,12/21/2021,10808,700
Camilla Castle,Australia,85% Dark Bars,12/21/2021,560,30
Rafaelita Blaksland,Canada,Smooth Sliky Salty,12/21/2021,5460,683
Ches Bonnell,UK,Caramel Stuffed Bars,12/21/2021,3654,229
Rafaelita Blaksland,Australia,50% Dark Bites,12/21/2021,4515,174
Marney O'Breen,India,Caramel Stuffed Bars,12/21/2021,4515,283
Camilla Castle,USA,99% Dark & Pure,12/21/2021,3724,156
Ches Bonnell,India,White Choc,12/21/2021,532,49
Curtice Advani,UK,Fruit & Nut Bars,12/21/2021,882,59
Ches Bonnell,Canada,Milk Bars,12/21/2021,5488,366
Karlen McCaffrey,Canada,Baker's Choco Chips,12/21/2021,6650,290
Gigi Bohling,New Zealand,Fruit & Nut Bars,12/21/2021,9450,630
Kelci Walkden,Australia,Eclairs,12/21/2021,2338,293
Husein Augar,Canada,99% Dark & Pure,12/21/2021,2086,91
Dotty Strutley,India,Drinking Coco,12/21/2021,9331,346
Brien Boise,Australia,Organic Choco Syrup,12/21/2021,154,7
Gunar Cockshoot,India,Manuka Honey Choco,12/21/2021,5033,229
Mallorie Waber,New Zealand,Orange Choco,12/21/2021,1554,82
Dennison Crosswaite,India,99% Dark & Pure,12/21/2021,294,14
Wilone O'Kielt,Canada,50% Dark Bites,12/21/2021,840,34
Madelene Upcott,Australia,Drinking Coco,12/21/2021,13594,523
Brien Boise,India,Smooth Sliky Salty,12/21/2021,1309,187
Curtice Advani,India,99% Dark & Pure,12/21/2021,10633,484
Karlen McCaffrey,India,Peanut Butter Cubes,12/21/2021,4648,274
Mallorie Waber,UK,Eclairs,12/21/2021,5901,770
Rafaelita Blaksland,UK,Organic Choco Syrup,12/21/2021,5733,239
Madelene Upcott,India,Manuka Honey Choco,12/21/2021,4466,195
Dennison Crosswaite,UK,Fruit & Nut Bars,12/21/2021,714,45
Gigi Bohling,India,Caramel Stuffed Bars,12/21/2021,2093,140
Jan Morforth,New Zealand,White Choc,12/21/2021,7770,700
Oby Sorrel,Australia,Baker's Choco Chips,12/21/2021,4137,173
Camilla Castle,New Zealand,Fruit & Nut Bars,12/21/2021,17920,1260
Barr Faughny,New Zealand,Caramel Stuffed Bars,12/21/2021,5208,348
Rafaelita Blaksland,India,50% Dark Bites,12/21/2021,6734,250
Mallorie Waber,India,Mint Chip Choco,12/21/2021,7938,662
Camilla Castle,USA,Raspberry Choco,12/21/2021,588,28
Jan Morforth,Australia,85% Dark Bars,12/21/2021,5593,311
Jan Morforth,UK,50% Dark Bites,12/21/2021,3850,154
Madelene Upcott,India,Mint Chip Choco,12/22/2021,7420,530
Dotty Strutley,USA,70% Dark Bites,12/22/2021,8253,1190
Dennison Crosswaite,Australia,Eclairs,12/22/2021,5327,910
Kaine Padly,UK,Eclairs,12/22/2021,5754,980
Kelci Walkden,India,Spicy Special Slims,12/22/2021,4263,474
Dotty Strutley,USA,Fruit & Nut Bars,12/22/2021,15603,1050
Ches Bonnell,USA,Peanut Butter Cubes,12/22/2021,5628,332
Oby Sorrel,New Zealand,Fruit & Nut Bars,12/22/2021,2639,189
Brien Boise,Australia,Choco Coated Almonds,12/22/2021,5138,514
Curtice Advani,India,Organic Choco Syrup,12/22/2021,9135,398
Rafaelita Blaksland,India,Raspberry Choco,12/22/2021,742,36
Gigi Bohling,Australia,Mint Chip Choco,12/22/2021,10192,700
Wilone O'Kielt,UK,Fruit & Nut Bars,12/22/2021,2051,147
Dennison Crosswaite,India,Orange Choco,12/22/2021,560,32
Brien Boise,UK,Orange Choco,12/22/2021,77,5
Camilla Castle,USA,Drinking Coco,12/22/2021,3402,126
Camilla Castle,Canada,Milk Bars,12/22/2021,7385,435
Ches Bonnell,India,70% Dark Bites,12/22/2021,5845,650
Dotty Strutley,USA,Spicy Special Slims,12/22/2021,13741,1540
Barr Faughny,USA,Orange Choco,12/22/2021,5803,306
Kelci Walkden,Canada,Peanut Butter Cubes,12/22/2021,6958,410
Kaine Padly,India,Fruit & Nut Bars,12/22/2021,9877,659
Husein Augar,India,Baker's Choco Chips,12/22/2021,9065,395
Roddy Speechley,Canada,After Nines,12/22/2021,2968,175
Rafaelita Blaksland,Canada,Mint Chip Choco,12/22/2021,819,59
Gigi Bohling,New Zealand,Organic Choco Syrup,12/22/2021,7777,325
Karlen McCaffrey,New Zealand,70% Dark Bites,12/22/2021,7,1
Curtice Advani,Australia,Organic Choco Syrup,12/22/2021,5845,255
Curtice Advani,Canada,85% Dark Bars,12/22/2021,2702,136
Karlen McCaffrey,Canada,Caramel Stuffed Bars,12/22/2021,4144,259
Jan Morforth,USA,Almond Choco,12/22/2021,854,54
Brien Boise,New Zealand,Milk Bars,12/23/2021,8288,488
Madelene Upcott,Australia,Raspberry Choco,12/23/2021,11515,524
Husein Augar,Australia,Eclairs,12/23/2021,6685,840
Gunar Cockshoot,Canada,Caramel Stuffed Bars,12/23/2021,2996,177
Oby Sorrel,Canada,Choco Coated Almonds,12/23/2021,1120,94
Dennison Crosswaite,USA,Almond Choco,12/23/2021,476,32
Andria Kimpton,New Zealand,Peanut Butter Cubes,12/23/2021,11914,700
Dotty Strutley,Canada,Fruit & Nut Bars,12/23/2021,6524,435
Ches Bonnell,USA,Raspberry Choco,12/23/2021,672,32
Wilone O'Kielt,USA,Fruit & Nut Bars,12/23/2021,1470,98
Beverie Moffet,Australia,Raspberry Choco,12/23/2021,16289,840
Brien Boise,Australia,Caramel Stuffed Bars,12/23/2021,4032,269
Jehu Rudeforth,Australia,Choco Coated Almonds,12/23/2021,3290,329
Gigi Bohling,New Zealand,Manuka Honey Choco,12/23/2021,6881,328
Oby Sorrel,Canada,Fruit & Nut Bars,12/23/2021,5719,358
Kaine Padly,USA,Caramel Stuffed Bars,12/23/2021,7805,521
Dotty Strutley,New Zealand,Orange Choco,12/23/2021,10850,572
Dotty Strutley,USA,Manuka Honey Choco,12/23/2021,679,30
Curtice Advani,UK,Milk Bars,12/23/2021,1414,95
Jehu Rudeforth,India,Orange Choco,12/23/2021,4151,208
Gunar Cockshoot,Australia,After Nines,12/23/2021,497,28
Mallorie Waber,UK,Manuka Honey Choco,12/23/2021,3626,165
Jan Morforth,Canada,Smooth Sliky Salty,12/24/2021,11459,1400
Gigi Bohling,India,Mint Chip Choco,12/24/2021,1113,80
Mallorie Waber,USA,Mint Chip Choco,12/24/2021,4305,308
Brien Boise,New Zealand,Eclairs,12/24/2021,2674,335
Mallorie Waber,New Zealand,Caramel Stuffed Bars,12/24/2021,3136,196
Roddy Speechley,New Zealand,Choco Coated Almonds,12/24/2021,7455,678
Dennison Crosswaite,Canada,99% Dark & Pure,12/24/2021,3409,149
Wilone O'Kielt,USA,Organic Choco Syrup,12/24/2021,707,30
Kaine Padly,UK,Spicy Special Slims,12/24/2021,5761,641
Ches Bonnell,New Zealand,Raspberry Choco,12/24/2021,11116,530
Marney O'Breen,New Zealand,Manuka Honey Choco,12/24/2021,8729,380
Karlen McCaffrey,UK,50% Dark Bites,12/24/2021,15148,583
Oby Sorrel,UK,Almond Choco,12/24/2021,20405,1260
Curtice Advani,New Zealand,Baker's Choco Chips,12/24/2021,1568,69
Van Tuxwell,India,Mint Chip Choco,12/24/2021,4543,379
Kelci Walkden,USA,Drinking Coco,12/24/2021,553,21
Oby Sorrel,India,Milk Bars,12/24/2021,2877,192
Dotty Strutley,UK,99% Dark & Pure,12/24/2021,9030,411
Mallorie Waber,UK,Caramel Stuffed Bars,12/24/2021,9709,607
Gunar Cockshoot,Australia,99% Dark & Pure,12/24/2021,5586,243
Roddy Speechley,UK,Smooth Sliky Salty,12/24/2021,17031,2450
Curtice Advani,Canada,Baker's Choco Chips,12/24/2021,1176,54
Karlen McCaffrey,USA,Baker's Choco Chips,12/24/2021,9387,392
Rafaelita Blaksland,USA,Drinking Coco,12/24/2021,5208,209
Husein Augar,USA,99% Dark & Pure,12/24/2021,5460,249
Gunar Cockshoot,USA,Organic Choco Syrup,12/24/2021,9100,396
Roddy Speechley,Australia,Organic Choco Syrup,12/24/2021,1043,46
Roddy Speechley,Canada,Milk Bars,12/27/2021,2933,184
Gunar Cockshoot,New Zealand,Manuka Honey Choco,12/27/2021,966,42
Brien Boise,USA,Eclairs,12/27/2021,3066,438
Madelene Upcott,Canada,Spicy Special Slims,12/27/2021,1407,141
Ches Bonnell,India,99% Dark & Pure,12/27/2021,7707,336
Madelene Upcott,India,Eclairs,12/27/2021,3962,661
Van Tuxwell,Canada,Milk Bars,12/27/2021,5054,298
Ches Bonnell,UK,Peanut Butter Cubes,12/27/2021,3437,181
Camilla Castle,UK,White Choc,12/27/2021,2142,165
Gigi Bohling,Canada,White Choc,12/27/2021,1757,160
Van Tuxwell,Australia,Mint Chip Choco,12/27/2021,3948,304
Andria Kimpton,New Zealand,Drinking Coco,12/27/2021,4039,156
Kelci Walkden,UK,Organic Choco Syrup,12/27/2021,343,15
Brien Boise,USA,70% Dark Bites,12/27/2021,4858,694
Brien Boise,Canada,Raspberry Choco,12/27/2021,11837,539
Dennison Crosswaite,Australia,50% Dark Bites,12/27/2021,6643,247
Beverie Moffet,New Zealand,White Choc,12/27/2021,28,3
Gigi Bohling,Australia,Smooth Sliky Salty,12/27/2021,10640,1330
Karlen McCaffrey,India,70% Dark Bites,12/27/2021,3276,468
Curtice Advani,New Zealand,Smooth Sliky Salty,12/27/2021,5824,700
Roddy Speechley,New Zealand,After Nines,12/27/2021,10507,584
Jan Morforth,Canada,After Nines,12/27/2021,9240,514
Oby Sorrel,UK,Choco Coated Almonds,12/27/2021,8274,840
Husein Augar,Canada,Drinking Coco,12/27/2021,147,6
Mallorie Waber,Australia,Drinking Coco,12/27/2021,14700,588
Marney O'Breen,New Zealand,Almond Choco,12/27/2021,4053,254
Brien Boise,Australia,After Nines,12/27/2021,10332,574
Marney O'Breen,Canada,Choco Coated Almonds,12/27/2021,8218,685
Gunar Cockshoot,Canada,Peanut Butter Cubes,12/27/2021,8127,452
Kelci Walkden,USA,Baker's Choco Chips,12/27/2021,749,33
Husein Augar,Canada,Mint Chip Choco,12/27/2021,896,69
Beverie Moffet,India,70% Dark Bites,12/27/2021,7728,840
Beverie Moffet,New Zealand,Manuka Honey Choco,12/27/2021,1449,66
Mallorie Waber,Australia,Caramel Stuffed Bars,12/27/2021,6643,416
Camilla Castle,Australia,99% Dark & Pure,12/27/2021,1267,56
Beverie Moffet,UK,Caramel Stuffed Bars,12/27/2021,6048,404
Curtice Advani,USA,Orange Choco,12/27/2021,4130,230
Curtice Advani,India,Mint Chip Choco,12/27/2021,11627,840
Andria Kimpton,Australia,Caramel Stuffed Bars,12/27/2021,3395,200
Jan Morforth,Australia,Manuka Honey Choco,12/27/2021,3101,135
Dennison Crosswaite,UK,70% Dark Bites,12/27/2021,469,59
Van Tuxwell,UK,Mint Chip Choco,12/27/2021,4620,356
Jan Morforth,India,White Choc,12/27/2021,10437,980
Jehu Rudeforth,USA,Spicy Special Slims,12/27/2021,6083,770
Barr Faughny,Canada,Organic Choco Syrup,12/27/2021,231,11
Kelci Walkden,Australia,Fruit & Nut Bars,12/27/2021,525,33
Gunar Cockshoot,UK,Eclairs,12/27/2021,5215,770
Mallorie Waber,Canada,Mint Chip Choco,12/27/2021,4788,342
Gigi Bohling,Australia,Organic Choco Syrup,12/27/2021,2359,108
Oby Sorrel,UK,70% Dark Bites,12/27/2021,4116,588
Kelci Walkden,Australia,Orange Choco,12/27/2021,5803,306
Dennison Crosswaite,New Zealand,Orange Choco,12/27/2021,5299,265
Gunar Cockshoot,Australia,Peanut Butter Cubes,12/28/2021,301,17
Camilla Castle,Canada,Spicy Special Slims,12/28/2021,14175,1400
Gunar Cockshoot,Australia,Choco Coated Almonds,12/28/2021,1750,175
Gunar Cockshoot,Australia,Fruit & Nut Bars,12/28/2021,336,21
Gigi Bohling,New Zealand,Milk Bars,12/28/2021,9170,612
Wilone O'Kielt,India,Drinking Coco,12/28/2021,2044,76
Husein Augar,New Zealand,Peanut Butter Cubes,12/28/2021,7980,444
Jehu Rudeforth,India,85% Dark Bars,12/28/2021,7749,431
Beverie Moffet,USA,Choco Coated Almonds,12/28/2021,3423,312
Gigi Bohling,Canada,Fruit & Nut Bars,12/28/2021,3311,221
Madelene Upcott,Australia,After Nines,12/28/2021,5642,314
Oby Sorrel,UK,Manuka Honey Choco,12/28/2021,35,2
Jehu Rudeforth,UK,Drinking Coco,12/28/2021,4900,182
Andria Kimpton,Canada,50% Dark Bites,12/28/2021,13608,524
Oby Sorrel,New Zealand,Spicy Special Slims,12/28/2021,5866,652
Gunar Cockshoot,UK,After Nines,12/28/2021,3514,207
Mallorie Waber,Australia,White Choc,12/28/2021,6328,576
Jan Morforth,Australia,Mint Chip Choco,12/28/2021,1631,136
Jehu Rudeforth,India,70% Dark Bites,12/28/2021,553,70
Karlen McCaffrey,Australia,Spicy Special Slims,12/28/2021,7651,840
Marney O'Breen,New Zealand,Milk Bars,12/28/2021,2548,160
Husein Augar,New Zealand,Spicy Special Slims,12/28/2021,2114,235
Mallorie Waber,New Zealand,Almond Choco,12/28/2021,2597,163
Curtice Advani,New Zealand,70% Dark Bites,12/28/2021,6846,980
Kaine Padly,UK,Caramel Stuffed Bars,12/28/2021,4389,293
Mallorie Waber,UK,After Nines,12/28/2021,6657,392
Beverie Moffet,Australia,50% Dark Bites,12/28/2021,5110,197
Marney O'Breen,Canada,White Choc,12/29/2021,1491,125
Madelene Upcott,UK,Milk Bars,12/29/2021,9079,606
Andria Kimpton,UK,Organic Choco Syrup,12/29/2021,2499,109
Curtice Advani,USA,Drinking Coco,12/29/2021,5096,204
Barr Faughny,India,Eclairs,12/29/2021,6020,980
Mallorie Waber,Canada,Drinking Coco,12/29/2021,4662,180
Van Tuxwell,India,Spicy Special Slims,12/29/2021,6678,668
Jan Morforth,UK,Choco Coated Almonds,12/29/2021,6615,662
Beverie Moffet,India,Eclairs,12/29/2021,4900,700
Van Tuxwell,Australia,Organic Choco Syrup,12/29/2021,2772,126
Karlen McCaffrey,UK,Drinking Coco,12/29/2021,1890,76
Kelci Walkden,UK,Baker's Choco Chips,12/29/2021,7329,319
Ches Bonnell,USA,Organic Choco Syrup,12/29/2021,266,12
Oby Sorrel,India,Mint Chip Choco,12/29/2021,21,2
Gunar Cockshoot,Australia,Spicy Special Slims,12/29/2021,2891,362
Marney O'Breen,USA,70% Dark Bites,12/29/2021,21007,3010
Barr Faughny,Australia,Smooth Sliky Salty,12/29/2021,6391,910
Rafaelita Blaksland,India,White Choc,12/29/2021,3024,252
Marney O'Breen,USA,99% Dark & Pure,12/29/2021,15057,685
Ches Bonnell,UK,Mint Chip Choco,12/29/2021,7546,629
Mallorie Waber,USA,Baker's Choco Chips,12/29/2021,1498,63
Jehu Rudeforth,Canada,Mint Chip Choco,12/29/2021,19509,1610
Curtice Advani,India,Peanut Butter Cubes,12/29/2021,13741,700
Kelci Walkden,Australia,Drinking Coco,12/29/2021,1365,51
Kelci Walkden,UK,Raspberry Choco,12/29/2021,9422,429
Wilone O'Kielt,UK,Caramel Stuffed Bars,12/29/2021,7630,449
Gigi Bohling,New Zealand,Eclairs,12/29/2021,3486,498
Jehu Rudeforth,Australia,Organic Choco Syrup,12/29/2021,1967,90
Kaine Padly,India,Mint Chip Choco,12/29/2021,4732,338
Ches Bonnell,India,Mint Chip Choco,12/29/2021,1792,150
Ches Bonnell,UK,Eclairs,12/29/2021,9212,1540
Gigi Bohling,UK,Peanut Butter Cubes,12/29/2021,8036,473
Marney O'Breen,UK,Orange Choco,12/29/2021,2009,101
Roddy Speechley,New Zealand,Manuka Honey Choco,12/29/2021,847,39
Brien Boise,India,White Choc,12/29/2021,4907,409
Van Tuxwell,UK,Eclairs,12/29/2021,3374,482
Kelci Walkden,Australia,Choco Coated Almonds,12/29/2021,7063,643
Roddy Speechley,India,Eclairs,12/29/2021,9310,1190
Kelci Walkden,Canada,85% Dark Bars,12/29/2021,4543,253
Andria Kimpton,USA,Milk Bars,12/29/2021,5754,339
Roddy Speechley,USA,70% Dark Bites,12/29/2021,7441,1050
Mallorie Waber,Canada,99% Dark & Pure,12/29/2021,938,41
Madelene Upcott,UK,Almond Choco,12/29/2021,1764,118
Karlen McCaffrey,Australia,Smooth Sliky Salty,12/29/2021,5999,980
Husein Augar,Canada,70% Dark Bites,12/29/2021,3668,459
Jan Morforth,UK,Organic Choco Syrup,12/29/2021,2184,100
Gunar Cockshoot,Australia,Orange Choco,12/29/2021,2870,160
Camilla Castle,India,99% Dark & Pure,12/29/2021,5635,235
Jehu Rudeforth,USA,99% Dark & Pure,12/29/2021,602,27
Husein Augar,USA,Manuka Honey Choco,12/29/2021,798,37
Dennison Crosswaite,Canada,50% Dark Bites,12/29/2021,1694,63
Barr Faughny,Canada,70% Dark Bites,12/29/2021,7798,980
Oby Sorrel,USA,After Nines,12/29/2021,1372,81
Jehu Rudeforth,UK,Baker's Choco Chips,12/29/2021,11102,483
Marney O'Breen,Australia,Choco Coated Almonds,12/29/2021,5397,540
Camilla Castle,India,50% Dark Bites,12/29/2021,1778,69
Kaine Padly,India,Spicy Special Slims,12/29/2021,3374,338
Karlen McCaffrey,New Zealand,Smooth Sliky Salty,12/29/2021,8022,1120
Rafaelita Blaksland,India,Mint Chip Choco,12/29/2021,8071,577
Barr Faughny,Australia,Milk Bars,12/30/2021,3465,231
Rafaelita Blaksland,UK,After Nines,12/30/2021,8960,560
Oby Sorrel,UK,Milk Bars,12/30/2021,11438,770
Kelci Walkden,Canada,Manuka Honey Choco,12/30/2021,8624,375
Andria Kimpton,India,85% Dark Bars,12/30/2021,7021,391
Andria Kimpton,Australia,Almond Choco,12/30/2021,3934,281
Camilla Castle,Canada,Manuka Honey Choco,12/30/2021,8575,409
Husein Augar,UK,White Choc,12/30/2021,2842,237
Beverie Moffet,India,Manuka Honey Choco,12/30/2021,4368,208
Gunar Cockshoot,Australia,Caramel Stuffed Bars,12/30/2021,553,35
Kaine Padly,Canada,99% Dark & Pure,12/30/2021,7609,346
Mallorie Waber,India,Eclairs,12/30/2021,644,81
Barr Faughny,Australia,Mint Chip Choco,12/30/2021,12726,1050
Wilone O'Kielt,Canada,Choco Coated Almonds,12/30/2021,2639,220
Kaine Padly,Canada,Smooth Sliky Salty,12/30/2021,8701,1120
Rafaelita Blaksland,UK,Manuka Honey Choco,12/30/2021,35,2
Jehu Rudeforth,India,Raspberry Choco,12/30/2021,2506,120
Kaine Padly,Canada,Organic Choco Syrup,12/30/2021,13783,600
Madelene Upcott,Australia,50% Dark Bites,12/30/2021,8988,346
Wilone O'Kielt,Australia,85% Dark Bars,12/30/2021,13909,770
Dotty Strutley,India,Spicy Special Slims,12/30/2021,1869,208
Husein Augar,Australia,After Nines,12/30/2021,3787,211
Roddy Speechley,Australia,Manuka Honey Choco,12/30/2021,770,37
Beverie Moffet,Australia,Peanut Butter Cubes,12/30/2021,15379,840
Roddy Speechley,New Zealand,Caramel Stuffed Bars,12/30/2021,4886,288
Dennison Crosswaite,Australia,Organic Choco Syrup,12/30/2021,7644,333
Karlen McCaffrey,New Zealand,Almond Choco,12/30/2021,6279,393
Curtice Advani,India,Choco Coated Almonds,12/30/2021,13923,1260
Jan Morforth,New Zealand,Caramel Stuffed Bars,12/30/2021,1428,84
Barr Faughny,Australia,Choco Coated Almonds,12/30/2021,3969,397
Ches Bonnell,Canada,Almond Choco,12/31/2021,11872,770
Kaine Padly,New Zealand,Drinking Coco,12/31/2021,8442,313
Gigi Bohling,UK,Milk Bars,12/31/2021,4830,302
Husein Augar,USA,Eclairs,12/31/2021,6671,840
Jehu Rudeforth,Canada,After Nines,12/31/2021,5712,336
Barr Faughny,USA,85% Dark Bars,12/31/2021,1925,97
Husein Augar,USA,Baker's Choco Chips,12/31/2021,6398,291
Dotty Strutley,USA,Organic Choco Syrup,12/31/2021,11263,470
Jan Morforth,UK,Milk Bars,12/31/2021,7854,491
Ches Bonnell,Canada,Peanut Butter Cubes,12/31/2021,8309,462
Andria Kimpton,India,Fruit & Nut Bars,12/31/2021,2751,197
Jan Morforth,UK,Baker's Choco Chips,12/31/2021,2212,93
Madelene Upcott,Australia,85% Dark Bars,12/31/2021,308,16
Jan Morforth,New Zealand,Baker's Choco Chips,12/31/2021,4438,193
Gunar Cockshoot,New Zealand,Smooth Sliky Salty,12/31/2021,2296,287
Rafaelita Blaksland,New Zealand,Eclairs,12/31/2021,126,18
Madelene Upcott,USA,Organic Choco Syrup,12/31/2021,6657,290
Gunar Cockshoot,Canada,Orange Choco,12/31/2021,2156,108
Beverie Moffet,Australia,Drinking Coco,12/31/2021,8736,336
Wilone O'Kielt,USA,Caramel Stuffed Bars,12/31/2021,1225,77
Karlen McCaffrey,New Zealand,Orange Choco,12/31/2021,3766,189
Jan Morforth,India,Eclairs,1/3/2022,5355,910
Ches Bonnell,UK,Orange Choco,1/3/2022,3297,184
Oby Sorrel,UK,Orange Choco,1/3/2022,3899,217
Oby Sorrel,Canada,70% Dark Bites,1/3/2022,1113,159
Van Tuxwell,India,Smooth Sliky Salty,1/3/2022,6580,1120
Husein Augar,India,Fruit & Nut Bars,1/3/2022,7420,464
Roddy Speechley,UK,Organic Choco Syrup,1/3/2022,2632,115
Madelene Upcott,Australia,Baker's Choco Chips,1/3/2022,11368,474
Gigi Bohling,Canada,70% Dark Bites,1/3/2022,2520,280
Dotty Strutley,Australia,99% Dark & Pure,1/3/2022,1897,83
Madelene Upcott,India,Fruit & Nut Bars,1/3/2022,3031,203
Andria Kimpton,Australia,Raspberry Choco,1/3/2022,8764,399
Gunar Cockshoot,USA,Mint Chip Choco,1/3/2022,6153,513
Kelci Walkden,Canada,White Choc,1/3/2022,2422,202
Mallorie Waber,India,Manuka Honey Choco,1/3/2022,1862,81
Rafaelita Blaksland,New Zealand,After Nines,1/3/2022,8400,467
Kelci Walkden,Canada,99% Dark & Pure,1/3/2022,4011,175
Ches Bonnell,India,Caramel Stuffed Bars,1/3/2022,19026,1260
Ches Bonnell,Canada,After Nines,1/3/2022,2660,148
Jan Morforth,Australia,White Choc,1/3/2022,15386,1190
Barr Faughny,Canada,Mint Chip Choco,1/3/2022,2065,173
Marney O'Breen,UK,Mint Chip Choco,1/3/2022,2968,248
Van Tuxwell,Canada,Organic Choco Syrup,1/3/2022,9772,445
Roddy Speechley,USA,Eclairs,1/3/2022,1274,213
Mallorie Waber,USA,Peanut Butter Cubes,1/3/2022,5047,266
Husein Augar,USA,Orange Choco,1/3/2022,1967,104
Ches Bonnell,Canada,Eclairs,1/3/2022,5075,700
Marney O'Breen,USA,Raspberry Choco,1/3/2022,4536,207
Andria Kimpton,Canada,Manuka Honey Choco,1/3/2022,126,6
Andria Kimpton,USA,After Nines,1/3/2022,2646,156
Brien Boise,India,Baker's Choco Chips,1/3/2022,2576,108
Wilone O'Kielt,Canada,Orange Choco,1/3/2022,8337,464
Karlen McCaffrey,New Zealand,Mint Chip Choco,1/3/2022,3885,299
Marney O'Breen,UK,Raspberry Choco,1/3/2022,8085,405
Brien Boise,India,Manuka Honey Choco,1/3/2022,5544,242
Curtice Advani,Canada,Peanut Butter Cubes,1/3/2022,5250,277
Marney O'Breen,Canada,50% Dark Bites,1/3/2022,4788,192
Kelci Walkden,Australia,Peanut Butter Cubes,1/3/2022,3717,196
Rafaelita Blaksland,Australia,Raspberry Choco,1/3/2022,4165,190
Dennison Crosswaite,New Zealand,Organic Choco Syrup,1/3/2022,1813,83
Roddy Speechley,New Zealand,Fruit & Nut Bars,1/3/2022,5005,358
Van Tuxwell,UK,Fruit & Nut Bars,1/3/2022,13538,910
Brien Boise,USA,85% Dark Bars,1/3/2022,8715,485
Beverie Moffet,Australia,Mint Chip Choco,1/3/2022,2905,243
Gigi Bohling,Canada,Organic Choco Syrup,1/3/2022,1197,50
Gigi Bohling,Canada,50% Dark Bites,1/3/2022,3843,148
Curtice Advani,UK,Almond Choco,1/3/2022,3234,231
Brien Boise,USA,Caramel Stuffed Bars,1/3/2022,756,48
Karlen McCaffrey,Canada,50% Dark Bites,1/3/2022,2961,110
Beverie Moffet,Canada,Eclairs,1/3/2022,12425,2100
Van Tuxwell,UK,Almond Choco,1/3/2022,6139,439
Wilone O'Kielt,India,Raspberry Choco,1/4/2022,3619,173
Andria Kimpton,USA,Caramel Stuffed Bars,1/4/2022,1225,77
Dennison Crosswaite,UK,Mint Chip Choco,1/4/2022,8827,631
Jan Morforth,India,Drinking Coco,1/4/2022,6398,256
Dotty Strutley,Australia,Caramel Stuffed Bars,1/4/2022,588,35
Brien Boise,New Zealand,Manuka Honey Choco,1/4/2022,3948,180
Husein Augar,Canada,Manuka Honey Choco,1/4/2022,6349,289
Oby Sorrel,Canada,Organic Choco Syrup,1/4/2022,4893,223
Marney O'Breen,UK,Manuka Honey Choco,1/4/2022,5320,232
Roddy Speechley,USA,Choco Coated Almonds,1/4/2022,5719,520
Wilone O'Kielt,USA,Smooth Sliky Salty,1/4/2022,6692,840
Madelene Upcott,UK,85% Dark Bars,1/4/2022,16345,840
Jan Morforth,UK,85% Dark Bars,1/4/2022,10290,572
Karlen McCaffrey,Canada,Organic Choco Syrup,1/4/2022,8022,349
Ches Bonnell,UK,50% Dark Bites,1/4/2022,770,31
Curtice Advani,Australia,Smooth Sliky Salty,1/4/2022,3465,495
Gunar Cockshoot,UK,Fruit & Nut Bars,1/4/2022,12327,910
Mallorie Waber,New Zealand,After Nines,1/4/2022,12369,700
Kaine Padly,New Zealand,White Choc,1/4/2022,3696,308
Mallorie Waber,UK,50% Dark Bites,1/4/2022,5397,208
Van Tuxwell,India,Milk Bars,1/4/2022,1449,86
Van Tuxwell,Canada,After Nines,1/4/2022,13013,840
Dennison Crosswaite,USA,Organic Choco Syrup,1/4/2022,6447,281
Oby Sorrel,USA,Caramel Stuffed Bars,1/4/2022,7980,470
Karlen McCaffrey,Canada,Mint Chip Choco,1/4/2022,2485,192
Barr Faughny,India,85% Dark Bars,1/4/2022,7826,435
Barr Faughny,USA,Peanut Butter Cubes,1/4/2022,20097,1050
Gunar Cockshoot,Canada,Organic Choco Syrup,1/4/2022,3857,161
Gunar Cockshoot,Australia,Almond Choco,1/4/2022,168,12
Barr Faughny,New Zealand,Fruit & Nut Bars,1/4/2022,308,21
Dotty Strutley,Canada,Milk Bars,1/4/2022,5964,373
Dotty Strutley,UK,Caramel Stuffed Bars,1/4/2022,1344,84
Andria Kimpton,New Zealand,Raspberry Choco,1/4/2022,2100,96
Beverie Moffet,Australia,85% Dark Bars,1/4/2022,1988,100
Karlen McCaffrey,India,Orange Choco,1/4/2022,3255,181
Van Tuxwell,Australia,70% Dark Bites,1/4/2022,17206,2450
Curtice Advani,New Zealand,Drinking Coco,1/4/2022,602,24
Dennison Crosswaite,UK,Peanut Butter Cubes,1/4/2022,1281,76
Kaine Padly,USA,85% Dark Bars,1/4/2022,1148,64
Brien Boise,New Zealand,Almond Choco,1/4/2022,13636,840
Beverie Moffet,UK,After Nines,1/4/2022,8274,460
Gunar Cockshoot,UK,Peanut Butter Cubes,1/4/2022,3878,229
Roddy Speechley,New Zealand,50% Dark Bites,1/4/2022,17129,635
Kelci Walkden,New Zealand,Choco Coated Almonds,1/4/2022,4781,435
Ches Bonnell,India,Spicy Special Slims,1/4/2022,4550,506
Brien Boise,India,Raspberry Choco,1/4/2022,1449,66
Mallorie Waber,Canada,Caramel Stuffed Bars,1/4/2022,17304,1050
Kelci Walkden,India,Smooth Sliky Salty,1/4/2022,5502,688
Oby Sorrel,USA,99% Dark & Pure,1/4/2022,5145,224
Karlen McCaffrey,USA,Smooth Sliky Salty,1/4/2022,1708,214
Brien Boise,Canada,70% Dark Bites,1/4/2022,8239,1190
Camilla Castle,USA,Organic Choco Syrup,1/4/2022,9583,417
Roddy Speechley,India,Mint Chip Choco,1/5/2022,9387,770
Kelci Walkden,USA,99% Dark & Pure,1/5/2022,5649,246
Andria Kimpton,Canada,Fruit & Nut Bars,1/5/2022,10857,679
Jan Morforth,Canada,Almond Choco,1/5/2022,4802,343
Kelci Walkden,India,Peanut Butter Cubes,1/5/2022,3647,203
Gunar Cockshoot,India,Almond Choco,1/5/2022,2737,172
Brien Boise,UK,50% Dark Bites,1/5/2022,2905,112
Van Tuxwell,India,After Nines,1/5/2022,11641,647
Curtice Advani,USA,Smooth Sliky Salty,1/5/2022,4963,840
Roddy Speechley,USA,Peanut Butter Cubes,1/5/2022,3822,213
Brien Boise,USA,50% Dark Bites,1/5/2022,2240,90
Jan Morforth,USA,Manuka Honey Choco,1/5/2022,14546,633
Barr Faughny,Canada,Smooth Sliky Salty,1/5/2022,3556,593
Roddy Speechley,Canada,Almond Choco,1/5/2022,784,53
Jehu Rudeforth,USA,Mint Chip Choco,1/5/2022,49,4
Camilla Castle,India,Choco Coated Almonds,1/5/2022,2653,266
Camilla Castle,UK,After Nines,1/5/2022,6979,437
Gigi Bohling,India,99% Dark & Pure,1/5/2022,7945,332
Oby Sorrel,India,Eclairs,1/5/2022,9016,1260
Marney O'Breen,Australia,Mint Chip Choco,1/5/2022,6713,560
Van Tuxwell,Canada,Drinking Coco,1/5/2022,7364,273
Wilone O'Kielt,India,Baker's Choco Chips,1/5/2022,5761,251
Jan Morforth,Canada,Caramel Stuffed Bars,1/5/2022,9870,581
Gigi Bohling,Australia,85% Dark Bars,1/5/2022,7231,381
Madelene Upcott,New Zealand,Manuka Honey Choco,1/5/2022,13923,633
Wilone O'Kielt,India,99% Dark & Pure,1/5/2022,7357,307
Van Tuxwell,India,Manuka Honey Choco,1/5/2022,8869,404
Dotty Strutley,India,85% Dark Bars,1/5/2022,17731,910
Madelene Upcott,New Zealand,Orange Choco,1/5/2022,14462,770
Rafaelita Blaksland,New Zealand,Drinking Coco,1/5/2022,1302,53
Beverie Moffet,UK,Spicy Special Slims,1/5/2022,10038,1120
Curtice Advani,Canada,Choco Coated Almonds,1/5/2022,14245,1400
Dennison Crosswaite,USA,Mint Chip Choco,1/5/2022,3311,276
Van Tuxwell,Australia,Almond Choco,1/5/2022,10122,633
Mallorie Waber,India,Peanut Butter Cubes,1/5/2022,6874,382
Wilone O'Kielt,UK,Mint Chip Choco,1/5/2022,17164,1330
Oby Sorrel,Australia,99% Dark & Pure,1/5/2022,1589,73
Andria Kimpton,Australia,99% Dark & Pure,1/5/2022,9142,416
Mallorie Waber,Canada,Raspberry Choco,1/5/2022,3227,154
Jan Morforth,New Zealand,Orange Choco,1/5/2022,3500,175
Gigi Bohling,Canada,Almond Choco,1/5/2022,5222,327
Madelene Upcott,Canada,Peanut Butter Cubes,1/5/2022,7497,417
Jan Morforth,Canada,Mint Chip Choco,1/5/2022,6916,494
Kaine Padly,Canada,Eclairs,1/5/2022,10248,1260
Gunar Cockshoot,Canada,Eclairs,1/5/2022,5040,630
Oby Sorrel,Canada,50% Dark Bites,1/5/2022,2093,78
Jan Morforth,USA,Organic Choco Syrup,1/5/2022,8939,407
Madelene Upcott,India,Organic Choco Syrup,1/5/2022,2177,99
Barr Faughny,Australia,99% Dark & Pure,1/5/2022,10395,473
Andria Kimpton,Canada,85% Dark Bars,1/5/2022,10738,566
Beverie Moffet,UK,Fruit & Nut Bars,1/6/2022,6867,491
Oby Sorrel,USA,Eclairs,1/6/2022,6454,1050
Van Tuxwell,USA,Drinking Coco,1/6/2022,1267,51
Gunar Cockshoot,Australia,Mint Chip Choco,1/6/2022,343,27
Camilla Castle,New Zealand,70% Dark Bites,1/6/2022,1029,147
Jan Morforth,Australia,70% Dark Bites,1/6/2022,3836,480
Rafaelita Blaksland,Australia,White Choc,1/6/2022,4011,365
Gunar Cockshoot,UK,Orange Choco,1/6/2022,4508,251
Andria Kimpton,USA,Peanut Butter Cubes,1/6/2022,6013,354
Marney O'Breen,New Zealand,Drinking Coco,1/6/2022,469,19
Camilla Castle,UK,Fruit & Nut Bars,1/6/2022,5117,342
Jan Morforth,Australia,Peanut Butter Cubes,1/6/2022,3913,218
Dotty Strutley,Australia,Spicy Special Slims,1/6/2022,9289,910
Dotty Strutley,Australia,50% Dark Bites,1/6/2022,4179,155
Oby Sorrel,India,Orange Choco,1/6/2022,1715,86
Gigi Bohling,India,85% Dark Bars,1/6/2022,791,40
Beverie Moffet,India,Milk Bars,1/6/2022,9954,586
Camilla Castle,New Zealand,Milk Bars,1/6/2022,20090,1260
Madelene Upcott,Canada,Fruit & Nut Bars,1/6/2022,651,44
Kelci Walkden,UK,Caramel Stuffed Bars,1/6/2022,5159,323
Kelci Walkden,New Zealand,99% Dark & Pure,1/6/2022,3745,157
Roddy Speechley,India,Drinking Coco,1/6/2022,4102,152
Marney O'Breen,India,Orange Choco,1/6/2022,2177,109
Brien Boise,USA,Baker's Choco Chips,1/6/2022,7182,327
Gunar Cockshoot,India,Fruit & Nut Bars,1/6/2022,1456,98
Roddy Speechley,UK,Peanut Butter Cubes,1/6/2022,6783,357
Beverie Moffet,New Zealand,Orange Choco,1/6/2022,6006,301
Brien Boise,Canada,Manuka Honey Choco,1/6/2022,392,19
Camilla Castle,USA,70% Dark Bites,1/6/2022,1715,245
Brien Boise,Canada,Mint Chip Choco,1/6/2022,13657,1120
Roddy Speechley,Canada,Orange Choco,1/6/2022,5215,275
Gunar Cockshoot,India,Baker's Choco Chips,1/6/2022,4221,176
Marney O'Breen,UK,After Nines,1/6/2022,7112,419
Kaine Padly,Canada,White Choc,1/6/2022,5810,447
Wilone O'Kielt,USA,Orange Choco,1/6/2022,7700,406
Gigi Bohling,India,Manuka Honey Choco,1/6/2022,8652,394
Husein Augar,India,Caramel Stuffed Bars,1/6/2022,12390,770
Camilla Castle,India,85% Dark Bars,1/6/2022,6202,345
Gigi Bohling,India,Raspberry Choco,1/6/2022,6608,331
Mallorie Waber,USA,Spicy Special Slims,1/6/2022,8561,1050
Jan Morforth,UK,Almond Choco,1/6/2022,833,60
Beverie Moffet,UK,Drinking Coco,1/6/2022,10381,385
Andria Kimpton,USA,Drinking Coco,1/6/2022,378,14
Wilone O'Kielt,Australia,White Choc,1/6/2022,301,28
Mallorie Waber,Canada,Peanut Butter Cubes,1/6/2022,4900,258
Kelci Walkden,UK,Orange Choco,1/6/2022,4053,214
Beverie Moffet,USA,85% Dark Bars,1/6/2022,8281,415
Camilla Castle,New Zealand,85% Dark Bars,1/6/2022,2905,153
Andria Kimpton,UK,Peanut Butter Cubes,1/6/2022,13111,691
Mallorie Waber,UK,85% Dark Bars,1/6/2022,4403,232
Jehu Rudeforth,New Zealand,Smooth Sliky Salty,1/6/2022,266,34
Oby Sorrel,Australia,Almond Choco,1/6/2022,875,59
Mallorie Waber,India,Orange Choco,1/6/2022,3381,170
Dennison Crosswaite,Australia,Peanut Butter Cubes,1/6/2022,7588,422
Madelene Upcott,India,Almond Choco,1/6/2022,1092,78
Van Tuxwell,India,Eclairs,1/6/2022,3899,488
Dotty Strutley,India,Manuka Honey Choco,1/6/2022,7812,356
Husein Augar,Australia,Raspberry Choco,1/6/2022,4697,214
Rafaelita Blaksland,India,85% Dark Bars,1/6/2022,7168,378
Jan Morforth,India,Smooth Sliky Salty,1/6/2022,8260,1400
Mallorie Waber,New Zealand,Smooth Sliky Salty,1/6/2022,1827,261
Madelene Upcott,UK,99% Dark & Pure,1/7/2022,15806,659
Mallorie Waber,UK,Almond Choco,1/7/2022,4067,255
Dotty Strutley,India,Baker's Choco Chips,1/7/2022,4088,178
Camilla Castle,UK,Almond Choco,1/7/2022,5467,391
Madelene Upcott,India,Spicy Special Slims,1/7/2022,6790,770
Barr Faughny,USA,Choco Coated Almonds,1/7/2022,2786,279
Wilone O'Kielt,UK,White Choc,1/7/2022,4172,348
Dotty Strutley,India,White Choc,1/7/2022,1897,159
Oby Sorrel,Canada,Smooth Sliky Salty,1/7/2022,2296,383
Camilla Castle,Australia,Caramel Stuffed Bars,1/7/2022,658,39
Oby Sorrel,Canada,Peanut Butter Cubes,1/7/2022,9303,490
Ches Bonnell,Canada,Spicy Special Slims,1/7/2022,11711,1330
Mallorie Waber,India,Milk Bars,1/7/2022,245,15
Andria Kimpton,India,Orange Choco,1/7/2022,9303,466
Gunar Cockshoot,Canada,50% Dark Bites,1/7/2022,3059,118
Ches Bonnell,Canada,Organic Choco Syrup,1/7/2022,9233,402
Karlen McCaffrey,UK,99% Dark & Pure,1/7/2022,3640,159
Barr Faughny,UK,70% Dark Bites,1/10/2022,13328,1890
Rafaelita Blaksland,Australia,After Nines,1/10/2022,3437,191
Gigi Bohling,USA,Orange Choco,1/10/2022,2807,141
Andria Kimpton,India,99% Dark & Pure,1/10/2022,5838,244
Curtice Advani,Australia,85% Dark Bars,1/10/2022,7938,441
Oby Sorrel,USA,Manuka Honey Choco,1/10/2022,1771,85
Mallorie Waber,India,70% Dark Bites,1/10/2022,2457,273
Curtice Advani,Australia,Fruit & Nut Bars,1/10/2022,2919,183
Beverie Moffet,Canada,Orange Choco,1/10/2022,4221,223
Van Tuxwell,New Zealand,Raspberry Choco,1/10/2022,3668,167
Camilla Castle,USA,Almond Choco,1/10/2022,6062,379
Curtice Advani,USA,Caramel Stuffed Bars,1/10/2022,1190,80
Jan Morforth,USA,Smooth Sliky Salty,1/10/2022,2856,476
Dotty Strutley,USA,85% Dark Bars,1/10/2022,6755,356
Beverie Moffet,India,Spicy Special Slims,1/10/2022,15946,1960
Curtice Advani,UK,Manuka Honey Choco,1/10/2022,1568,72
Van Tuxwell,USA,Caramel Stuffed Bars,1/10/2022,9044,603
Oby Sorrel,USA,70% Dark Bites,1/10/2022,16492,2380
Jehu Rudeforth,Canada,Orange Choco,1/10/2022,2198,123
Van Tuxwell,Australia,Orange Choco,1/10/2022,8015,446
Dennison Crosswaite,New Zealand,Raspberry Choco,1/10/2022,1813,83
Marney O'Breen,India,Organic Choco Syrup,1/10/2022,1792,82
Gunar Cockshoot,New Zealand,Milk Bars,1/10/2022,9695,647
Dennison Crosswaite,India,Peanut Butter Cubes,1/10/2022,238,14
Roddy Speechley,UK,Eclairs,1/10/2022,175,30
Karlen McCaffrey,USA,99% Dark & Pure,1/10/2022,6069,264
Madelene Upcott,India,Peanut Butter Cubes,1/10/2022,9310,518
Karlen McCaffrey,Australia,Almond Choco,1/10/2022,15036,910
Dennison Crosswaite,UK,Baker's Choco Chips,1/10/2022,2450,103
Andria Kimpton,India,Smooth Sliky Salty,1/10/2022,3801,634
Mallorie Waber,Australia,Choco Coated Almonds,1/10/2022,3836,349
Gigi Bohling,UK,Drinking Coco,1/10/2022,4256,164
Van Tuxwell,UK,Organic Choco Syrup,1/10/2022,3500,153
Barr Faughny,New Zealand,Peanut Butter Cubes,1/10/2022,11550,642
Kaine Padly,India,70% Dark Bites,1/10/2022,966,138
Brien Boise,New Zealand,White Choc,1/10/2022,9800,910
Brien Boise,Canada,Almond Choco,1/10/2022,2310,154
Brien Boise,India,Caramel Stuffed Bars,1/10/2022,3402,201
Kaine Padly,Australia,Smooth Sliky Salty,1/10/2022,2338,293
Madelene Upcott,India,85% Dark Bars,1/10/2022,11767,654
Wilone O'Kielt,USA,99% Dark & Pure,1/10/2022,2310,101
Jehu Rudeforth,UK,Caramel Stuffed Bars,1/11/2022,2499,147
Kelci Walkden,India,Manuka Honey Choco,1/11/2022,693,31
Wilone O'Kielt,New Zealand,Manuka Honey Choco,1/11/2022,5943,271
Madelene Upcott,New Zealand,Fruit & Nut Bars,1/11/2022,2828,189
Dotty Strutley,Australia,After Nines,1/11/2022,861,51
Roddy Speechley,New Zealand,Raspberry Choco,1/11/2022,833,38
Jehu Rudeforth,India,White Choc,1/11/2022,3255,296
Dennison Crosswaite,UK,50% Dark Bites,1/11/2022,2184,81
Gigi Bohling,Canada,Eclairs,1/11/2022,3360,420
Van Tuxwell,New Zealand,Orange Choco,1/11/2022,3227,170
Curtice Advani,USA,Spicy Special Slims,1/11/2022,8792,910
Husein Augar,Australia,Drinking Coco,1/11/2022,819,31
Barr Faughny,New Zealand,After Nines,1/11/2022,1106,70
Kaine Padly,Canada,50% Dark Bites,1/11/2022,910,37
Marney O'Breen,Australia,Smooth Sliky Salty,1/11/2022,15925,2660
Oby Sorrel,New Zealand,Manuka Honey Choco,1/11/2022,329,15
Husein Augar,UK,Mint Chip Choco,1/11/2022,2905,208
Kelci Walkden,UK,Choco Coated Almonds,1/11/2022,2562,214
Gigi Bohling,Canada,Manuka Honey Choco,1/11/2022,16317,770
Husein Augar,UK,Milk Bars,1/11/2022,1022,61
Marney O'Breen,USA,Peanut Butter Cubes,1/11/2022,10724,565
Camilla Castle,Canada,Caramel Stuffed Bars,1/11/2022,5908,394
Husein Augar,USA,Almond Choco,1/11/2022,7889,494
Karlen McCaffrey,Australia,Eclairs,1/11/2022,8211,1050
Jehu Rudeforth,USA,Almond Choco,1/11/2022,3227,216
Roddy Speechley,UK,White Choc,1/11/2022,2303,192
Van Tuxwell,New Zealand,Milk Bars,1/11/2022,1456,98
Mallorie Waber,USA,Caramel Stuffed Bars,1/11/2022,4487,264
Wilone O'Kielt,Australia,Smooth Sliky Salty,1/11/2022,5467,770
Rafaelita Blaksland,USA,Smooth Sliky Salty,1/11/2022,6083,770
Jehu Rudeforth,UK,Peanut Butter Cubes,1/11/2022,3402,189
Marney O'Breen,India,Mint Chip Choco,1/11/2022,7840,560
Kaine Padly,USA,Eclairs,1/11/2022,7560,1050
Roddy Speechley,Australia,Almond Choco,1/11/2022,4004,286
Madelene Upcott,India,Orange Choco,1/11/2022,2947,164
Andria Kimpton,USA,50% Dark Bites,1/11/2022,1078,40
Roddy Speechley,Canada,White Choc,1/11/2022,11620,1050
Camilla Castle,India,Milk Bars,1/11/2022,6699,419
Brien Boise,UK,Spicy Special Slims,1/11/2022,4984,623
Wilone O'Kielt,Canada,Almond Choco,1/11/2022,1309,82
Madelene Upcott,India,Caramel Stuffed Bars,1/11/2022,8827,589
Kelci Walkden,Australia,70% Dark Bites,1/11/2022,6244,770
Ches Bonnell,USA,White Choc,1/11/2022,8274,770
Karlen McCaffrey,India,Smooth Sliky Salty,1/11/2022,6321,1050
Brien Boise,Australia,Manuka Honey Choco,1/11/2022,8883,423
Kaine Padly,Australia,Peanut Butter Cubes,1/11/2022,6069,357
Ches Bonnell,New Zealand,70% Dark Bites,1/11/2022,4522,646
Van Tuxwell,New Zealand,White Choc,1/11/2022,1890,172
Curtice Advani,Canada,Manuka Honey Choco,1/11/2022,2086,95
Curtice Advani,India,White Choc,1/11/2022,12530,1120
Kaine Padly,India,Drinking Coco,1/11/2022,6237,240
Brien Boise,UK,Raspberry Choco,1/11/2022,1701,81
Camilla Castle,Australia,Smooth Sliky Salty,1/11/2022,476,68
Rafaelita Blaksland,USA,Mint Chip Choco,1/11/2022,11305,910
Kaine Padly,USA,Peanut Butter Cubes,1/11/2022,8666,482
Van Tuxwell,UK,Drinking Coco,1/11/2022,1015,41
Gunar Cockshoot,New Zealand,Drinking Coco,1/11/2022,11991,445
Roddy Speechley,UK,Spicy Special Slims,1/11/2022,3479,435
Wilone O'Kielt,India,Almond Choco,1/12/2022,6909,432
Kaine Padly,India,Eclairs,1/12/2022,3087,441
Ches Bonnell,New Zealand,Almond Choco,1/12/2022,2618,175
Jehu Rudeforth,Canada,Peanut Butter Cubes,1/12/2022,6125,341
Camilla Castle,New Zealand,Drinking Coco,1/12/2022,13797,552
Wilone O'Kielt,Canada,After Nines,1/12/2022,10003,626
Marney O'Breen,Canada,Orange Choco,1/12/2022,9471,499
Ches Bonnell,Australia,85% Dark Bars,1/12/2022,2170,115
Rafaelita Blaksland,UK,50% Dark Bites,1/12/2022,6202,239
Kelci Walkden,Australia,Mint Chip Choco,1/12/2022,10031,770
Rafaelita Blaksland,UK,Milk Bars,1/12/2022,3766,252
Roddy Speechley,Australia,Mint Chip Choco,1/12/2022,105,8
Madelene Upcott,New Zealand,Choco Coated Almonds,1/12/2022,2695,225
Barr Faughny,New Zealand,Manuka Honey Choco,1/12/2022,196,9
Gigi Bohling,New Zealand,Orange Choco,1/12/2022,7287,365
Roddy Speechley,India,50% Dark Bites,1/12/2022,15610,625
Roddy Speechley,New Zealand,Almond Choco,1/12/2022,3192,228
Husein Augar,India,70% Dark Bites,1/12/2022,9107,1120
Husein Augar,Canada,Caramel Stuffed Bars,1/12/2022,9387,587
Barr Faughny,USA,White Choc,1/12/2022,2261,174
Barr Faughny,Australia,Eclairs,1/12/2022,7434,910
Jehu Rudeforth,Canada,Fruit & Nut Bars,1/12/2022,868,62
Ches Bonnell,Australia,After Nines,1/12/2022,5824,364
Kelci Walkden,Australia,50% Dark Bites,1/12/2022,5803,233
Husein Augar,Canada,50% Dark Bites,1/12/2022,3059,114
Camilla Castle,UK,Choco Coated Almonds,1/12/2022,2548,213
Rafaelita Blaksland,UK,Drinking Coco,1/12/2022,8295,308
Wilone O'Kielt,India,Smooth Sliky Salty,1/12/2022,4494,770
Gigi Bohling,UK,Spicy Special Slims,1/12/2022,2051,228
Mallorie Waber,India,85% Dark Bars,1/12/2022,16835,910
Madelene Upcott,New Zealand,Spicy Special Slims,1/12/2022,8274,1050
Wilone O'Kielt,Australia,70% Dark Bites,1/12/2022,5103,700
Oby Sorrel,UK,Raspberry Choco,1/12/2022,140,7
Mallorie Waber,Australia,Fruit & Nut Bars,1/12/2022,238,16
Kaine Padly,USA,Choco Coated Almonds,1/12/2022,11844,980
Dennison Crosswaite,Canada,Choco Coated Almonds,1/12/2022,11648,1050
Mallorie Waber,Canada,50% Dark Bites,1/12/2022,10885,404
Dennison Crosswaite,Canada,Milk Bars,1/12/2022,6447,380
Wilone O'Kielt,India,Manuka Honey Choco,1/12/2022,3577,171
Beverie Moffet,USA,Smooth Sliky Salty,1/12/2022,1722,246
Gigi Bohling,USA,After Nines,1/12/2022,5376,299
Curtice Advani,Australia,Spicy Special Slims,1/12/2022,5166,517
Gunar Cockshoot,UK,Drinking Coco,1/12/2022,5509,205
Brien Boise,USA,99% Dark & Pure,1/12/2022,7350,320
Andria Kimpton,USA,Mint Chip Choco,1/12/2022,5831,449
Mallorie Waber,UK,Peanut Butter Cubes,1/12/2022,5166,304
Rafaelita Blaksland,Australia,Fruit & Nut Bars,1/12/2022,10808,700
Kelci Walkden,New Zealand,Eclairs,1/12/2022,18494,2660
Ches Bonnell,Canada,70% Dark Bites,1/12/2022,4613,659
Kelci Walkden,Canada,Smooth Sliky Salty,1/12/2022,10276,1260
Dennison Crosswaite,Australia,Manuka Honey Choco,1/12/2022,8722,380
Jan Morforth,Canada,Fruit & Nut Bars,1/12/2022,13293,910
Husein Augar,UK,Orange Choco,1/12/2022,6307,351
Camilla Castle,UK,Peanut Butter Cubes,1/12/2022,4074,240
Mallorie Waber,New Zealand,70% Dark Bites,1/12/2022,3612,516
Dotty Strutley,New Zealand,Eclairs,1/12/2022,8526,1400
Brien Boise,Australia,Almond Choco,1/13/2022,3297,220
Barr Faughny,India,Caramel Stuffed Bars,1/13/2022,2072,130
Beverie Moffet,New Zealand,Baker's Choco Chips,1/13/2022,392,18
Karlen McCaffrey,Canada,White Choc,1/13/2022,5439,419
Roddy Speechley,India,Manuka Honey Choco,1/13/2022,2128,93
Madelene Upcott,USA,Raspberry Choco,1/13/2022,5754,288
Van Tuxwell,USA,70% Dark Bites,1/13/2022,4025,575
Camilla Castle,Australia,Baker's Choco Chips,1/13/2022,1960,86
Gunar Cockshoot,India,Raspberry Choco,1/13/2022,4984,250
Gigi Bohling,Canada,Mint Chip Choco,1/13/2022,11235,840
Jehu Rudeforth,New Zealand,70% Dark Bites,1/13/2022,6181,687
Jan Morforth,Australia,Milk Bars,1/13/2022,11277,664
Ches Bonnell,New Zealand,50% Dark Bites,1/13/2022,12320,493
Marney O'Breen,UK,Baker's Choco Chips,1/13/2022,819,36
Husein Augar,UK,After Nines,1/13/2022,4151,231
Beverie Moffet,Australia,Choco Coated Almonds,1/13/2022,7070,700
Husein Augar,New Zealand,85% Dark Bars,1/13/2022,2485,131
Rafaelita Blaksland,USA,Manuka Honey Choco,1/13/2022,2436,111
Jehu Rudeforth,India,Smooth Sliky Salty,1/13/2022,20146,3360
Dennison Crosswaite,Australia,Smooth Sliky Salty,1/13/2022,5873,980
Beverie Moffet,USA,Manuka Honey Choco,1/13/2022,42,2
Husein Augar,USA,Caramel Stuffed Bars,1/13/2022,4599,271
Barr Faughny,Australia,Peanut Butter Cubes,1/13/2022,4172,232
Roddy Speechley,Canada,Raspberry Choco,1/13/2022,784,40
Dotty Strutley,Australia,Organic Choco Syrup,1/13/2022,882,37
Andria Kimpton,UK,Orange Choco,1/13/2022,6748,375
Brien Boise,Australia,50% Dark Bites,1/13/2022,3073,123
Gunar Cockshoot,Canada,Smooth Sliky Salty,1/13/2022,6174,910
Andria Kimpton,Canada,Organic Choco Syrup,1/13/2022,3360,147
Ches Bonnell,Australia,Fruit & Nut Bars,1/13/2022,5845,390
Andria Kimpton,Australia,Drinking Coco,1/13/2022,7735,287
Camilla Castle,UK,Organic Choco Syrup,1/13/2022,10969,458
Andria Kimpton,New Zealand,Caramel Stuffed Bars,1/13/2022,9562,563
Kaine Padly,USA,Baker's Choco Chips,1/13/2022,6020,262
Gigi Bohling,Australia,Manuka Honey Choco,1/13/2022,9667,421
Beverie Moffet,New Zealand,Peanut Butter Cubes,1/13/2022,4130,218
Brien Boise,Canada,Spicy Special Slims,1/13/2022,10220,1120
Dotty Strutley,New Zealand,50% Dark Bites,1/13/2022,16338,629
Curtice Advani,Canada,70% Dark Bites,1/13/2022,8400,1050
Curtice Advani,New Zealand,Spicy Special Slims,1/13/2022,3668,459
Barr Faughny,UK,Orange Choco,1/13/2022,5047,253
Van Tuxwell,USA,99% Dark & Pure,1/13/2022,4732,216
Roddy Speechley,Australia,Fruit & Nut Bars,1/13/2022,7728,552
Camilla Castle,UK,99% Dark & Pure,1/13/2022,6370,266
Gunar Cockshoot,India,Organic Choco Syrup,1/13/2022,3304,151
Mallorie Waber,UK,Organic Choco Syrup,1/13/2022,2107,96
Husein Augar,Australia,85% Dark Bars,1/13/2022,11536,577
Madelene Upcott,India,White Choc,1/14/2022,10164,910
Oby Sorrel,New Zealand,Peanut Butter Cubes,1/14/2022,9275,516
Kelci Walkden,USA,White Choc,1/14/2022,6314,486
Mallorie Waber,India,Choco Coated Almonds,1/14/2022,1547,155
Gunar Cockshoot,India,Caramel Stuffed Bars,1/14/2022,1778,112
Roddy Speechley,Australia,70% Dark Bites,1/14/2022,5264,585
Camilla Castle,UK,Orange Choco,1/14/2022,2765,139
Camilla Castle,Canada,Almond Choco,1/14/2022,1022,64
Camilla Castle,India,Caramel Stuffed Bars,1/14/2022,7882,464
Ches Bonnell,Australia,Raspberry Choco,1/14/2022,18788,910
Husein Augar,India,Peanut Butter Cubes,1/14/2022,1274,75
Dotty Strutley,Canada,Caramel Stuffed Bars,1/14/2022,4088,241
Marney O'Breen,New Zealand,50% Dark Bites,1/14/2022,4816,179
Karlen McCaffrey,Canada,Raspberry Choco,1/14/2022,651,30
Curtice Advani,Australia,Eclairs,1/14/2022,1414,236
Curtice Advani,India,Fruit & Nut Bars,1/14/2022,700,50
Andria Kimpton,India,Baker's Choco Chips,1/14/2022,1932,81
Madelene Upcott,New Zealand,Mint Chip Choco,1/14/2022,3570,255
Van Tuxwell,New Zealand,99% Dark & Pure,1/14/2022,3122,142
Andria Kimpton,USA,Eclairs,1/14/2022,588,74
Madelene Upcott,UK,Caramel Stuffed Bars,1/14/2022,5236,328
Ches Bonnell,Canada,Manuka Honey Choco,1/14/2022,4221,192
Jan Morforth,UK,99% Dark & Pure,1/14/2022,420,20
Barr Faughny,India,Choco Coated Almonds,1/14/2022,5705,571
Madelene Upcott,Australia,Spicy Special Slims,1/14/2022,14504,1820
Marney O'Breen,Australia,Manuka Honey Choco,1/14/2022,12726,606
Karlen McCaffrey,UK,Eclairs,1/14/2022,2947,369
Brien Boise,UK,Drinking Coco,1/14/2022,12467,462
Wilone O'Kielt,Australia,Choco Coated Almonds,1/14/2022,6923,630
Dotty Strutley,USA,50% Dark Bites,1/14/2022,1547,62
Camilla Castle,New Zealand,50% Dark Bites,1/14/2022,4312,173
Kaine Padly,UK,50% Dark Bites,1/14/2022,7672,296
Gunar Cockshoot,USA,70% Dark Bites,1/14/2022,4690,522
Madelene Upcott,UK,Peanut Butter Cubes,1/14/2022,11361,598
Dennison Crosswaite,USA,70% Dark Bites,1/14/2022,2877,320
Gigi Bohling,USA,Choco Coated Almonds,1/14/2022,4900,446
Madelene Upcott,India,Raspberry Choco,1/14/2022,3955,198
Jehu Rudeforth,UK,50% Dark Bites,1/14/2022,10948,438
Jan Morforth,India,Orange Choco,1/14/2022,6041,336
Dennison Crosswaite,New Zealand,Baker's Choco Chips,1/14/2022,6020,262
Andria Kimpton,UK,Smooth Sliky Salty,1/14/2022,14098,1750
Beverie Moffet,UK,Raspberry Choco,1/14/2022,8715,397
Gunar Cockshoot,New Zealand,Eclairs,1/14/2022,2702,451
Ches Bonnell,Canada,Orange Choco,1/14/2022,10899,574
Camilla Castle,Canada,White Choc,1/14/2022,2597,237
Gunar Cockshoot,UK,Baker's Choco Chips,1/14/2022,8050,336
Marney O'Breen,Canada,Raspberry Choco,1/14/2022,1596,76
Brien Boise,New Zealand,After Nines,1/17/2022,455,29
Oby Sorrel,Canada,Caramel Stuffed Bars,1/17/2022,7980,470
Jan Morforth,UK,Mint Chip Choco,1/17/2022,3199,267
Husein Augar,USA,Fruit & Nut Bars,1/17/2022,3248,203
Jehu Rudeforth,New Zealand,Mint Chip Choco,1/17/2022,6531,545
Ches Bonnell,UK,85% Dark Bars,1/17/2022,6258,313
Rafaelita Blaksland,New Zealand,Baker's Choco Chips,1/17/2022,1092,50
Andria Kimpton,USA,70% Dark Bites,1/17/2022,2415,269
Karlen McCaffrey,USA,Peanut Butter Cubes,1/17/2022,12369,651
Barr Faughny,USA,After Nines,1/17/2022,2667,157
Roddy Speechley,USA,Fruit & Nut Bars,1/17/2022,357,24
Jehu Rudeforth,USA,Baker's Choco Chips,1/17/2022,63,3
Barr Faughny,India,Orange Choco,1/17/2022,9177,510
Beverie Moffet,Australia,White Choc,1/17/2022,11291,910
Ches Bonnell,USA,Caramel Stuffed Bars,1/17/2022,5446,364
Mallorie Waber,India,Spicy Special Slims,1/17/2022,11977,1470
Andria Kimpton,UK,Raspberry Choco,1/17/2022,6209,311
Rafaelita Blaksland,Australia,Manuka Honey Choco,1/17/2022,11249,512
Dennison Crosswaite,Australia,Choco Coated Almonds,1/17/2022,2912,243
Kaine Padly,Australia,Eclairs,1/17/2022,15806,2240
Marney O'Breen,USA,Choco Coated Almonds,1/17/2022,10101,980
Curtice Advani,India,Smooth Sliky Salty,1/17/2022,7651,1120
Dennison Crosswaite,New Zealand,Peanut Butter Cubes,1/17/2022,4046,213
Gunar Cockshoot,India,Milk Bars,1/17/2022,4494,300
Mallorie Waber,Australia,70% Dark Bites,1/17/2022,6069,840
Husein Augar,New Zealand,White Choc,1/17/2022,9751,910
Madelene Upcott,USA,Orange Choco,1/17/2022,4158,208
Van Tuxwell,India,Peanut Butter Cubes,1/17/2022,3003,167
Oby Sorrel,UK,50% Dark Bites,1/17/2022,3612,134
Curtice Advani,USA,Eclairs,1/17/2022,13265,2240
Mallorie Waber,USA,99% Dark & Pure,1/17/2022,2688,123
Dotty Strutley,New Zealand,Raspberry Choco,1/17/2022,7469,340
Van Tuxwell,UK,Orange Choco,1/17/2022,1785,94
Dennison Crosswaite,UK,Almond Choco,1/17/2022,5670,405
Mallorie Waber,India,Almond Choco,1/17/2022,420,27
Oby Sorrel,Australia,White Choc,1/17/2022,7714,700
Van Tuxwell,USA,Smooth Sliky Salty,1/17/2022,3031,433
Rafaelita Blaksland,New Zealand,Manuka Honey Choco,1/17/2022,10654,464
Van Tuxwell,Australia,85% Dark Bars,1/17/2022,3255,163
Roddy Speechley,Australia,Spicy Special Slims,1/17/2022,1001,101
Kelci Walkden,USA,Caramel Stuffed Bars,1/17/2022,9051,604
Wilone O'Kielt,New Zealand,Peanut Butter Cubes,1/17/2022,11172,621
Rafaelita Blaksland,New Zealand,Almond Choco,1/17/2022,1680,120
Andria Kimpton,Australia,Baker's Choco Chips,1/17/2022,6223,271
Mallorie Waber,New Zealand,Peanut Butter Cubes,1/17/2022,1547,82
Gunar Cockshoot,Canada,Manuka Honey Choco,1/17/2022,13013,620
Rafaelita Blaksland,Canada,99% Dark & Pure,1/17/2022,3787,173
Jehu Rudeforth,Canada,Milk Bars,1/17/2022,2870,169
Dotty Strutley,India,Choco Coated Almonds,1/17/2022,4529,412
Brien Boise,Canada,Choco Coated Almonds,1/17/2022,17724,1610
Oby Sorrel,Australia,Drinking Coco,1/17/2022,7679,308
Roddy Speechley,UK,Raspberry Choco,1/17/2022,4669,234
Marney O'Breen,India,99% Dark & Pure,1/17/2022,1666,73
Marney O'Breen,India,Manuka Honey Choco,1/17/2022,679,30
Jan Morforth,New Zealand,50% Dark Bites,1/17/2022,4088,164
Dennison Crosswaite,New Zealand,Eclairs,1/17/2022,6440,910
Van Tuxwell,USA,Almond Choco,1/17/2022,3332,223
Ches Bonnell,India,Drinking Coco,1/17/2022,5467,203
Karlen McCaffrey,USA,Raspberry Choco,1/17/2022,4767,227
Barr Faughny,India,Manuka Honey Choco,1/17/2022,6664,318
Kaine Padly,India,99% Dark & Pure,1/17/2022,12383,539
Mallorie Waber,USA,Fruit & Nut Bars,1/17/2022,7427,531
Barr Faughny,UK,50% Dark Bites,1/17/2022,7105,274
Jan Morforth,India,Caramel Stuffed Bars,1/17/2022,4648,274
Dennison Crosswaite,India,Almond Choco,1/17/2022,3038,190
Husein Augar,New Zealand,Caramel Stuffed Bars,1/17/2022,4592,287
Dennison Crosswaite,India,70% Dark Bites,1/17/2022,3213,459
Gigi Bohling,UK,50% Dark Bites,1/17/2022,4046,150
Ches Bonnell,New Zealand,Choco Coated Almonds,1/17/2022,3479,290
Dennison Crosswaite,UK,Choco Coated Almonds,1/17/2022,8568,840
Dennison Crosswaite,UK,Organic Choco Syrup,1/17/2022,9009,392
Madelene Upcott,USA,Caramel Stuffed Bars,1/17/2022,21,2
Roddy Speechley,Australia,Milk Bars,1/17/2022,19950,1260
Dennison Crosswaite,India,Drinking Coco,1/17/2022,9625,357
Oby Sorrel,USA,50% Dark Bites,1/17/2022,7168,276
Gunar Cockshoot,New Zealand,Almond Choco,1/17/2022,2170,145
Roddy Speechley,USA,Raspberry Choco,1/17/2022,4564,208
Brien Boise,Canada,99% Dark & Pure,1/17/2022,3927,171
Andria Kimpton,India,Almond Choco,1/17/2022,6573,470
Andria Kimpton,New Zealand,Manuka Honey Choco,1/18/2022,476,23
Mallorie Waber,Canada,White Choc,1/18/2022,1715,132
Gigi Bohling,Australia,70% Dark Bites,1/18/2022,13608,1540
Roddy Speechley,New Zealand,Baker's Choco Chips,1/18/2022,1141,52
Barr Faughny,UK,Caramel Stuffed Bars,1/18/2022,2107,124
Beverie Moffet,UK,Smooth Sliky Salty,1/18/2022,5124,840
Jan Morforth,India,Raspberry Choco,1/18/2022,5761,262
Barr Faughny,New Zealand,Almond Choco,1/18/2022,9569,684
Karlen McCaffrey,UK,Fruit & Nut Bars,1/18/2022,1680,105
Barr Faughny,India,Drinking Coco,1/18/2022,1358,51
Roddy Speechley,India,After Nines,1/18/2022,12572,699
Brien Boise,Canada,Orange Choco,1/18/2022,10157,508
Madelene Upcott,UK,Choco Coated Almonds,1/18/2022,11711,1050
Rafaelita Blaksland,India,Milk Bars,1/19/2022,3493,233
Beverie Moffet,Canada,Almond Choco,1/19/2022,1218,82
Van Tuxwell,Australia,Drinking Coco,1/19/2022,532,20
Kelci Walkden,Canada,Mint Chip Choco,1/19/2022,651,51
Curtice Advani,UK,Peanut Butter Cubes,1/19/2022,9121,537
Curtice Advani,Australia,Almond Choco,1/19/2022,3185,213
Barr Faughny,Australia,Baker's Choco Chips,1/19/2022,1841,77
Jehu Rudeforth,USA,Drinking Coco,1/19/2022,11046,410
Roddy Speechley,UK,50% Dark Bites,1/19/2022,11802,454
Karlen McCaffrey,USA,Spicy Special Slims,1/19/2022,3941,395
Madelene Upcott,India,Milk Bars,1/19/2022,1001,59
Marney O'Breen,UK,Milk Bars,1/19/2022,10129,676
Madelene Upcott,UK,Orange Choco,1/19/2022,7210,361
Oby Sorrel,USA,Mint Chip Choco,1/19/2022,2933,210
Kelci Walkden,USA,Orange Choco,1/19/2022,7217,401
Wilone O'Kielt,Australia,Mint Chip Choco,1/19/2022,8813,678
Andria Kimpton,New Zealand,70% Dark Bites,1/19/2022,1729,247
Curtice Advani,UK,70% Dark Bites,1/19/2022,483,61
Gigi Bohling,Australia,Orange Choco,1/19/2022,13398,700
Oby Sorrel,New Zealand,85% Dark Bars,1/19/2022,2044,103
Barr Faughny,New Zealand,Mint Chip Choco,1/19/2022,6797,523
Marney O'Breen,Australia,White Choc,1/19/2022,9016,840
Camilla Castle,Canada,Baker's Choco Chips,1/19/2022,2527,110
Jehu Rudeforth,India,Fruit & Nut Bars,1/19/2022,5544,396
Kaine Padly,UK,Drinking Coco,1/19/2022,658,26
Jehu Rudeforth,New Zealand,Orange Choco,1/19/2022,3059,170
Kaine Padly,UK,Peanut Butter Cubes,1/19/2022,1813,107
Barr Faughny,Canada,99% Dark & Pure,1/19/2022,9856,429
Barr Faughny,Australia,Almond Choco,1/19/2022,10696,700
Kelci Walkden,UK,Almond Choco,1/19/2022,931,63
Curtice Advani,UK,Baker's Choco Chips,1/20/2022,1330,58
Madelene Upcott,Australia,Eclairs,1/20/2022,3878,554
Roddy Speechley,UK,Milk Bars,1/20/2022,1904,119
Van Tuxwell,New Zealand,85% Dark Bars,1/20/2022,1603,90
Brien Boise,UK,Mint Chip Choco,1/20/2022,15638,1330
Dotty Strutley,India,Peanut Butter Cubes,1/20/2022,7595,447
Karlen McCaffrey,India,Milk Bars,1/20/2022,5075,339
Camilla Castle,India,Smooth Sliky Salty,1/20/2022,707,89
Madelene Upcott,Australia,Orange Choco,1/20/2022,4809,241
Dotty Strutley,New Zealand,Fruit & Nut Bars,1/20/2022,5775,361
Husein Augar,New Zealand,Drinking Coco,1/20/2022,4858,180
Barr Faughny,UK,85% Dark Bars,1/20/2022,4753,251
Roddy Speechley,New Zealand,Orange Choco,1/20/2022,3416,171
Oby Sorrel,UK,Smooth Sliky Salty,1/20/2022,3374,563
Andria Kimpton,Australia,Smooth Sliky Salty,1/20/2022,6972,980
Van Tuxwell,UK,85% Dark Bars,1/20/2022,1022,57
Van Tuxwell,New Zealand,Caramel Stuffed Bars,1/20/2022,1519,90
Husein Augar,Australia,Choco Coated Almonds,1/20/2022,11284,1120
Ches Bonnell,USA,Drinking Coco,1/20/2022,12348,494
Dennison Crosswaite,Australia,Mint Chip Choco,1/20/2022,4053,338
Wilone O'Kielt,Canada,70% Dark Bites,1/20/2022,1484,186
Dotty Strutley,USA,After Nines,1/20/2022,1407,83
Mallorie Waber,New Zealand,50% Dark Bites,1/20/2022,8274,319
Mallorie Waber,USA,Raspberry Choco,1/20/2022,10626,532
Van Tuxwell,Canada,Raspberry Choco,1/20/2022,13951,698
Husein Augar,Australia,Smooth Sliky Salty,1/20/2022,4641,663
Jan Morforth,India,70% Dark Bites,1/20/2022,7175,1050
Roddy Speechley,Australia,Drinking Coco,1/21/2022,5747,222
Camilla Castle,USA,Eclairs,1/21/2022,3325,416
Brien Boise,USA,Fruit & Nut Bars,1/21/2022,3752,235
Roddy Speechley,New Zealand,99% Dark & Pure,1/21/2022,3787,165
Kaine Padly,Australia,Orange Choco,1/21/2022,4277,238
Ches Bonnell,New Zealand,Organic Choco Syrup,1/21/2022,3626,158
Andria Kimpton,USA,Fruit & Nut Bars,1/21/2022,5789,362
Kaine Padly,Canada,Drinking Coco,1/21/2022,14217,527
Roddy Speechley,India,Orange Choco,1/21/2022,532,27
Dotty Strutley,Australia,Fruit & Nut Bars,1/21/2022,707,48
Marney O'Breen,India,Almond Choco,1/21/2022,10136,676
Rafaelita Blaksland,UK,85% Dark Bars,1/24/2022,819,41
Gigi Bohling,UK,White Choc,1/24/2022,6216,518
Gigi Bohling,New Zealand,White Choc,1/24/2022,1400,117
Gunar Cockshoot,Canada,White Choc,1/24/2022,2016,168
Ches Bonnell,India,Baker's Choco Chips,1/24/2022,2114,92
Wilone O'Kielt,Australia,Orange Choco,1/24/2022,10087,561
Madelene Upcott,New Zealand,Drinking Coco,1/24/2022,6909,256
Dotty Strutley,Australia,Peanut Butter Cubes,1/24/2022,497,28
Ches Bonnell,UK,Smooth Sliky Salty,1/24/2022,4466,559
Brien Boise,Canada,50% Dark Bites,1/24/2022,2772,111
Mallorie Waber,Canada,Smooth Sliky Salty,1/24/2022,4732,592
Karlen McCaffrey,Canada,Drinking Coco,1/24/2022,791,32
Jehu Rudeforth,USA,White Choc,1/24/2022,20181,1680
Kelci Walkden,India,Caramel Stuffed Bars,1/24/2022,2702,169
Kelci Walkden,USA,Spicy Special Slims,1/24/2022,994,125
Oby Sorrel,India,Caramel Stuffed Bars,1/24/2022,6762,398
Gunar Cockshoot,New Zealand,After Nines,1/24/2022,13874,840
Dotty Strutley,New Zealand,99% Dark & Pure,1/24/2022,4557,190
Rafaelita Blaksland,USA,Peanut Butter Cubes,1/24/2022,9898,550
Husein Augar,New Zealand,70% Dark Bites,1/25/2022,4284,476
Andria Kimpton,Australia,70% Dark Bites,1/25/2022,4473,497
Jehu Rudeforth,India,Caramel Stuffed Bars,1/25/2022,1666,98
Karlen McCaffrey,Australia,After Nines,1/25/2022,7049,441
Beverie Moffet,Australia,Smooth Sliky Salty,1/25/2022,4879,610
Curtice Advani,Canada,After Nines,1/25/2022,301,19
Gigi Bohling,New Zealand,Peanut Butter Cubes,1/25/2022,10801,636
Roddy Speechley,USA,Orange Choco,1/25/2022,1967,99
Dotty Strutley,New Zealand,70% Dark Bites,1/25/2022,4809,535
Gunar Cockshoot,India,Peanut Butter Cubes,1/25/2022,3451,203
Husein Augar,New Zealand,Milk Bars,1/25/2022,4186,247
Dennison Crosswaite,Australia,Drinking Coco,1/25/2022,14,1
Madelene Upcott,Canada,Manuka Honey Choco,1/25/2022,5649,257
Curtice Advani,New Zealand,Caramel Stuffed Bars,1/25/2022,4396,294
Camilla Castle,New Zealand,After Nines,1/25/2022,4669,260
Wilone O'Kielt,New Zealand,Fruit & Nut Bars,1/25/2022,9772,611
Karlen McCaffrey,Canada,Milk Bars,1/25/2022,308,19
Brien Boise,New Zealand,50% Dark Bites,1/25/2022,9380,348
Husein Augar,India,Orange Choco,1/25/2022,5999,316
Husein Augar,Australia,Fruit & Nut Bars,1/25/2022,826,56
Kelci Walkden,Canada,Caramel Stuffed Bars,1/25/2022,3255,217
Karlen McCaffrey,India,Almond Choco,1/25/2022,3500,234
Curtice Advani,USA,99% Dark & Pure,1/25/2022,19061,770
Jehu Rudeforth,UK,Spicy Special Slims,1/25/2022,15183,1680
Jan Morforth,UK,White Choc,1/25/2022,4865,375
Beverie Moffet,USA,Spicy Special Slims,1/25/2022,1512,189
Gunar Cockshoot,Australia,50% Dark Bites,1/26/2022,5789,215
Gunar Cockshoot,India,99% Dark & Pure,1/26/2022,2310,97
Rafaelita Blaksland,Canada,Organic Choco Syrup,1/26/2022,13069,595
Kelci Walkden,New Zealand,Spicy Special Slims,1/26/2022,10066,980
Kaine Padly,New Zealand,70% Dark Bites,1/26/2022,1428,159
Dennison Crosswaite,New Zealand,Drinking Coco,1/26/2022,5999,240
Kaine Padly,New Zealand,Spicy Special Slims,1/26/2022,7434,770
Dennison Crosswaite,India,After Nines,1/26/2022,63,4
Beverie Moffet,Canada,Peanut Butter Cubes,1/26/2022,15953,910
Beverie Moffet,New Zealand,Spicy Special Slims,1/26/2022,1918,214
Dennison Crosswaite,New Zealand,Spicy Special Slims,1/26/2022,392,40
Curtice Advani,India,Orange Choco,1/26/2022,16121,910
Camilla Castle,UK,Drinking Coco,1/26/2022,7630,294
Wilone O'Kielt,New Zealand,After Nines,1/26/2022,4319,255
Jan Morforth,Canada,Manuka Honey Choco,1/26/2022,5530,241
Dennison Crosswaite,USA,Smooth Sliky Salty,1/26/2022,1596,266
Mallorie Waber,New Zealand,Fruit & Nut Bars,1/26/2022,1855,116
Ches Bonnell,India,Choco Coated Almonds,1/26/2022,8092,675
Camilla Castle,Australia,Milk Bars,1/26/2022,10094,673
Andria Kimpton,India,Organic Choco Syrup,1/26/2022,3815,159
Karlen McCaffrey,USA,Choco Coated Almonds,1/26/2022,18536,1540
Gunar Cockshoot,USA,Orange Choco,1/26/2022,4319,216
Karlen McCaffrey,Canada,70% Dark Bites,1/26/2022,56,7
Mallorie Waber,USA,Smooth Sliky Salty,1/26/2022,9107,1540
Camilla Castle,UK,Raspberry Choco,1/26/2022,1127,52
Barr Faughny,Australia,50% Dark Bites,1/26/2022,3171,118
Wilone O'Kielt,India,After Nines,1/26/2022,3787,211
Roddy Speechley,New Zealand,Organic Choco Syrup,1/26/2022,3374,141
Jehu Rudeforth,India,Spicy Special Slims,1/26/2022,5222,653
Rafaelita Blaksland,USA,Orange Choco,1/26/2022,11683,650
Beverie Moffet,New Zealand,99% Dark & Pure,1/26/2022,6664,278
Andria Kimpton,Canada,Baker's Choco Chips,1/26/2022,10794,470
Jan Morforth,USA,Spicy Special Slims,1/26/2022,2954,296
Mallorie Waber,India,Fruit & Nut Bars,1/26/2022,1470,105
Husein Augar,India,Eclairs,1/26/2022,5649,840
Van Tuxwell,Canada,Fruit & Nut Bars,1/26/2022,4746,339
Brien Boise,New Zealand,Mint Chip Choco,1/26/2022,1736,124
Curtice Advani,UK,85% Dark Bars,1/26/2022,1225,62
Wilone O'Kielt,UK,Milk Bars,1/26/2022,7805,488
Jehu Rudeforth,UK,Milk Bars,1/26/2022,7889,494
Beverie Moffet,India,Smooth Sliky Salty,1/26/2022,5922,770
Marney O'Breen,USA,Drinking Coco,1/26/2022,4494,167
Kelci Walkden,Australia,Caramel Stuffed Bars,1/26/2022,4396,275
Ches Bonnell,New Zealand,Drinking Coco,1/26/2022,11627,466
Husein Augar,India,50% Dark Bites,1/26/2022,2863,107
Gunar Cockshoot,Australia,Smooth Sliky Salty,1/26/2022,7609,980
Barr Faughny,New Zealand,White Choc,1/26/2022,6104,509
Ches Bonnell,USA,Eclairs,1/26/2022,420,70
Barr Faughny,UK,Organic Choco Syrup,1/26/2022,1575,72
Rafaelita Blaksland,UK,Smooth Sliky Salty,1/26/2022,2639,377
Jan Morforth,Canada,Organic Choco Syrup,1/26/2022,19488,910
Mallorie Waber,New Zealand,Organic Choco Syrup,1/26/2022,14119,589
Jehu Rudeforth,New Zealand,Raspberry Choco,1/26/2022,973,49
Gigi Bohling,UK,Raspberry Choco,1/26/2022,13230,630
Dotty Strutley,USA,Raspberry Choco,1/26/2022,1687,77
Roddy Speechley,USA,50% Dark Bites,1/26/2022,8659,334
Beverie Moffet,UK,Mint Chip Choco,1/26/2022,6951,535
Madelene Upcott,Canada,White Choc,1/26/2022,2142,165
Jan Morforth,UK,Drinking Coco,1/26/2022,11536,444
Andria Kimpton,Canada,Spicy Special Slims,1/27/2022,3178,354
Gigi Bohling,UK,Manuka Honey Choco,1/27/2022,4970,217
Dennison Crosswaite,Canada,Organic Choco Syrup,1/27/2022,4606,210
Gigi Bohling,New Zealand,Smooth Sliky Salty,1/27/2022,6615,840
Curtice Advani,New Zealand,99% Dark & Pure,1/27/2022,3360,140
Beverie Moffet,India,After Nines,1/27/2022,2324,137
Jehu Rudeforth,UK,White Choc,1/27/2022,1771,161
Oby Sorrel,Australia,Mint Chip Choco,1/27/2022,11956,840
Curtice Advani,India,70% Dark Bites,1/27/2022,8239,910
Jehu Rudeforth,UK,Eclairs,1/27/2022,448,64
Ches Bonnell,New Zealand,Eclairs,1/27/2022,546,69
Kaine Padly,Canada,70% Dark Bites,1/27/2022,6867,770
Marney O'Breen,UK,99% Dark & Pure,1/27/2022,6328,288
Mallorie Waber,New Zealand,Choco Coated Almonds,1/27/2022,1330,133
Gunar Cockshoot,Australia,Eclairs,1/27/2022,1778,254
Kelci Walkden,Australia,Organic Choco Syrup,1/27/2022,4963,207
Gigi Bohling,Canada,Baker's Choco Chips,1/27/2022,11900,496
Jan Morforth,UK,Orange Choco,1/27/2022,12600,630
Curtice Advani,USA,Fruit & Nut Bars,1/27/2022,2772,185
Curtice Advani,USA,Organic Choco Syrup,1/27/2022,2940,123
Brien Boise,New Zealand,Organic Choco Syrup,1/27/2022,3311,144
Gigi Bohling,India,Milk Bars,1/27/2022,8015,472
Roddy Speechley,India,Organic Choco Syrup,1/27/2022,6076,265
Mallorie Waber,Australia,50% Dark Bites,1/27/2022,2002,75
Rafaelita Blaksland,USA,99% Dark & Pure,1/27/2022,1267,53
Madelene Upcott,USA,Milk Bars,1/28/2022,20048,1190
Van Tuxwell,Canada,Mint Chip Choco,1/28/2022,686,58
Curtice Advani,USA,Mint Chip Choco,1/28/2022,2212,158
Kelci Walkden,New Zealand,50% Dark Bites,1/28/2022,1533,62
Barr Faughny,UK,After Nines,1/28/2022,1414,84
Curtice Advani,UK,Mint Chip Choco,1/28/2022,42,3
Jehu Rudeforth,UK,After Nines,1/28/2022,12236,770
Kelci Walkden,Australia,85% Dark Bars,1/28/2022,3766,189
Kelci Walkden,Australia,Manuka Honey Choco,1/28/2022,2030,93
Andria Kimpton,India,Eclairs,1/28/2022,651,109
Rafaelita Blaksland,USA,White Choc,1/28/2022,3822,319
Gigi Bohling,UK,Eclairs,1/28/2022,420,53
Wilone O'Kielt,Australia,Peanut Butter Cubes,1/28/2022,3570,199
Dennison Crosswaite,Canada,Manuka Honey Choco,1/28/2022,17962,840
Mallorie Waber,Australia,85% Dark Bars,1/28/2022,5649,314
Curtice Advani,USA,Raspberry Choco,1/28/2022,1344,62
Camilla Castle,New Zealand,White Choc,1/28/2022,5341,411
Ches Bonnell,UK,After Nines,1/28/2022,168,10
Curtice Advani,India,Almond Choco,1/28/2022,17885,1120
Camilla Castle,New Zealand,Orange Choco,1/28/2022,10731,537
Kelci Walkden,USA,85% Dark Bars,1/28/2022,6748,338
Dennison Crosswaite,Canada,Eclairs,1/28/2022,2114,353
Kelci Walkden,USA,Mint Chip Choco,1/28/2022,12334,980
Ches Bonnell,India,Milk Bars,1/28/2022,2548,170
Dotty Strutley,Canada,99% Dark & Pure,1/28/2022,5348,233
Husein Augar,Canada,After Nines,1/28/2022,210,12
Mallorie Waber,Canada,Almond Choco,1/28/2022,13160,910
Kelci Walkden,New Zealand,Fruit & Nut Bars,1/28/2022,7658,547
Wilone O'Kielt,Canada,Drinking Coco,1/28/2022,6531,242
Kaine Padly,UK,Mint Chip Choco,1/28/2022,3213,268
Kelci Walkden,New Zealand,Manuka Honey Choco,1/28/2022,1708,82
Gigi Bohling,UK,Fruit & Nut Bars,1/28/2022,4627,290
Ches Bonnell,Australia,99% Dark & Pure,1/28/2022,1246,52
Andria Kimpton,India,50% Dark Bites,1/28/2022,10066,373
Roddy Speechley,India,Milk Bars,1/28/2022,4109,242
Kelci Walkden,Canada,Organic Choco Syrup,1/28/2022,4081,178
Marney O'Breen,Australia,Orange Choco,1/28/2022,1561,87
Jehu Rudeforth,India,Mint Chip Choco,1/28/2022,2366,182
Gigi Bohling,India,Orange Choco,1/28/2022,154,9
Marney O'Breen,New Zealand,Choco Coated Almonds,1/28/2022,4921,411
Marney O'Breen,USA,50% Dark Bites,1/28/2022,7483,300
Marney O'Breen,Canada,Mint Chip Choco,1/28/2022,10024,840
Gunar Cockshoot,USA,Milk Bars,1/28/2022,8078,539
Beverie Moffet,UK,Orange Choco,1/28/2022,3143,158
Ches Bonnell,UK,Choco Coated Almonds,1/28/2022,8568,770
Dennison Crosswaite,USA,Raspberry Choco,1/28/2022,16135,840
Wilone O'Kielt,New Zealand,Milk Bars,1/28/2022,6377,376
Barr Faughny,UK,Fruit & Nut Bars,1/28/2022,77,6
Husein Augar,New Zealand,Baker's Choco Chips,1/28/2022,5383,245
Curtice Advani,UK,Smooth Sliky Salty,1/28/2022,4515,645
Gigi Bohling,UK,Almond Choco,1/28/2022,7119,445
Gigi Bohling,Australia,Milk Bars,1/28/2022,4529,267
Barr Faughny,India,Mint Chip Choco,1/28/2022,11018,840
Roddy Speechley,UK,Mint Chip Choco,1/28/2022,1792,150
Gunar Cockshoot,India,Drinking Coco,1/28/2022,10983,440
Brien Boise,USA,White Choc,1/28/2022,2674,244
Husein Augar,Australia,Organic Choco Syrup,1/28/2022,3136,131
Mallorie Waber,UK,Milk Bars,1/28/2022,623,39
Brien Boise,Australia,Spicy Special Slims,1/28/2022,2345,294
Gigi Bohling,Australia,Caramel Stuffed Bars,1/28/2022,3031,190
Mallorie Waber,Australia,Organic Choco Syrup,1/28/2022,4046,169
Brien Boise,New Zealand,Peanut Butter Cubes,1/28/2022,6013,317
Curtice Advani,UK,Raspberry Choco,1/28/2022,3850,184
Brien Boise,New Zealand,99% Dark & Pure,1/28/2022,8106,338
Kaine Padly,UK,Orange Choco,1/28/2022,714,38
Rafaelita Blaksland,Canada,Milk Bars,1/28/2022,105,7
Roddy Speechley,UK,Manuka Honey Choco,1/28/2022,938,43
Oby Sorrel,New Zealand,50% Dark Bites,1/28/2022,5320,205
Mallorie Waber,New Zealand,Mint Chip Choco,1/28/2022,7784,649
Mallorie Waber,Canada,Spicy Special Slims,1/28/2022,644,81
Curtice Advani,Canada,Organic Choco Syrup,1/28/2022,12320,536
Oby Sorrel,India,Peanut Butter Cubes,1/31/2022,9989,526
Kaine Padly,Australia,50% Dark Bites,1/31/2022,5334,198
Husein Augar,UK,Eclairs,1/31/2022,7364,910
Husein Augar,Australia,Peanut Butter Cubes,1/31/2022,595,32
Wilone O'Kielt,USA,After Nines,1/31/2022,8330,521
Dotty Strutley,USA,99% Dark & Pure,2/1/2022,840,39
Jehu Rudeforth,UK,Caramel Stuffed Bars,2/1/2022,13454,1120
Mallorie Waber,New Zealand,Raspberry Choco,2/1/2022,3157,158
Curtice Advani,Australia,Caramel Stuffed Bars,2/1/2022,2261,162
Madelene Upcott,India,White Choc,2/1/2022,8764,516
Jehu Rudeforth,UK,Organic Choco Syrup,2/1/2022,5761,251
Marney O'Breen,USA,85% Dark Bars,2/1/2022,6097,266
Jehu Rudeforth,UK,85% Dark Bars,2/1/2022,5551,265
Van Tuxwell,India,Almond Choco,2/1/2022,4942,215
Madelene Upcott,Canada,Caramel Stuffed Bars,2/1/2022,12383,910
Oby Sorrel,New Zealand,Almond Choco,2/1/2022,1393,67
Jehu Rudeforth,New Zealand,Spicy Special Slims,2/1/2022,26138,1050
Andria Kimpton,Australia,50% Dark Bites,2/1/2022,9093,396
Camilla Castle,India,Peanut Butter Cubes,2/1/2022,13517,980
Oby Sorrel,Canada,99% Dark & Pure,2/1/2022,13391,609
Ches Bonnell,New Zealand,Milk Bars,2/1/2022,1253,126
Oby Sorrel,Australia,Spicy Special Slims,2/1/2022,6923,289
Camilla Castle,New Zealand,Drinking Coco,2/1/2022,10780,490
Dennison Crosswaite,Canada,Orange Choco,2/1/2022,1197,42
Curtice Advani,India,Orange Choco,2/1/2022,1512,61
Brien Boise,New Zealand,Eclairs,2/1/2022,4109,165
Gunar Cockshoot,India,Caramel Stuffed Bars,2/1/2022,12425,1260
Roddy Speechley,UK,Organic Choco Syrup,2/1/2022,6860,275
Curtice Advani,UK,Peanut Butter Cubes,2/1/2022,2695,193
Brien Boise,Canada,Organic Choco Syrup,2/1/2022,5726,261
Gunar Cockshoot,New Zealand,Mint Chip Choco,2/1/2022,10416,453
Beverie Moffet,India,Caramel Stuffed Bars,2/1/2022,2002,143
Madelene Upcott,USA,Choco Coated Almonds,2/1/2022,1330,84
Wilone O'Kielt,New Zealand,Almond Choco,2/1/2022,5901,281
Brien Boise,India,Milk Bars,2/1/2022,10220,1120
Dotty Strutley,Canada,Organic Choco Syrup,2/1/2022,10262,428
Kaine Padly,UK,After Nines,2/1/2022,4459,213
Rafaelita Blaksland,UK,99% Dark & Pure,2/1/2022,2387,100
Jehu Rudeforth,Canada,50% Dark Bites,2/1/2022,6748,270
Gigi Bohling,India,85% Dark Bars,2/1/2022,5852,293
Kaine Padly,USA,Milk Bars,2/2/2022,10157,1260
Jan Morforth,New Zealand,99% Dark & Pure,2/2/2022,5852,217
Andria Kimpton,UK,After Nines,2/2/2022,1974,117
Madelene Upcott,Canada,85% Dark Bars,2/2/2022,2163,99
Jehu Rudeforth,Australia,Peanut Butter Cubes,2/2/2022,5789,414
Barr Faughny,Canada,Raspberry Choco,2/2/2022,1274,51
Curtice Advani,Canada,Raspberry Choco,2/2/2022,8792,440
Curtice Advani,UK,Eclairs,2/2/2022,2422,101
Husein Augar,Australia,Eclairs,2/2/2022,3339,124
Ches Bonnell,USA,Orange Choco,2/2/2022,4452,159
Kaine Padly,New Zealand,Smooth Sliky Salty,2/2/2022,8904,330
Husein Augar,Australia,50% Dark Bites,2/2/2022,6412,306
Beverie Moffet,Australia,Smooth Sliky Salty,2/2/2022,2996,120
Brien Boise,UK,50% Dark Bites,2/2/2022,1729,73
Curtice Advani,USA,Smooth Sliky Salty,2/2/2022,8554,357
Andria Kimpton,UK,Raspberry Choco,2/2/2022,6790,272
Gigi Bohling,New Zealand,White Choc,2/2/2022,4172,261
Gunar Cockshoot,New Zealand,Orange Choco,2/2/2022,8666,310
Brien Boise,UK,Mint Chip Choco,2/2/2022,882,39
Andria Kimpton,Canada,70% Dark Bites,2/2/2022,10108,440
Dennison Crosswaite,Canada,Mint Chip Choco,2/3/2022,70,4
Camilla Castle,Canada,Spicy Special Slims,2/3/2022,1799,86
Curtice Advani,New Zealand,Almond Choco,2/3/2022,399,18
Gunar Cockshoot,India,Orange Choco,2/3/2022,10920,420
Mallorie Waber,UK,Almond Choco,2/3/2022,1148,53
Rafaelita Blaksland,Canada,Organic Choco Syrup,2/3/2022,1498,63
Roddy Speechley,India,Spicy Special Slims,2/3/2022,6279,252
Mallorie Waber,UK,Baker's Choco Chips,2/3/2022,4900,223
Wilone O'Kielt,New Zealand,Choco Coated Almonds,2/3/2022,2849,220
Marney O'Breen,UK,Caramel Stuffed Bars,2/3/2022,5621,402
Barr Faughny,India,Caramel Stuffed Bars,2/3/2022,6097,509
Gigi Bohling,USA,Orange Choco,2/3/2022,1442,49
Ches Bonnell,New Zealand,Almond Choco,2/3/2022,2954,119
Roddy Speechley,Australia,Raspberry Choco,2/3/2022,8841,443
Andria Kimpton,USA,Organic Choco Syrup,2/3/2022,3941,152
Oby Sorrel,UK,Milk Bars,2/3/2022,9079,1330
Beverie Moffet,Canada,Almond Choco,2/3/2022,1715,82
Andria Kimpton,Canada,After Nines,2/3/2022,266,15
Jan Morforth,Australia,70% Dark Bites,2/3/2022,1316,60
Madelene Upcott,India,Mint Chip Choco,2/3/2022,3948,180
Karlen McCaffrey,UK,Orange Choco,2/3/2022,77,3
Karlen McCaffrey,Australia,Fruit & Nut Bars,2/3/2022,4466,344
Van Tuxwell,New Zealand,Organic Choco Syrup,2/3/2022,4578,191
Mallorie Waber,UK,Mint Chip Choco,2/3/2022,966,38
Dotty Strutley,USA,70% Dark Bites,2/3/2022,539,29
Wilone O'Kielt,Canada,After Nines,2/3/2022,413,20
Oby Sorrel,Canada,Organic Choco Syrup,2/3/2022,217,10
Marney O'Breen,USA,Orange Choco,2/3/2022,10913,390
Karlen McCaffrey,India,Organic Choco Syrup,2/3/2022,714,27
Marney O'Breen,New Zealand,Drinking Coco,2/3/2022,8351,418
Andria Kimpton,Australia,Almond Choco,2/3/2022,6622,255
Dennison Crosswaite,Canada,Baker's Choco Chips,2/3/2022,637,32
Dennison Crosswaite,USA,Choco Coated Almonds,2/3/2022,7413,571
Kelci Walkden,India,99% Dark & Pure,2/3/2022,8666,377
Marney O'Breen,Canada,Drinking Coco,2/3/2022,4116,229
Kaine Padly,UK,White Choc,2/3/2022,5446,419
Roddy Speechley,UK,Drinking Coco,2/3/2022,2695,118
Husein Augar,UK,White Choc,2/3/2022,1897,136
Jehu Rudeforth,UK,Orange Choco,2/3/2022,8827,295
Dennison Crosswaite,UK,Smooth Sliky Salty,2/3/2022,2464,103
Oby Sorrel,USA,Choco Coated Almonds,2/3/2022,1869,170
Dotty Strutley,India,99% Dark & Pure,2/3/2022,924,37
Ches Bonnell,UK,After Nines,2/3/2022,6916,364
Oby Sorrel,New Zealand,Eclairs,2/3/2022,4200,183
Karlen McCaffrey,India,99% Dark & Pure,2/4/2022,3990,167
Brien Boise,New Zealand,After Nines,2/4/2022,3157,186
Madelene Upcott,UK,Milk Bars,2/4/2022,2331,212
Gigi Bohling,New Zealand,Mint Chip Choco,2/4/2022,2702,109
Dotty Strutley,Canada,Baker's Choco Chips,2/4/2022,1638,87
Dotty Strutley,Australia,After Nines,2/4/2022,6657,317
Husein Augar,Canada,Organic Choco Syrup,2/4/2022,11816,538
Rafaelita Blaksland,New Zealand,Baker's Choco Chips,2/4/2022,13496,614
Marney O'Breen,Australia,Caramel Stuffed Bars,2/4/2022,21882,1960
Kaine Padly,Australia,White Choc,2/4/2022,413,25
Mallorie Waber,UK,Drinking Coco,2/4/2022,6825,360
Jan Morforth,Australia,Eclairs,2/4/2022,3143,143
Barr Faughny,India,Almond Choco,2/4/2022,7658,365
Gunar Cockshoot,India,Almond Choco,2/4/2022,6867,299
Oby Sorrel,USA,85% Dark Bars,2/4/2022,1974,94
Curtice Advani,USA,Spicy Special Slims,2/4/2022,4095,179
Mallorie Waber,UK,White Choc,2/4/2022,5383,385
Mallorie Waber,Australia,85% Dark Bars,2/4/2022,819,35
Beverie Moffet,UK,70% Dark Bites,2/4/2022,420,18
Kelci Walkden,India,85% Dark Bars,2/4/2022,8330,417
Jan Morforth,India,Baker's Choco Chips,2/4/2022,1953,115
Marney O'Breen,Australia,Smooth Sliky Salty,2/4/2022,12530,482
Kelci Walkden,UK,Smooth Sliky Salty,2/4/2022,7889,304
Beverie Moffet,USA,99% Dark & Pure,2/4/2022,5572,215
Kelci Walkden,USA,85% Dark Bars,2/4/2022,8624,360
Van Tuxwell,Canada,Mint Chip Choco,2/7/2022,8463,326
Gigi Bohling,Canada,Milk Bars,2/7/2022,4102,513
Jan Morforth,Canada,Smooth Sliky Salty,2/7/2022,7322,253
Gigi Bohling,India,Mint Chip Choco,2/7/2022,2163,84
Mallorie Waber,USA,Mint Chip Choco,2/7/2022,1834,84
Oby Sorrel,Canada,Caramel Stuffed Bars,2/7/2022,3493,233
Camilla Castle,New Zealand,99% Dark & Pure,2/7/2022,4130,180
Jan Morforth,UK,Mint Chip Choco,2/7/2022,15449,595
Dennison Crosswaite,USA,99% Dark & Pure,2/7/2022,9807,409
Camilla Castle,UK,Drinking Coco,2/7/2022,2114,97
Wilone O'Kielt,New Zealand,After Nines,2/7/2022,3675,230
Wilone O'Kielt,Australia,Manuka Honey Choco,2/7/2022,9345,492
Wilone O'Kielt,Australia,Drinking Coco,2/7/2022,378,19
Camilla Castle,New Zealand,Eclairs,2/7/2022,5656,227
Van Tuxwell,Australia,Raspberry Choco,2/7/2022,11669,556
Andria Kimpton,India,70% Dark Bites,2/7/2022,2569,112
Jan Morforth,Canada,Baker's Choco Chips,2/7/2022,476,23
Andria Kimpton,New Zealand,Organic Choco Syrup,2/7/2022,3479,129
Husein Augar,USA,Smooth Sliky Salty,2/8/2022,10430,435
Ches Bonnell,UK,Orange Choco,2/8/2022,1274,51
Rafaelita Blaksland,Australia,After Nines,2/8/2022,2506,157
Gunar Cockshoot,Australia,50% Dark Bites,2/8/2022,2149,94
Rafaelita Blaksland,New Zealand,70% Dark Bites,2/8/2022,2884,138
Kaine Padly,Australia,Spicy Special Slims,2/8/2022,602,26
Roddy Speechley,Canada,Milk Bars,2/8/2022,12894,1190
Roddy Speechley,Canada,Choco Coated Almonds,2/8/2022,1372,106
Gunar Cockshoot,New Zealand,Choco Coated Almonds,2/8/2022,2254,161
Barr Faughny,Australia,Milk Bars,2/8/2022,7546,1050
Gunar Cockshoot,New Zealand,Manuka Honey Choco,2/8/2022,3262,142
Andria Kimpton,Australia,70% Dark Bites,2/8/2022,9247,403
Barr Faughny,Canada,50% Dark Bites,2/8/2022,6202,296
Oby Sorrel,UK,Orange Choco,2/8/2022,5145,178
Jehu Rudeforth,Canada,Peanut Butter Cubes,2/8/2022,8862,682
Kelci Walkden,Australia,Spicy Special Slims,2/8/2022,7238,302
Curtice Advani,USA,Drinking Coco,2/8/2022,217,10
Ches Bonnell,UK,85% Dark Bars,2/8/2022,1043,42
Kelci Walkden,Australia,85% Dark Bars,2/8/2022,5495,275
Beverie Moffet,New Zealand,Baker's Choco Chips,2/8/2022,1792,82
Jan Morforth,New Zealand,Mint Chip Choco,2/8/2022,1113,43
Rafaelita Blaksland,Australia,White Choc,2/8/2022,12894,770
Beverie Moffet,New Zealand,Spicy Special Slims,2/8/2022,8281,377
Madelene Upcott,Canada,Drinking Coco,2/8/2022,14028,610
Husein Augar,USA,Eclairs,2/8/2022,7126,264
Barr Faughny,USA,After Nines,2/8/2022,2828,167
Beverie Moffet,India,Fruit & Nut Bars,2/8/2022,1904,136
Andria Kimpton,Australia,Mint Chip Choco,2/8/2022,13475,586
Roddy Speechley,New Zealand,Milk Bars,2/8/2022,5453,770
Mallorie Waber,India,Choco Coated Almonds,2/8/2022,1386,87
Karlen McCaffrey,New Zealand,Raspberry Choco,2/8/2022,5971,272
Madelene Upcott,India,Eclairs,2/8/2022,3640,152
Gunar Cockshoot,New Zealand,Baker's Choco Chips,2/8/2022,567,30
Jan Morforth,Australia,50% Dark Bites,2/8/2022,4823,210
Gigi Bohling,Canada,Eclairs,2/8/2022,8841,341
Roddy Speechley,Canada,Spicy Special Slims,2/8/2022,7189,327
Dennison Crosswaite,USA,Orange Choco,2/8/2022,2695,104
Husein Augar,UK,85% Dark Bars,2/8/2022,2072,104
Dotty Strutley,UK,Choco Coated Almonds,2/8/2022,3304,301
Camilla Castle,UK,Fruit & Nut Bars,2/8/2022,2387,199
Rafaelita Blaksland,Canada,Almond Choco,2/8/2022,2499,100
Curtice Advani,Canada,After Nines,2/8/2022,1162,59
Van Tuxwell,USA,Fruit & Nut Bars,2/8/2022,2373,198
Oby Sorrel,Australia,After Nines,2/8/2022,8421,444
Dennison Crosswaite,Canada,Peanut Butter Cubes,2/8/2022,2807,234
Camilla Castle,UK,Orange Choco,2/8/2022,448,16
Dennison Crosswaite,India,Organic Choco Syrup,2/8/2022,9436,378
Beverie Moffet,UK,Almond Choco,2/8/2022,140,7
Gunar Cockshoot,Australia,Fruit & Nut Bars,2/8/2022,49,3
Wilone O'Kielt,Australia,Spicy Special Slims,2/8/2022,16121,672
Mallorie Waber,India,Spicy Special Slims,2/8/2022,8246,330
Brien Boise,USA,Peanut Butter Cubes,2/8/2022,3157,211
Curtice Advani,Australia,70% Dark Bites,2/8/2022,2163,109
Roddy Speechley,Australia,Caramel Stuffed Bars,2/8/2022,5509,501
Jehu Rudeforth,Australia,Eclairs,2/8/2022,10535,479
Oby Sorrel,India,White Choc,2/8/2022,1869,156
Gigi Bohling,USA,99% Dark & Pure,2/8/2022,7329,306
Van Tuxwell,Canada,Smooth Sliky Salty,2/8/2022,392,15
Mallorie Waber,Canada,Drinking Coco,2/8/2022,3647,166
Jan Morforth,Australia,Baker's Choco Chips,2/8/2022,2366,140
Barr Faughny,Australia,Raspberry Choco,2/8/2022,7056,321
Kaine Padly,Canada,99% Dark & Pure,2/8/2022,6363,266
Jehu Rudeforth,New Zealand,Choco Coated Almonds,2/8/2022,1463,92
Camilla Castle,Canada,70% Dark Bites,2/9/2022,7413,391
Madelene Upcott,USA,Milk Bars,2/9/2022,7700,700
Kelci Walkden,Canada,Raspberry Choco,2/9/2022,9268,403
Curtice Advani,Canada,Mint Chip Choco,2/9/2022,805,30
Roddy Speechley,UK,Baker's Choco Chips,2/9/2022,9989,476
Ches Bonnell,USA,Smooth Sliky Salty,2/9/2022,5187,179
Van Tuxwell,New Zealand,Peanut Butter Cubes,2/9/2022,11795,840
Marney O'Breen,Australia,85% Dark Bars,2/9/2022,7924,317
Oby Sorrel,New Zealand,Peanut Butter Cubes,2/9/2022,1239,104
Camilla Castle,Australia,Choco Coated Almonds,2/9/2022,2121,152
Gigi Bohling,UK,After Nines,2/9/2022,12537,597
Jehu Rudeforth,India,Caramel Stuffed Bars,2/9/2022,6853,528
Brien Boise,USA,Eclairs,2/9/2022,10101,421
Brien Boise,USA,After Nines,2/9/2022,3787,181
Madelene Upcott,Canada,Spicy Special Slims,2/9/2022,8113,313
Husein Augar,New Zealand,Mint Chip Choco,2/9/2022,6573,253
Gunar Cockshoot,Canada,Caramel Stuffed Bars,2/9/2022,11424,770
Mallorie Waber,Canada,White Choc,2/9/2022,6699,479
Jehu Rudeforth,Canada,After Nines,2/9/2022,10479,524
Mallorie Waber,USA,Choco Coated Almonds,2/9/2022,13937,980
Kelci Walkden,India,Peanut Butter Cubes,2/9/2022,2730,182
Gigi Bohling,Australia,70% Dark Bites,2/9/2022,8890,405
Camilla Castle,Canada,99% Dark & Pure,2/9/2022,10759,414
Madelene Upcott,USA,Peanut Butter Cubes,2/9/2022,3976,284
Jan Morforth,Canada,Manuka Honey Choco,2/9/2022,6552,328
Jehu Rudeforth,Australia,Almond Choco,2/9/2022,6937,316
Van Tuxwell,USA,85% Dark Bars,2/9/2022,1344,62
Kaine Padly,Canada,50% Dark Bites,2/9/2022,3080,129
Rafaelita Blaksland,India,Spicy Special Slims,2/9/2022,364,15
Mallorie Waber,India,70% Dark Bites,2/9/2022,2590,118
Jehu Rudeforth,India,Almond Choco,2/9/2022,1190,52
Kelci Walkden,Australia,White Choc,2/9/2022,7756,597
Curtice Advani,Australia,Fruit & Nut Bars,2/9/2022,8477,700
Gigi Bohling,UK,White Choc,2/9/2022,9982,770
Rafaelita Blaksland,Australia,Manuka Honey Choco,2/9/2022,9107,380
Rafaelita Blaksland,India,Eclairs,2/9/2022,5327,214
Curtice Advani,India,Almond Choco,2/9/2022,2842,114
Karlen McCaffrey,India,Eclairs,2/9/2022,17360,770
Wilone O'Kielt,Australia,99% Dark & Pure,2/9/2022,5439,237
Jan Morforth,UK,Choco Coated Almonds,2/9/2022,3024,216
Dotty Strutley,Australia,50% Dark Bites,2/9/2022,13230,552
Husein Augar,New Zealand,Fruit & Nut Bars,2/9/2022,10304,607
Ches Bonnell,USA,Spicy Special Slims,2/9/2022,10752,414
Marney O'Breen,Canada,Caramel Stuffed Bars,2/9/2022,4361,312
Madelene Upcott,India,Fruit & Nut Bars,2/9/2022,13636,910
Wilone O'Kielt,New Zealand,85% Dark Bars,2/9/2022,679,33
Oby Sorrel,India,Orange Choco,2/9/2022,441,15
Karlen McCaffrey,UK,Milk Bars,2/10/2022,3332,303
Barr Faughny,USA,70% Dark Bites,2/10/2022,1533,73
Husein Augar,New Zealand,70% Dark Bites,2/10/2022,4543,207
Kelci Walkden,USA,99% Dark & Pure,2/10/2022,9415,410
Barr Faughny,UK,70% Dark Bites,2/10/2022,238,12
Marney O'Breen,New Zealand,85% Dark Bars,2/10/2022,2849,119
Kaine Padly,New Zealand,70% Dark Bites,2/10/2022,6615,288
Rafaelita Blaksland,Australia,Caramel Stuffed Bars,2/10/2022,7854,561
Roddy Speechley,New Zealand,Drinking Coco,2/10/2022,2198,123
Gigi Bohling,New Zealand,Drinking Coco,2/10/2022,329,17
Jehu Rudeforth,India,White Choc,2/10/2022,1176,70
Husein Augar,Canada,Manuka Honey Choco,2/10/2022,742,34
Ches Bonnell,India,99% Dark & Pure,2/10/2022,9611,437
Roddy Speechley,USA,Fruit & Nut Bars,2/10/2022,3913,245
Oby Sorrel,USA,Manuka Honey Choco,2/10/2022,5313,253
Karlen McCaffrey,Australia,99% Dark & Pure,2/10/2022,13846,513
Brien Boise,Australia,Baker's Choco Chips,2/10/2022,4095,228
Dotty Strutley,Canada,Drinking Coco,2/10/2022,2198,110
Roddy Speechley,Australia,70% Dark Bites,2/10/2022,13307,555
Gunar Cockshoot,India,Mint Chip Choco,2/10/2022,8799,383
Barr Faughny,USA,85% Dark Bars,2/10/2022,1057,46
Mallorie Waber,USA,After Nines,2/10/2022,3584,180
Kelci Walkden,Australia,Almond Choco,2/10/2022,7917,377
Ches Bonnell,USA,Milk Bars,2/10/2022,28,3
Camilla Castle,Australia,Baker's Choco Chips,2/10/2022,14665,840
Gunar Cockshoot,Canada,Mint Chip Choco,2/10/2022,1939,85
Kelci Walkden,Australia,After Nines,2/10/2022,3150,175
Gunar Cockshoot,New Zealand,Peanut Butter Cubes,2/10/2022,16716,1190
Curtice Advani,India,Smooth Sliky Salty,2/10/2022,11333,473
Barr Faughny,Australia,Drinking Coco,2/11/2022,5964,332
Wilone O'Kielt,India,Almond Choco,2/11/2022,12761,608
Madelene Upcott,USA,Eclairs,2/11/2022,1652,72
Barr Faughny,UK,Milk Bars,2/11/2022,18179,1540
Kaine Padly,New Zealand,Manuka Honey Choco,2/11/2022,6090,321
Wilone O'Kielt,Canada,85% Dark Bars,2/11/2022,1162,59
Van Tuxwell,India,Fruit & Nut Bars,2/11/2022,11067,651
Gunar Cockshoot,India,99% Dark & Pure,2/11/2022,5719,239
Gunar Cockshoot,New Zealand,50% Dark Bites,2/11/2022,462,18
Andria Kimpton,India,Drinking Coco,2/11/2022,8232,392
Rafaelita Blaksland,Australia,Orange Choco,2/11/2022,12446,498
Andria Kimpton,New Zealand,Manuka Honey Choco,2/11/2022,4613,201
Jan Morforth,India,Drinking Coco,2/11/2022,12943,617
Dotty Strutley,India,Baker's Choco Chips,2/11/2022,5691,271
Gunar Cockshoot,Australia,Mint Chip Choco,2/11/2022,9947,383
Kelci Walkden,Australia,Manuka Honey Choco,2/11/2022,2499,119
Andria Kimpton,USA,70% Dark Bites,2/11/2022,8519,388
Kaine Padly,New Zealand,99% Dark & Pure,2/11/2022,10500,420
Jehu Rudeforth,UK,Almond Choco,2/11/2022,8694,335
Camilla Castle,USA,Mint Chip Choco,2/11/2022,462,20
Dennison Crosswaite,UK,50% Dark Bites,2/11/2022,2807,134
Husein Augar,UK,Baker's Choco Chips,2/11/2022,1239,62
Oby Sorrel,India,Manuka Honey Choco,2/11/2022,3129,137
Gigi Bohling,New Zealand,Almond Choco,2/11/2022,2604,124
Wilone O'Kielt,Australia,Peanut Butter Cubes,2/11/2022,2121,177
Oby Sorrel,India,Peanut Butter Cubes,2/11/2022,3136,314
Gunar Cockshoot,New Zealand,White Choc,2/11/2022,4669,312
Ches Bonnell,UK,Peanut Butter Cubes,2/11/2022,4424,341
Marney O'Breen,Canada,Smooth Sliky Salty,2/11/2022,8743,365
Gigi Bohling,New Zealand,After Nines,2/11/2022,8253,486
Oby Sorrel,Canada,Milk Bars,2/11/2022,770,86
Van Tuxwell,India,After Nines,2/11/2022,994,56
Roddy Speechley,USA,Choco Coated Almonds,2/11/2022,12096,840
Camilla Castle,Canada,Manuka Honey Choco,2/11/2022,11151,531
Curtice Advani,USA,Raspberry Choco,2/11/2022,6874,313
Jehu Rudeforth,Australia,White Choc,2/11/2022,3444,216
Dennison Crosswaite,India,Mint Chip Choco,2/11/2022,7406,322
Ches Bonnell,Australia,White Choc,2/11/2022,6986,499
Gigi Bohling,UK,Manuka Honey Choco,2/11/2022,10591,505
Dennison Crosswaite,Australia,Choco Coated Almonds,2/11/2022,15757,1120
Barr Faughny,India,70% Dark Bites,2/11/2022,4032,213
Beverie Moffet,India,Manuka Honey Choco,2/11/2022,6867,287
Beverie Moffet,Australia,Fruit & Nut Bars,2/11/2022,3654,215
Marney O'Breen,New Zealand,Smooth Sliky Salty,2/11/2022,11277,403
Kaine Padly,Australia,50% Dark Bites,2/11/2022,2478,96
Karlen McCaffrey,New Zealand,85% Dark Bars,2/11/2022,5614,234
Marney O'Breen,India,Fruit & Nut Bars,2/14/2022,147,10
Camilla Castle,India,Mint Chip Choco,2/14/2022,10584,482
Jehu Rudeforth,UK,Manuka Honey Choco,2/14/2022,6993,292
Brien Boise,Australia,Almond Choco,2/14/2022,7203,343
Camilla Castle,USA,White Choc,2/14/2022,819,59
Ches Bonnell,New Zealand,Peanut Butter Cubes,2/14/2022,9422,840
Curtice Advani,USA,Peanut Butter Cubes,2/14/2022,8778,910
Wilone O'Kielt,New Zealand,Manuka Honey Choco,2/14/2022,1589,67
Gigi Bohling,UK,Milk Bars,2/14/2022,1204,121
Wilone O'Kielt,India,Spicy Special Slims,2/14/2022,728,35
Jan Morforth,New Zealand,Organic Choco Syrup,2/14/2022,9940,383
Jan Morforth,India,Peanut Butter Cubes,2/14/2022,1953,131
Jehu Rudeforth,India,Milk Bars,2/14/2022,13167,1330
Rafaelita Blaksland,India,Milk Bars,2/14/2022,7518,770
Beverie Moffet,India,Drinking Coco,2/14/2022,5159,272
Barr Faughny,UK,After Nines,2/14/2022,6076,320
Van Tuxwell,Australia,Caramel Stuffed Bars,2/14/2022,5978,598
Rafaelita Blaksland,India,Peanut Butter Cubes,2/14/2022,7455,533
Jehu Rudeforth,UK,After Nines,2/14/2022,693,33
Oby Sorrel,Canada,70% Dark Bites,2/14/2022,1925,84
Jan Morforth,India,Fruit & Nut Bars,2/14/2022,966,61
Jehu Rudeforth,New Zealand,Manuka Honey Choco,2/14/2022,8960,427
Karlen McCaffrey,Australia,Raspberry Choco,2/14/2022,10276,468
Kelci Walkden,India,Organic Choco Syrup,2/14/2022,7329,319
Camilla Castle,Canada,Organic Choco Syrup,2/14/2022,3185,145
Oby Sorrel,UK,Eclairs,2/14/2022,3213,129
Kelci Walkden,USA,Peanut Butter Cubes,2/14/2022,3311,255
Jan Morforth,India,Organic Choco Syrup,2/14/2022,1197,50
Curtice Advani,UK,Baker's Choco Chips,2/14/2022,6587,314
Van Tuxwell,USA,Eclairs,2/14/2022,1148,43
Husein Augar,Canada,Baker's Choco Chips,2/14/2022,952,48
Camilla Castle,USA,85% Dark Bars,2/14/2022,4459,194
Jan Morforth,Canada,Almond Choco,2/14/2022,2947,134
Dennison Crosswaite,Australia,White Choc,2/14/2022,4935,291
Andria Kimpton,Canada,Raspberry Choco,2/14/2022,8407,401
Gunar Cockshoot,USA,Raspberry Choco,2/14/2022,13307,579
Kelci Walkden,Canada,Orange Choco,2/14/2022,10801,386
Barr Faughny,Canada,Choco Coated Almonds,2/14/2022,3689,246
Rafaelita Blaksland,USA,White Choc,2/14/2022,2100,175
Karlen McCaffrey,Australia,Choco Coated Almonds,2/14/2022,10311,645
Husein Augar,Canada,Milk Bars,2/14/2022,4179,349
Barr Faughny,USA,Almond Choco,2/14/2022,11116,506
Karlen McCaffrey,Australia,After Nines,2/14/2022,5446,303
Camilla Castle,UK,Almond Choco,2/14/2022,5285,241
Van Tuxwell,New Zealand,Orange Choco,2/14/2022,3507,121
Jan Morforth,UK,Spicy Special Slims,2/14/2022,12110,466
Rafaelita Blaksland,UK,Peanut Butter Cubes,2/14/2022,8330,556
Van Tuxwell,Canada,Milk Bars,2/14/2022,2093,210
Kelci Walkden,USA,Manuka Honey Choco,2/14/2022,1610,81
Wilone O'Kielt,UK,Raspberry Choco,2/14/2022,2247,98
Jan Morforth,Canada,Orange Choco,2/14/2022,13006,449
Brien Boise,USA,Smooth Sliky Salty,2/14/2022,6335,244
Dotty Strutley,India,70% Dark Bites,2/14/2022,777,37
Kelci Walkden,Australia,Mint Chip Choco,2/14/2022,259,10
Rafaelita Blaksland,USA,Caramel Stuffed Bars,2/14/2022,4284,390
Oby Sorrel,USA,Orange Choco,2/14/2022,5768,231
Van Tuxwell,New Zealand,85% Dark Bars,2/14/2022,1498,63
Camilla Castle,New Zealand,Choco Coated Almonds,2/14/2022,3822,273
Jehu Rudeforth,USA,Caramel Stuffed Bars,2/14/2022,8967,641
Roddy Speechley,New Zealand,Baker's Choco Chips,2/14/2022,9779,544
Wilone O'Kielt,UK,Orange Choco,2/14/2022,6391,246
Curtice Advani,Canada,Fruit & Nut Bars,2/14/2022,4011,309
Marney O'Breen,India,Spicy Special Slims,2/14/2022,1477,62
Dotty Strutley,USA,Caramel Stuffed Bars,2/14/2022,5894,421
Dennison Crosswaite,Canada,Spicy Special Slims,2/14/2022,9632,402
Kaine Padly,India,Organic Choco Syrup,2/14/2022,2639,120
Beverie Moffet,India,Eclairs,2/14/2022,3654,147
Ches Bonnell,Australia,Mint Chip Choco,2/14/2022,4074,157
Dennison Crosswaite,UK,85% Dark Bars,2/14/2022,2016,92
Dotty Strutley,UK,50% Dark Bites,2/14/2022,5964,230
Camilla Castle,Canada,Peanut Butter Cubes,2/14/2022,13048,980
Ches Bonnell,Australia,Raspberry Choco,2/14/2022,2884,145
Husein Augar,USA,Baker's Choco Chips,2/14/2022,3416,156
Husein Augar,India,99% Dark & Pure,2/15/2022,6727,293
Gigi Bohling,USA,White Choc,2/15/2022,973,58
Brien Boise,Australia,99% Dark & Pure,2/15/2022,8456,314
Beverie Moffet,USA,Almond Choco,2/15/2022,2527,102
Gunar Cockshoot,Australia,Choco Coated Almonds,2/15/2022,9527,596
Brien Boise,New Zealand,Milk Bars,2/15/2022,3192,266
Van Tuxwell,UK,50% Dark Bites,2/15/2022,3318,151
Gunar Cockshoot,USA,Eclairs,2/15/2022,7469,312
Beverie Moffet,Canada,After Nines,2/15/2022,5887,347
Beverie Moffet,Canada,Raspberry Choco,2/15/2022,168,8
Rafaelita Blaksland,UK,After Nines,2/15/2022,1015,60
Husein Augar,USA,Fruit & Nut Bars,2/15/2022,2849,238
Madelene Upcott,New Zealand,Fruit & Nut Bars,2/15/2022,8225,549
Roddy Speechley,New Zealand,Raspberry Choco,2/15/2022,9338,374
Curtice Advani,Australia,85% Dark Bars,2/15/2022,10262,514
Dennison Crosswaite,New Zealand,Spicy Special Slims,2/15/2022,12243,511
Gunar Cockshoot,New Zealand,70% Dark Bites,2/15/2022,2282,115
Van Tuxwell,Australia,White Choc,2/15/2022,3276,234
Rafaelita Blaksland,Canada,Fruit & Nut Bars,2/15/2022,3815,294
Rafaelita Blaksland,Australia,Peanut Butter Cubes,2/15/2022,6419,428
Ches Bonnell,Canada,Mint Chip Choco,2/15/2022,3122,121
Curtice Advani,New Zealand,Manuka Honey Choco,2/15/2022,7049,353
Gunar Cockshoot,Australia,White Choc,2/15/2022,7056,441
Karlen McCaffrey,New Zealand,White Choc,2/15/2022,5271,352
Ches Bonnell,USA,Caramel Stuffed Bars,2/15/2022,1253,90
Jehu Rudeforth,Canada,Smooth Sliky Salty,2/15/2022,875,31
Dotty Strutley,Canada,Raspberry Choco,2/15/2022,9863,395
Husein Augar,New Zealand,Smooth Sliky Salty,2/15/2022,10402,434
Curtice Advani,Australia,Almond Choco,2/15/2022,5684,228
Ches Bonnell,India,Organic Choco Syrup,2/15/2022,4396,163
Kelci Walkden,India,Almond Choco,2/15/2022,3563,138
Dennison Crosswaite,USA,Almond Choco,2/15/2022,12180,469
Andria Kimpton,New Zealand,85% Dark Bars,2/15/2022,35,2
Van Tuxwell,India,Spicy Special Slims,2/15/2022,9310,405
Roddy Speechley,USA,Organic Choco Syrup,2/15/2022,3843,148
Jehu Rudeforth,Canada,White Choc,2/15/2022,4298,253
Dotty Strutley,New Zealand,Peanut Butter Cubes,2/15/2022,6692,609
Marney O'Breen,New Zealand,White Choc,2/15/2022,3514,235
Barr Faughny,India,Spicy Special Slims,2/16/2022,441,17
Camilla Castle,India,Eclairs,2/16/2022,8407,366
Kaine Padly,New Zealand,Drinking Coco,2/16/2022,3507,176
Oby Sorrel,USA,Eclairs,2/16/2022,3073,140
Andria Kimpton,UK,Organic Choco Syrup,2/16/2022,5628,256
Madelene Upcott,UK,Manuka Honey Choco,2/16/2022,2401,105
Van Tuxwell,USA,Peanut Butter Cubes,2/16/2022,868,73
Husein Augar,New Zealand,After Nines,2/16/2022,9597,565
Kelci Walkden,New Zealand,White Choc,2/16/2022,1771,127
Brien Boise,New Zealand,Manuka Honey Choco,2/16/2022,12026,573
Madelene Upcott,Canada,Smooth Sliky Salty,2/16/2022,616,26
Jan Morforth,Australia,Drinking Coco,2/16/2022,9814,468
Brien Boise,Canada,After Nines,2/16/2022,6146,342
Andria Kimpton,Australia,Milk Bars,2/16/2022,8897,770
Mallorie Waber,New Zealand,Caramel Stuffed Bars,2/16/2022,2485,249
Madelene Upcott,USA,Raspberry Choco,2/16/2022,18193,910
Barr Faughny,New Zealand,After Nines,2/16/2022,4879,287
Marney O'Breen,Canada,70% Dark Bites,2/16/2022,16170,840
Dotty Strutley,Australia,Smooth Sliky Salty,2/16/2022,12502,481
Rafaelita Blaksland,New Zealand,Fruit & Nut Bars,2/16/2022,9163,770
Brien Boise,Canada,Milk Bars,2/16/2022,3990,499
Ches Bonnell,India,Choco Coated Almonds,2/16/2022,1785,128
Curtice Advani,Canada,Smooth Sliky Salty,2/16/2022,8267,307
Oby Sorrel,USA,Fruit & Nut Bars,2/17/2022,17710,1470
Karlen McCaffrey,Australia,White Choc,2/17/2022,3878,229
Van Tuxwell,Australia,Fruit & Nut Bars,2/17/2022,3164,198
Curtice Advani,Canada,Milk Bars,2/17/2022,4011,502
Madelene Upcott,UK,White Choc,2/17/2022,6818,455
Kelci Walkden,USA,Choco Coated Almonds,2/17/2022,10584,840
Camilla Castle,India,Almond Choco,2/17/2022,2492,109
Kelci Walkden,New Zealand,50% Dark Bites,2/17/2022,11375,455
Karlen McCaffrey,Canada,Smooth Sliky Salty,2/17/2022,11144,429
Roddy Speechley,Canada,Manuka Honey Choco,2/17/2022,9779,445
Ches Bonnell,USA,Baker's Choco Chips,2/17/2022,5278,264
Oby Sorrel,Australia,Peanut Butter Cubes,2/17/2022,12509,1050
Van Tuxwell,Canada,Almond Choco,2/17/2022,5845,255
Gigi Bohling,India,Organic Choco Syrup,2/17/2022,4438,165
Gunar Cockshoot,USA,Caramel Stuffed Bars,2/17/2022,938,63
Andria Kimpton,Canada,Spicy Special Slims,2/17/2022,2513,97
Andria Kimpton,USA,Peanut Butter Cubes,2/17/2022,1988,142
Gunar Cockshoot,USA,85% Dark Bars,2/17/2022,6811,310
Dennison Crosswaite,UK,After Nines,2/17/2022,4368,219
Kaine Padly,Canada,Fruit & Nut Bars,2/17/2022,9275,700
Kelci Walkden,India,Baker's Choco Chips,2/17/2022,6895,406
Andria Kimpton,New Zealand,Smooth Sliky Salty,2/17/2022,7896,282
Rafaelita Blaksland,UK,Eclairs,2/17/2022,5901,257
Gunar Cockshoot,India,70% Dark Bites,2/17/2022,9443,450
Madelene Upcott,USA,99% Dark & Pure,2/17/2022,11676,487
Dennison Crosswaite,Canada,Manuka Honey Choco,2/17/2022,1162,53
Jan Morforth,Australia,Peanut Butter Cubes,2/17/2022,6160,560
Camilla Castle,India,Manuka Honey Choco,2/17/2022,322,14
Karlen McCaffrey,New Zealand,Peanut Butter Cubes,2/17/2022,623,45
Gigi Bohling,Canada,70% Dark Bites,2/17/2022,3255,136
Van Tuxwell,India,Orange Choco,2/17/2022,4158,167
Oby Sorrel,New Zealand,Choco Coated Almonds,2/17/2022,4627,309
Dotty Strutley,Canada,Manuka Honey Choco,2/18/2022,2359,118
Roddy Speechley,USA,Smooth Sliky Salty,2/18/2022,4410,177
Madelene Upcott,New Zealand,White Choc,2/18/2022,5516,368
Gunar Cockshoot,UK,Manuka Honey Choco,2/18/2022,1890,79
Marney O'Breen,Canada,White Choc,2/18/2022,5355,412
Brien Boise,New Zealand,Caramel Stuffed Bars,2/18/2022,455,46
Kelci Walkden,New Zealand,Spicy Special Slims,2/18/2022,3857,168
Dennison Crosswaite,India,Milk Bars,2/18/2022,11116,1400
Dennison Crosswaite,New Zealand,Drinking Coco,2/18/2022,8820,420
Kaine Padly,New Zealand,Spicy Special Slims,2/18/2022,7154,326
Husein Augar,USA,Mint Chip Choco,2/18/2022,3570,138
Karlen McCaffrey,Canada,Spicy Special Slims,2/18/2022,13272,604
Dotty Strutley,USA,Baker's Choco Chips,2/18/2022,8169,372
Mallorie Waber,USA,70% Dark Bites,2/18/2022,1995,91
Van Tuxwell,Canada,85% Dark Bars,2/18/2022,4179,182
Karlen McCaffrey,India,85% Dark Bars,2/18/2022,11809,514
Ches Bonnell,India,Eclairs,2/18/2022,3549,162
Barr Faughny,Canada,Milk Bars,2/18/2022,4039,368
Gigi Bohling,UK,Eclairs,2/18/2022,1519,70
Wilone O'Kielt,UK,Manuka Honey Choco,2/18/2022,10661,508
Jehu Rudeforth,USA,Baker's Choco Chips,2/18/2022,11116,618
Marney O'Breen,USA,Almond Choco,2/18/2022,896,39
Beverie Moffet,New Zealand,70% Dark Bites,2/18/2022,14427,687
Ches Bonnell,Canada,Raspberry Choco,2/18/2022,10073,420
Curtice Advani,USA,85% Dark Bars,2/18/2022,5201,248
Roddy Speechley,UK,70% Dark Bites,2/18/2022,5460,249
Ches Bonnell,Australia,85% Dark Bars,2/18/2022,5565,242
Husein Augar,Australia,Drinking Coco,2/18/2022,7945,346
Jan Morforth,USA,99% Dark & Pure,2/18/2022,12607,467
Roddy Speechley,Australia,Drinking Coco,2/18/2022,5642,246
Rafaelita Blaksland,UK,Mint Chip Choco,2/18/2022,8512,341
Marney O'Breen,Australia,70% Dark Bites,2/18/2022,707,36
Kaine Padly,India,White Choc,2/18/2022,1519,109
Beverie Moffet,USA,White Choc,2/18/2022,2128,164
Wilone O'Kielt,Canada,Baker's Choco Chips,2/18/2022,1435,80
Roddy Speechley,USA,Peanut Butter Cubes,2/18/2022,8001,534
Beverie Moffet,UK,Fruit & Nut Bars,2/21/2022,2751,172
Wilone O'Kielt,India,Raspberry Choco,2/21/2022,6251,313
Madelene Upcott,New Zealand,Caramel Stuffed Bars,2/21/2022,938,67
Wilone O'Kielt,New Zealand,Caramel Stuffed Bars,2/21/2022,357,30
Andria Kimpton,Canada,Milk Bars,2/21/2022,1120,140
Curtice Advani,UK,Mint Chip Choco,2/21/2022,1638,72
Mallorie Waber,India,After Nines,2/21/2022,4466,280
Dennison Crosswaite,India,After Nines,2/21/2022,8372,441
Beverie Moffet,USA,After Nines,2/21/2022,15344,840
Jehu Rudeforth,New Zealand,Mint Chip Choco,2/21/2022,16527,613
Gigi Bohling,UK,Caramel Stuffed Bars,2/21/2022,11732,1050
Kelci Walkden,Australia,Baker's Choco Chips,2/21/2022,6965,317
Gunar Cockshoot,UK,Orange Choco,2/21/2022,14091,470
Karlen McCaffrey,Canada,85% Dark Bars,2/21/2022,8694,435
Madelene Upcott,USA,Almond Choco,2/21/2022,6538,285
Camilla Castle,New Zealand,Caramel Stuffed Bars,2/21/2022,714,65
Barr Faughny,India,Orange Choco,2/21/2022,4074,141
Rafaelita Blaksland,UK,50% Dark Bites,2/21/2022,4711,197
Camilla Castle,UK,Milk Bars,2/21/2022,4746,528
Madelene Upcott,Australia,Eclairs,2/21/2022,2891,116
Mallorie Waber,UK,Fruit & Nut Bars,2/21/2022,2275,152
Camilla Castle,Canada,Almond Choco,2/21/2022,385,19
Jehu Rudeforth,Canada,Caramel Stuffed Bars,2/21/2022,13342,1050
Husein Augar,New Zealand,50% Dark Bites,2/21/2022,5509,263
Jan Morforth,India,Spicy Special Slims,2/21/2022,11046,481
Dotty Strutley,Canada,Eclairs,2/21/2022,5719,239
Marney O'Breen,USA,Choco Coated Almonds,2/21/2022,6195,564
Dennison Crosswaite,UK,White Choc,2/21/2022,6027,355
Kaine Padly,India,Eclairs,2/22/2022,3157,132
Andria Kimpton,India,99% Dark & Pure,2/22/2022,8806,353
Andria Kimpton,India,Eclairs,2/22/2022,3458,129
Andria Kimpton,Canada,Fruit & Nut Bars,2/22/2022,8673,700
Kaine Padly,India,Raspberry Choco,2/22/2022,10521,439
Rafaelita Blaksland,UK,85% Dark Bars,2/22/2022,5866,280
Gigi Bohling,Australia,Baker's Choco Chips,2/22/2022,10031,502
Dotty Strutley,India,Almond Choco,2/22/2022,2254,108
Dotty Strutley,New Zealand,White Choc,2/22/2022,6251,521
Rafaelita Blaksland,UK,Spicy Special Slims,2/22/2022,749,36
Van Tuxwell,USA,70% Dark Bites,2/22/2022,1071,54
Roddy Speechley,USA,Baker's Choco Chips,2/22/2022,98,6
Mallorie Waber,India,Caramel Stuffed Bars,2/22/2022,2163,181
Ches Bonnell,Australia,Choco Coated Almonds,2/22/2022,19467,1330
Oby Sorrel,New Zealand,Manuka Honey Choco,2/22/2022,5292,279
Oby Sorrel,UK,Mint Chip Choco,2/22/2022,12782,556
Roddy Speechley,Canada,Smooth Sliky Salty,2/23/2022,5509,212
Roddy Speechley,India,Mint Chip Choco,2/23/2022,1064,43
Ches Bonnell,Canada,Almond Choco,2/23/2022,2933,118
Mallorie Waber,Australia,Milk Bars,2/23/2022,15512,1540
Roddy Speechley,Canada,Mint Chip Choco,2/23/2022,7602,331
Camilla Castle,New Zealand,Spicy Special Slims,2/23/2022,5656,227
Marney O'Breen,New Zealand,Eclairs,2/23/2022,4718,215
Andria Kimpton,USA,Caramel Stuffed Bars,2/23/2022,8498,654
Dennison Crosswaite,UK,Mint Chip Choco,2/23/2022,644,27
Van Tuxwell,USA,Drinking Coco,2/23/2022,2387,114
Wilone O'Kielt,New Zealand,Eclairs,2/23/2022,4851,211
Dotty Strutley,India,Milk Bars,2/23/2022,14105,1190
Madelene Upcott,Australia,Raspberry Choco,2/23/2022,5166,216
Kelci Walkden,UK,Peanut Butter Cubes,2/23/2022,1085,73
Madelene Upcott,Canada,Almond Choco,2/23/2022,13874,604
Mallorie Waber,Australia,Smooth Sliky Salty,2/23/2022,11802,407
Jan Morforth,New Zealand,Spicy Special Slims,2/23/2022,406,18
Gunar Cockshoot,Canada,Milk Bars,2/23/2022,7147,650
Van Tuxwell,India,Smooth Sliky Salty,2/23/2022,651,25
Barr Faughny,India,Smooth Sliky Salty,2/23/2022,9233,385
Rafaelita Blaksland,UK,Almond Choco,2/23/2022,9037,411
Madelene Upcott,Canada,Organic Choco Syrup,2/23/2022,7602,282
Beverie Moffet,Canada,Organic Choco Syrup,2/23/2022,10038,437
Marney O'Breen,Australia,Fruit & Nut Bars,2/23/2022,21931,1470
Oby Sorrel,New Zealand,Milk Bars,2/23/2022,9212,910
Husein Augar,New Zealand,Manuka Honey Choco,2/23/2022,2331,123
Marney O'Breen,Canada,Orange Choco,2/23/2022,7035,235
Wilone O'Kielt,Canada,Milk Bars,2/23/2022,3052,340
Gunar Cockshoot,Australia,Raspberry Choco,2/23/2022,5180,216
Curtice Advani,New Zealand,Raspberry Choco,2/23/2022,1106,47
Wilone O'Kielt,Australia,Raspberry Choco,2/23/2022,2331,117
Karlen McCaffrey,Canada,White Choc,2/23/2022,2996,231
Madelene Upcott,UK,Eclairs,2/23/2022,546,24
Andria Kimpton,India,85% Dark Bars,2/23/2022,7665,349
Camilla Castle,Australia,Drinking Coco,2/23/2022,8729,397
Roddy Speechley,Australia,Peanut Butter Cubes,2/23/2022,7581,770
Gigi Bohling,India,70% Dark Bites,2/23/2022,3010,137
Curtice Advani,USA,After Nines,2/23/2022,4179,233
Barr Faughny,India,Eclairs,2/23/2022,4494,205
Karlen McCaffrey,UK,After Nines,2/23/2022,1176,66
Andria Kimpton,Canada,Peanut Butter Cubes,2/23/2022,1715,123
Marney O'Breen,UK,Manuka Honey Choco,2/23/2022,14406,686
Jehu Rudeforth,USA,Peanut Butter Cubes,2/23/2022,1778,119
Camilla Castle,UK,White Choc,2/23/2022,10577,623
Oby Sorrel,New Zealand,70% Dark Bites,2/23/2022,357,16
Andria Kimpton,USA,85% Dark Bars,2/23/2022,15001,653
Dotty Strutley,India,Fruit & Nut Bars,2/23/2022,6293,371
Karlen McCaffrey,USA,White Choc,2/23/2022,1393,108
Husein Augar,New Zealand,99% Dark & Pure,2/23/2022,8498,340
Jan Morforth,USA,Choco Coated Almonds,2/23/2022,10521,700
Dennison Crosswaite,UK,Orange Choco,2/23/2022,3458,133
Oby Sorrel,Canada,Choco Coated Almonds,2/23/2022,1918,148
Curtice Advani,Australia,After Nines,2/23/2022,5628,282
Dennison Crosswaite,USA,Eclairs,2/23/2022,6664,267
Dennison Crosswaite,Australia,After Nines,2/23/2022,17542,910
Wilone O'Kielt,USA,Smooth Sliky Salty,2/23/2022,1841,77
Dennison Crosswaite,New Zealand,Manuka Honey Choco,2/23/2022,2408,105
Husein Augar,UK,Drinking Coco,2/23/2022,9212,485
Wilone O'Kielt,New Zealand,Raspberry Choco,2/23/2022,7154,326
Barr Faughny,Australia,Baker's Choco Chips,2/23/2022,2807,141
Brien Boise,Australia,White Choc,2/23/2022,9940,622
Roddy Speechley,Canada,Peanut Butter Cubes,2/23/2022,98,9
Jehu Rudeforth,UK,70% Dark Bites,2/23/2022,8064,336
Husein Augar,UK,Manuka Honey Choco,2/23/2022,7742,388
Kaine Padly,Australia,Eclairs,2/23/2022,6041,263
Kaine Padly,India,Smooth Sliky Salty,2/23/2022,10626,443
Gunar Cockshoot,India,Raspberry Choco,2/23/2022,6867,344
Brien Boise,New Zealand,70% Dark Bites,2/23/2022,8253,393
Ches Bonnell,USA,Manuka Honey Choco,2/23/2022,1099,46
Camilla Castle,New Zealand,Orange Choco,2/23/2022,3878,139
Gigi Bohling,Canada,Caramel Stuffed Bars,2/23/2022,1288,86
Van Tuxwell,Canada,Manuka Honey Choco,2/24/2022,6930,330
Madelene Upcott,UK,99% Dark & Pure,2/24/2022,5159,235
Jan Morforth,India,50% Dark Bites,2/24/2022,4263,171
Beverie Moffet,USA,Orange Choco,2/24/2022,4494,161
Brien Boise,Australia,Fruit & Nut Bars,2/24/2022,8428,602
Wilone O'Kielt,India,70% Dark Bites,2/24/2022,3024,126
Roddy Speechley,UK,85% Dark Bars,2/24/2022,1141,52
Jehu Rudeforth,Canada,Drinking Coco,2/24/2022,7504,327
Andria Kimpton,UK,Milk Bars,2/24/2022,2674,268
Barr Faughny,India,99% Dark & Pure,2/24/2022,875,40
Karlen McCaffrey,USA,Peanut Butter Cubes,2/24/2022,4060,271
Van Tuxwell,Australia,Drinking Coco,2/24/2022,6363,354
Kelci Walkden,Canada,Mint Chip Choco,2/24/2022,4333,167
Kaine Padly,Australia,Milk Bars,2/24/2022,6055,770
Roddy Speechley,UK,Milk Bars,2/24/2022,2296,287
Dennison Crosswaite,Canada,Caramel Stuffed Bars,2/24/2022,8883,684
Kelci Walkden,New Zealand,70% Dark Bites,2/24/2022,5516,240
Madelene Upcott,India,Smooth Sliky Salty,2/24/2022,4501,188
Karlen McCaffrey,USA,Orange Choco,2/24/2022,1015,38
Madelene Upcott,Canada,Baker's Choco Chips,2/24/2022,4718,249
Dennison Crosswaite,USA,After Nines,2/24/2022,18347,1050
Rafaelita Blaksland,India,Caramel Stuffed Bars,2/24/2022,4662,389
Wilone O'Kielt,UK,Peanut Butter Cubes,2/24/2022,1925,138
Barr Faughny,UK,Caramel Stuffed Bars,2/24/2022,7714,594
Gunar Cockshoot,Canada,Spicy Special Slims,2/24/2022,8911,425
Wilone O'Kielt,USA,Choco Coated Almonds,2/24/2022,77,6
Beverie Moffet,USA,Peanut Butter Cubes,2/24/2022,8372,770
Gunar Cockshoot,Australia,Peanut Butter Cubes,2/25/2022,10766,770
Karlen McCaffrey,New Zealand,Fruit & Nut Bars,2/25/2022,7203,601
Jan Morforth,India,Eclairs,2/25/2022,5964,272
Kelci Walkden,India,Manuka Honey Choco,2/25/2022,4221,201
Gunar Cockshoot,UK,Raspberry Choco,2/25/2022,8988,391
Marney O'Breen,New Zealand,99% Dark & Pure,2/25/2022,609,24
Curtice Advani,USA,Mint Chip Choco,2/25/2022,168,7
Dotty Strutley,Canada,White Choc,2/25/2022,1134,67
Gunar Cockshoot,New Zealand,99% Dark & Pure,2/25/2022,5215,218
Rafaelita Blaksland,Canada,85% Dark Bars,2/25/2022,8001,334
Gunar Cockshoot,UK,Smooth Sliky Salty,2/25/2022,11200,415
Beverie Moffet,Canada,Peanut Butter Cubes,2/25/2022,1722,133
Gunar Cockshoot,UK,Almond Choco,2/25/2022,5040,220
Dennison Crosswaite,India,Fruit & Nut Bars,2/25/2022,6559,505
Dotty Strutley,Australia,Caramel Stuffed Bars,2/25/2022,2051,206
Kelci Walkden,Canada,Manuka Honey Choco,2/25/2022,4270,178
Gigi Bohling,India,White Choc,2/25/2022,9401,588
Barr Faughny,New Zealand,85% Dark Bars,2/25/2022,13265,577
Gigi Bohling,India,Fruit & Nut Bars,2/25/2022,8547,535
Husein Augar,India,Fruit & Nut Bars,2/25/2022,1477,114
Kelci Walkden,USA,White Choc,2/25/2022,1232,88
Kelci Walkden,India,Choco Coated Almonds,2/25/2022,2464,154
Van Tuxwell,New Zealand,Drinking Coco,2/25/2022,12026,573
Barr Faughny,Australia,Fruit & Nut Bars,2/25/2022,5369,413
Roddy Speechley,India,Manuka Honey Choco,2/25/2022,1498,72
Beverie Moffet,Australia,White Choc,2/25/2022,4158,245
Andria Kimpton,New Zealand,Fruit & Nut Bars,2/25/2022,7791,557
Camilla Castle,UK,Manuka Honey Choco,2/25/2022,3024,138
Curtice Advani,Australia,50% Dark Bites,2/25/2022,2100,100
Madelene Upcott,Australia,Baker's Choco Chips,2/25/2022,6790,400
Wilone O'Kielt,India,Caramel Stuffed Bars,2/25/2022,4788,342
Dennison Crosswaite,USA,Smooth Sliky Salty,2/25/2022,12775,492
Gunar Cockshoot,USA,Peanut Butter Cubes,2/25/2022,14049,910
Kelci Walkden,Canada,Almond Choco,2/25/2022,4991,192
Mallorie Waber,New Zealand,Fruit & Nut Bars,2/25/2022,3920,245
Oby Sorrel,India,After Nines,2/25/2022,1827,108
Camilla Castle,New Zealand,White Choc,2/25/2022,7273,607
Beverie Moffet,Canada,Orange Choco,2/25/2022,1183,48
Dotty Strutley,Australia,Spicy Special Slims,2/25/2022,6090,254
Andria Kimpton,Canada,Drinking Coco,2/25/2022,1701,78
Marney O'Breen,USA,Baker's Choco Chips,2/25/2022,9737,464
Husein Augar,India,Raspberry Choco,2/25/2022,6174,281
Rafaelita Blaksland,USA,After Nines,2/25/2022,10626,532
Rafaelita Blaksland,India,Baker's Choco Chips,2/25/2022,12229,583
Gigi Bohling,New Zealand,Milk Bars,2/25/2022,15890,1470
Camilla Castle,India,Caramel Stuffed Bars,2/25/2022,7518,770
Dotty Strutley,Australia,99% Dark & Pure,2/25/2022,3269,131
Rafaelita Blaksland,India,Almond Choco,2/25/2022,6356,255
Rafaelita Blaksland,USA,Choco Coated Almonds,2/25/2022,6713,560
Jehu Rudeforth,USA,Drinking Coco,2/25/2022,1477,65
Gunar Cockshoot,Australia,Caramel Stuffed Bars,2/25/2022,7049,700
Jan Morforth,USA,Milk Bars,2/25/2022,3976,442
Jan Morforth,New Zealand,Almond Choco,2/25/2022,1421,55
Gigi Bohling,Canada,Raspberry Choco,2/28/2022,4088,171
Wilone O'Kielt,New Zealand,Organic Choco Syrup,2/28/2022,8169,327
Marney O'Breen,Australia,Almond Choco,2/28/2022,8169,327
Karlen McCaffrey,New Zealand,Organic Choco Syrup,2/28/2022,5054,211
Camilla Castle,New Zealand,70% Dark Bites,2/28/2022,3906,163
Rafaelita Blaksland,USA,Almond Choco,2/28/2022,3304,133
Beverie Moffet,New Zealand,After Nines,2/28/2022,490,28
Ches Bonnell,Australia,Smooth Sliky Salty,2/28/2022,3451,128
Kelci Walkden,UK,50% Dark Bites,2/28/2022,2583,118
Mallorie Waber,USA,White Choc,2/28/2022,1862,125
Dotty Strutley,USA,99% Dark & Pure,3/8/2022,16744,1288
Oby Sorrel,USA,Fruit & Nut Bars,3/23/2022,2338,98
Camilla Castle,Canada,70% Dark Bites,3/29/2022,16072,555
Karlen McCaffrey,UK,Milk Bars,3/31/2022,392,28
Marney O'Breen,India,Fruit & Nut Bars,3/30/2022,3983,154
Jehu Rudeforth,UK,Caramel Stuffed Bars,3/7/2022,15848,1057
Gunar Cockshoot,Australia,Peanut Butter Cubes,3/14/2022,9912,708
Husein Augar,India,99% Dark & Pure,3/18/2022,7273,428
Husein Augar,USA,Smooth Sliky Salty,3/25/2022,5649,628
Dotty Strutley,Canada,Manuka Honey Choco,3/17/2022,343,12
Barr Faughny,Australia,Drinking Coco,3/14/2022,4690,247
Dennison Crosswaite,Canada,Mint Chip Choco,3/1/2022,3864,176
Madelene Upcott,USA,Milk Bars,3/22/2022,1260,105
Gigi Bohling,USA,White Choc,3/25/2022,4025,212
Karlen McCaffrey,Australia,White Choc,3/18/2022,7833,461
Roddy Speechley,Canada,Smooth Sliky Salty,3/28/2022,1316,83
Camilla Castle,Canada,Spicy Special Slims,3/3/2022,5656,236
Mallorie Waber,New Zealand,Raspberry Choco,3/11/2022,5978,997
Van Tuxwell,Australia,Fruit & Nut Bars,3/4/2022,4830,186
Karlen McCaffrey,New Zealand,Fruit & Nut Bars,3/24/2022,2541,116
Roddy Speechley,India,Mint Chip Choco,3/18/2022,6426,322
Roddy Speechley,USA,Smooth Sliky Salty,3/29/2022,2898,194
Jan Morforth,India,Eclairs,3/14/2022,7693,855
Brien Boise,Australia,99% Dark & Pure,3/17/2022,1141,82
Beverie Moffet,USA,Almond Choco,3/30/2022,1715,66
Madelene Upcott,New Zealand,White Choc,3/10/2022,4984,312
Kelci Walkden,Canada,Raspberry Choco,3/1/2022,3850,321
Curtice Advani,Australia,Caramel Stuffed Bars,3/30/2022,11263,939
Camilla Castle,India,Mint Chip Choco,3/10/2022,12726,849
Barr Faughny,USA,70% Dark Bites,3/17/2022,2646,89
Curtice Advani,Canada,Milk Bars,3/11/2022,2408,241
Curtice Advani,New Zealand,Almond Choco,3/29/2022,2037,73
Jehu Rudeforth,UK,Manuka Honey Choco,3/29/2022,1890,73
Madelene Upcott,UK,White Choc,3/29/2022,2359,169
Kelci Walkden,India,Manuka Honey Choco,3/24/2022,11053,369
Madelene Upcott,India,White Choc,3/22/2022,133,9
Husein Augar,New Zealand,70% Dark Bites,3/7/2022,1708,61
Beverie Moffet,UK,Fruit & Nut Bars,3/24/2022,8148,302
Kelci Walkden,USA,99% Dark & Pure,3/18/2022,6566,438
Curtice Advani,Canada,Mint Chip Choco,3/17/2022,357,23
Roddy Speechley,UK,Baker's Choco Chips,3/21/2022,1764,118
Gunar Cockshoot,Australia,Choco Coated Almonds,3/24/2022,6601,734
Karlen McCaffrey,India,99% Dark & Pure,3/24/2022,315,23
Gunar Cockshoot,UK,Manuka Honey Choco,3/29/2022,952,34
Ches Bonnell,USA,Smooth Sliky Salty,3/25/2022,189,15
Wilone O'Kielt,India,Almond Choco,3/29/2022,686,32
Marney O'Breen,Canada,White Choc,3/7/2022,7574,474
Madelene Upcott,USA,Eclairs,3/9/2022,2247,161
Ches Bonnell,Canada,Almond Choco,3/16/2022,1995,67
Gunar Cockshoot,India,Orange Choco,3/11/2022,2058,94
Barr Faughny,UK,70% Dark Bites,3/29/2022,9548,341
Barr Faughny,India,Spicy Special Slims,3/22/2022,7112,264
Van Tuxwell,New Zealand,Peanut Butter Cubes,3/24/2022,10024,836
Brien Boise,New Zealand,Caramel Stuffed Bars,3/1/2022,966,54
Wilone O'Kielt,India,Raspberry Choco,3/21/2022,4578,353
Brien Boise,New Zealand,Milk Bars,3/23/2022,2408,201
Kaine Padly,USA,Milk Bars,3/23/2022,756,84
Van Tuxwell,UK,50% Dark Bites,3/2/2022,3339,129
Jan Morforth,New Zealand,99% Dark & Pure,3/15/2022,2576,136
Kelci Walkden,USA,Choco Coated Almonds,3/18/2022,5740,574
Gunar Cockshoot,USA,Eclairs,3/11/2022,7973,886
Barr Faughny,UK,Milk Bars,3/24/2022,2114,177
Beverie Moffet,Canada,After Nines,3/17/2022,3724,187
Brien Boise,New Zealand,After Nines,3/11/2022,11459,717
Brien Boise,Australia,Almond Choco,3/4/2022,2758,99
Van Tuxwell,Canada,Mint Chip Choco,3/17/2022,4165,199
Gigi Bohling,Canada,Raspberry Choco,3/18/2022,1540,172
Gunar Cockshoot,UK,Raspberry Choco,3/23/2022,658,47
Van Tuxwell,Canada,Manuka Honey Choco,3/21/2022,2457,99
Madelene Upcott,UK,99% Dark & Pure,3/3/2022,4543,379
Marney O'Breen,New Zealand,99% Dark & Pure,3/1/2022,1743,117
Gigi Bohling,Canada,Milk Bars,3/30/2022,7385,462
Ches Bonnell,UK,Orange Choco,3/21/2022,3962,173
Curtice Advani,USA,Mint Chip Choco,3/4/2022,504,32
Kaine Padly,New Zealand,Manuka Honey Choco,3/21/2022,11067,396
Camilla Castle,India,Eclairs,3/11/2022,4403,276
Camilla Castle,USA,White Choc,3/24/2022,5390,257
Rafaelita Blaksland,Australia,After Nines,3/7/2022,1365,76
Gunar Cockshoot,Australia,50% Dark Bites,3/7/2022,2485,96
Wilone O'Kielt,Canada,85% Dark Bars,3/17/2022,6748,260
Van Tuxwell,India,Fruit & Nut Bars,3/28/2022,3969,181
Rafaelita Blaksland,New Zealand,70% Dark Bites,3/1/2022,2121,85
Camilla Castle,India,Almond Choco,3/1/2022,4613,165
Ches Bonnell,New Zealand,Peanut Butter Cubes,3/24/2022,9037,904
Mallorie Waber,UK,Almond Choco,3/9/2022,16177,648
Kaine Padly,New Zealand,Drinking Coco,3/16/2022,2079,87
Gunar Cockshoot,India,99% Dark & Pure,3/7/2022,5880,453
Jan Morforth,India,50% Dark Bites,3/15/2022,6958,240
Kaine Padly,Australia,Spicy Special Slims,3/16/2022,1407,57
Rafaelita Blaksland,Canada,Organic Choco Syrup,3/18/2022,5327,243
Gunar Cockshoot,New Zealand,50% Dark Bites,3/14/2022,5950,229
Oby Sorrel,USA,Eclairs,3/25/2022,7301,913
Curtice Advani,USA,Peanut Butter Cubes,3/4/2022,6321,903
Roddy Speechley,Canada,Milk Bars,3/1/2022,11620,727
Roddy Speechley,Canada,Choco Coated Almonds,3/11/2022,2415,345
Kelci Walkden,New Zealand,50% Dark Bites,3/14/2022,6279,252
Mallorie Waber,Australia,Milk Bars,3/9/2022,5698,380
Beverie Moffet,USA,Orange Choco,3/28/2022,12152,507
Brien Boise,Australia,Fruit & Nut Bars,3/2/2022,4053,156
Roddy Speechley,India,Spicy Special Slims,3/7/2022,13006,501
Jan Morforth,Canada,Smooth Sliky Salty,3/1/2022,4592,271
Madelene Upcott,UK,Milk Bars,3/21/2022,8827,883
Gunar Cockshoot,New Zealand,Choco Coated Almonds,3/10/2022,4998,625
Dotty Strutley,Canada,White Choc,3/7/2022,4340,256
Roddy Speechley,Canada,Mint Chip Choco,3/24/2022,10605,531
Camilla Castle,New Zealand,Spicy Special Slims,3/1/2022,3563,155
Wilone O'Kielt,New Zealand,Manuka Honey Choco,3/1/2022,7049,282
Mallorie Waber,UK,Baker's Choco Chips,3/17/2022,12579,899
Beverie Moffet,Canada,Raspberry Choco,3/1/2022,9408,941
Barr Faughny,Australia,Milk Bars,3/9/2022,3269,298
Wilone O'Kielt,India,70% Dark Bites,3/30/2022,1736,67
Gunar Cockshoot,New Zealand,Manuka Honey Choco,3/28/2022,5824,188
Marney O'Breen,Australia,85% Dark Bars,3/22/2022,6783,340
Oby Sorrel,New Zealand,Peanut Butter Cubes,3/1/2022,1141,88
Marney O'Breen,New Zealand,Eclairs,3/30/2022,322,30
Andria Kimpton,USA,Caramel Stuffed Bars,3/29/2022,5551,505
Gigi Bohling,UK,Milk Bars,3/17/2022,9996,714
Wilone O'Kielt,New Zealand,Organic Choco Syrup,3/15/2022,15918,693
Jehu Rudeforth,UK,Organic Choco Syrup,3/11/2022,4340,207
Dennison Crosswaite,UK,Mint Chip Choco,3/2/2022,3619,191
Wilone O'Kielt,India,Spicy Special Slims,3/21/2022,6671,239
Andria Kimpton,India,Drinking Coco,3/28/2022,2373,132
Van Tuxwell,USA,Drinking Coco,3/22/2022,2604,163
Camilla Castle,Australia,Choco Coated Almonds,3/15/2022,1484,115
Madelene Upcott,New Zealand,Caramel Stuffed Bars,3/2/2022,5194,473
Wilone O'Kielt,New Zealand,Choco Coated Almonds,3/2/2022,7553,581
Karlen McCaffrey,Canada,Smooth Sliky Salty,3/11/2022,252,18
Jan Morforth,New Zealand,Organic Choco Syrup,3/10/2022,2618,154
Gigi Bohling,India,Mint Chip Choco,3/22/2022,1505,89
Kelci Walkden,New Zealand,Spicy Special Slims,3/2/2022,1974,86
Gigi Bohling,New Zealand,Mint Chip Choco,3/22/2022,8932,406
Wilone O'Kielt,New Zealand,Eclairs,3/31/2022,7350,613
Jan Morforth,India,Peanut Butter Cubes,3/25/2022,1806,121
Roddy Speechley,UK,85% Dark Bars,3/1/2022,5915,220
Dotty Strutley,India,Milk Bars,3/25/2022,6202,517
Andria Kimpton,UK,After Nines,3/17/2022,5894,281
Andria Kimpton,Australia,70% Dark Bites,3/17/2022,6762,242
Barr Faughny,Canada,50% Dark Bites,3/17/2022,203,8
Marney O'Breen,UK,Caramel Stuffed Bars,3/9/2022,2632,240
Marney O'Breen,New Zealand,85% Dark Bars,3/30/2022,1911,84
Jehu Rudeforth,India,Milk Bars,3/17/2022,7700,482
Madelene Upcott,Australia,Raspberry Choco,3/9/2022,1218,94
Marney O'Breen,USA,85% Dark Bars,3/24/2022,7161,312
Mallorie Waber,USA,Mint Chip Choco,3/21/2022,8386,494
Jehu Rudeforth,UK,85% Dark Bars,3/24/2022,5796,215
Rafaelita Blaksland,Australia,Orange Choco,3/3/2022,8456,368
Andria Kimpton,New Zealand,Manuka Honey Choco,3/29/2022,581,21
Oby Sorrel,UK,Orange Choco,3/2/2022,6622,316
Rafaelita Blaksland,UK,After Nines,3/11/2022,11102,483
Dennison Crosswaite,India,Milk Bars,3/28/2022,2030,127
Barr Faughny,India,Caramel Stuffed Bars,3/30/2022,3185,245
Rafaelita Blaksland,India,Milk Bars,3/31/2022,5194,371
Madelene Upcott,Canada,85% Dark Bars,3/23/2022,3913,196
Gunar Cockshoot,New Zealand,99% Dark & Pure,3/8/2022,13524,846
Wilone O'Kielt,New Zealand,Caramel Stuffed Bars,3/9/2022,2345,235
Gigi Bohling,USA,Orange Choco,3/15/2022,560,32
Kaine Padly,India,Eclairs,3/24/2022,2744,305
Kaine Padly,New Zealand,70% Dark Bites,3/24/2022,6650,222
Van Tuxwell,India,Almond Choco,3/18/2022,2114,82
Rafaelita Blaksland,Canada,85% Dark Bars,3/15/2022,8701,349
Andria Kimpton,Canada,Milk Bars,3/24/2022,4361,312
Beverie Moffet,India,Drinking Coco,3/9/2022,10535,586
Oby Sorrel,Canada,Caramel Stuffed Bars,3/3/2022,3129,241
Ches Bonnell,New Zealand,Almond Choco,3/2/2022,3829,154
Camilla Castle,New Zealand,99% Dark & Pure,3/29/2022,1792,120
Rafaelita Blaksland,Australia,Caramel Stuffed Bars,3/11/2022,9121,913
Barr Faughny,UK,After Nines,3/21/2022,189,13
Jehu Rudeforth,Australia,Peanut Butter Cubes,3/2/2022,3311,276
Van Tuxwell,Australia,Caramel Stuffed Bars,3/18/2022,2646,147
Roddy Speechley,Australia,Raspberry Choco,3/8/2022,6902,1151
Madelene Upcott,Canada,Caramel Stuffed Bars,3/3/2022,1379,92
Curtice Advani,UK,Mint Chip Choco,3/29/2022,2261,142
Gunar Cockshoot,UK,Smooth Sliky Salty,3/18/2022,567,52
Jehu Rudeforth,Canada,Drinking Coco,3/11/2022,10017,528
Kelci Walkden,UK,Peanut Butter Cubes,3/21/2022,6426,459
Rafaelita Blaksland,India,Peanut Butter Cubes,3/16/2022,7742,517
Mallorie Waber,India,After Nines,3/25/2022,3129,174
Madelene Upcott,Canada,Almond Choco,3/9/2022,4634,194
Dennison Crosswaite,New Zealand,Drinking Coco,3/8/2022,1757,80
Roddy Speechley,New Zealand,Drinking Coco,3/29/2022,18228,1013
Jan Morforth,UK,Mint Chip Choco,3/11/2022,6888,328
Kaine Padly,New Zealand,Spicy Special Slims,3/4/2022,847,39
Jehu Rudeforth,Canada,Peanut Butter Cubes,3/10/2022,5348,669
Roddy Speechley,Canada,Manuka Honey Choco,3/11/2022,5635,209
Mallorie Waber,Australia,Smooth Sliky Salty,3/22/2022,9478,593
Dennison Crosswaite,India,After Nines,3/23/2022,3283,183
Jehu Rudeforth,UK,After Nines,3/18/2022,3052,191
Jan Morforth,New Zealand,Spicy Special Slims,3/25/2022,7406,353
Dotty Strutley,Canada,Baker's Choco Chips,3/2/2022,3990,235
Jan Morforth,India,Drinking Coco,3/10/2022,2695,129
Husein Augar,USA,Mint Chip Choco,3/22/2022,3857,242
Oby Sorrel,Canada,70% Dark Bites,3/1/2022,735,28
Gunar Cockshoot,Canada,Milk Bars,3/18/2022,2058,159
Husein Augar,USA,Fruit & Nut Bars,3/11/2022,7070,308
Van Tuxwell,India,Smooth Sliky Salty,3/11/2022,6972,411
Oby Sorrel,New Zealand,Almond Choco,3/16/2022,2667,92
Gigi Bohling,UK,After Nines,3/7/2022,6104,360
Jan Morforth,India,Fruit & Nut Bars,3/2/2022,13797,628
Karlen McCaffrey,Canada,Spicy Special Slims,3/24/2022,6447,248
Ches Bonnell,USA,Baker's Choco Chips,3/9/2022,1855,104
Jehu Rudeforth,New Zealand,Manuka Honey Choco,3/24/2022,8827,295
Andria Kimpton,India,99% Dark & Pure,3/29/2022,2296,177
Dotty Strutley,India,Baker's Choco Chips,3/18/2022,8890,635
Barr Faughny,India,Smooth Sliky Salty,3/25/2022,2058,138
Madelene Upcott,New Zealand,Fruit & Nut Bars,3/4/2022,6419,247
Andria Kimpton,UK,Organic Choco Syrup,3/15/2022,3731,197
Beverie Moffet,USA,After Nines,3/14/2022,11067,527
Beverie Moffet,Canada,Peanut Butter Cubes,3/10/2022,12327,1541
Madelene Upcott,UK,Manuka Honey Choco,3/24/2022,8974,346
Karlen McCaffrey,Australia,Raspberry Choco,3/24/2022,13230,1323
Andria Kimpton,USA,Organic Choco Syrup,3/2/2022,2856,159
Kelci Walkden,India,Organic Choco Syrup,3/2/2022,4032,184
Kelci Walkden,Australia,Spicy Special Slims,3/3/2022,1575,59
Jehu Rudeforth,New Zealand,Mint Chip Choco,3/9/2022,3416,228
Marney O'Breen,Australia,Almond Choco,3/17/2022,1169,54
Dotty Strutley,Australia,After Nines,3/2/2022,2716,119
Camilla Castle,Canada,Organic Choco Syrup,3/30/2022,427,22
Gunar Cockshoot,UK,Almond Choco,3/29/2022,812,33
Oby Sorrel,UK,Milk Bars,3/18/2022,1309,131
Rafaelita Blaksland,UK,Almond Choco,3/10/2022,2954,135
Curtice Advani,USA,Drinking Coco,3/31/2022,10164,636
Gunar Cockshoot,Australia,Mint Chip Choco,3/1/2022,8148,408
Oby Sorrel,Australia,Peanut Butter Cubes,3/28/2022,3444,230
Karlen McCaffrey,New Zealand,Organic Choco Syrup,3/9/2022,7126,476
Andria Kimpton,UK,Milk Bars,3/11/2022,16632,1280
Jehu Rudeforth,India,Caramel Stuffed Bars,3/28/2022,6825,402
Ches Bonnell,UK,85% Dark Bars,3/21/2022,2275,99
Van Tuxwell,Canada,Almond Choco,3/28/2022,3857,155
Van Tuxwell,USA,Peanut Butter Cubes,3/21/2022,7826,1118
Roddy Speechley,New Zealand,Raspberry Choco,3/2/2022,3094,344
Brien Boise,USA,Eclairs,3/17/2022,2240,140
Barr Faughny,Canada,Raspberry Choco,3/11/2022,1932,149
Curtice Advani,Canada,Raspberry Choco,3/21/2022,4487,499
Kelci Walkden,Australia,85% Dark Bars,3/17/2022,3129,131
Husein Augar,Canada,Organic Choco Syrup,3/2/2022,7161,478
Beverie Moffet,New Zealand,Baker's Choco Chips,3/29/2022,3339,186
Husein Augar,New Zealand,After Nines,3/15/2022,2618,164
Jehu Rudeforth,New Zealand,Spicy Special Slims,3/1/2022,13860,693
Gigi Bohling,UK,Caramel Stuffed Bars,3/30/2022,6426,495
Andria Kimpton,Australia,50% Dark Bites,3/11/2022,10689,396
Gigi Bohling,India,Organic Choco Syrup,3/2/2022,1547,71
Beverie Moffet,Canada,Almond Choco,3/17/2022,11130,371
Curtice Advani,UK,Eclairs,3/23/2022,1113,140
Madelene Upcott,Canada,Organic Choco Syrup,3/9/2022,714,34
Dotty Strutley,USA,Baker's Choco Chips,3/29/2022,11074,652
Oby Sorrel,UK,Eclairs,3/2/2022,161,13
Andria Kimpton,Canada,After Nines,3/14/2022,924,47
Dennison Crosswaite,India,Fruit & Nut Bars,3/16/2022,8757,399
Kelci Walkden,USA,Peanut Butter Cubes,3/29/2022,2226,279
Jan Morforth,India,Organic Choco Syrup,3/15/2022,2205,123
Camilla Castle,New Zealand,70% Dark Bites,3/24/2022,5474,229
Dotty Strutley,Australia,Caramel Stuffed Bars,3/24/2022,1960,179
Rafaelita Blaksland,New Zealand,Baker's Choco Chips,3/17/2022,308,18
Brien Boise,USA,After Nines,3/4/2022,5859,309
Mallorie Waber,USA,70% Dark Bites,3/15/2022,10703,412
Jan Morforth,Australia,70% Dark Bites,3/24/2022,5180,179
Beverie Moffet,Canada,Organic Choco Syrup,3/22/2022,4298,269
Van Tuxwell,Canada,85% Dark Bars,3/31/2022,4816,201
Jan Morforth,New Zealand,Mint Chip Choco,3/10/2022,3878,243
Curtice Advani,UK,Baker's Choco Chips,3/15/2022,5005,295
Rafaelita Blaksland,Australia,White Choc,3/3/2022,1491,75
Madelene Upcott,Canada,Spicy Special Slims,3/29/2022,7308,293
Van Tuxwell,USA,Eclairs,3/11/2022,1421,158
Husein Augar,Canada,Baker's Choco Chips,3/22/2022,1673,93
Camilla Castle,India,Peanut Butter Cubes,3/9/2022,3724,287
Camilla Castle,USA,85% Dark Bars,3/28/2022,8092,324
Marney O'Breen,Australia,Caramel Stuffed Bars,3/16/2022,4508,347
Kaine Padly,Australia,White Choc,3/4/2022,6566,329
Kelci Walkden,Australia,Manuka Honey Choco,3/11/2022,3164,110
Husein Augar,Australia,Eclairs,3/15/2022,1344,90
Andria Kimpton,USA,70% Dark Bites,3/11/2022,3619,121
Karlen McCaffrey,India,85% Dark Bars,3/7/2022,6335,276
Andria Kimpton,India,Eclairs,3/16/2022,4410,401
Kelci Walkden,Canada,Manuka Honey Choco,3/11/2022,9324,311
Gigi Bohling,New Zealand,Drinking Coco,3/14/2022,6440,293
Jehu Rudeforth,India,White Choc,3/1/2022,9779,445
Kelci Walkden,Australia,Baker's Choco Chips,3/22/2022,7,1
Andria Kimpton,Canada,Fruit & Nut Bars,3/28/2022,35,2
Jan Morforth,Canada,Almond Choco,3/7/2022,91,4
Husein Augar,New Zealand,Mint Chip Choco,3/24/2022,4984,312
Barr Faughny,India,99% Dark & Pure,3/10/2022,1540,77
Gunar Cockshoot,USA,Caramel Stuffed Bars,3/15/2022,10227,930
Gigi Bohling,India,White Choc,3/1/2022,1085,52
Oby Sorrel,Canada,99% Dark & Pure,3/10/2022,56,4
Dennison Crosswaite,Australia,White Choc,3/4/2022,2646,156
Gunar Cockshoot,UK,Orange Choco,3/29/2022,12733,796
Andria Kimpton,Canada,Raspberry Choco,3/7/2022,7903,1318
Gunar Cockshoot,USA,Raspberry Choco,3/4/2022,889,127
Marney O'Breen,Australia,Fruit & Nut Bars,3/21/2022,2023,75
Beverie Moffet,New Zealand,Spicy Special Slims,3/21/2022,9674,346
Kelci Walkden,New Zealand,White Choc,3/28/2022,5320,254
Curtice Advani,Australia,85% Dark Bars,3/16/2022,3535,136
Madelene Upcott,Canada,Drinking Coco,3/2/2022,651,39
Brien Boise,New Zealand,Manuka Honey Choco,3/21/2022,5971,239
Kaine Padly,New Zealand,99% Dark & Pure,3/16/2022,8526,474
Mallorie Waber,UK,Drinking Coco,3/2/2022,3346,140
Oby Sorrel,New Zealand,Milk Bars,3/16/2022,2065,138
Husein Augar,New Zealand,Manuka Honey Choco,3/2/2022,3374,130
Karlen McCaffrey,Canada,85% Dark Bars,3/1/2022,4298,160
Husein Augar,USA,Eclairs,3/2/2022,2905,194
Madelene Upcott,USA,Almond Choco,3/1/2022,8638,320
Ches Bonnell,India,Eclairs,3/10/2022,4018,366
Dennison Crosswaite,USA,99% Dark & Pure,3/21/2022,9002,693
Karlen McCaffrey,USA,Peanut Butter Cubes,3/17/2022,4592,354
Barr Faughny,New Zealand,85% Dark Bars,3/2/2022,2191,85
Madelene Upcott,India,Mint Chip Choco,3/25/2022,476,23
Van Tuxwell,Australia,Drinking Coco,3/2/2022,16982,850
Ches Bonnell,New Zealand,Milk Bars,3/24/2022,3388,283
Gigi Bohling,India,Fruit & Nut Bars,3/1/2022,3073,123
Jehu Rudeforth,UK,Almond Choco,3/28/2022,1197,43
Camilla Castle,USA,Mint Chip Choco,3/14/2022,5607,244
Oby Sorrel,Australia,Spicy Special Slims,3/29/2022,3423,123
Barr Faughny,USA,After Nines,3/1/2022,8106,353
Camilla Castle,New Zealand,Drinking Coco,3/29/2022,7357,351
Beverie Moffet,India,Fruit & Nut Bars,3/17/2022,4879,163
Karlen McCaffrey,UK,Orange Choco,3/24/2022,1771,77
Jan Morforth,Australia,Eclairs,3/21/2022,11914,1192
Husein Augar,India,Fruit & Nut Bars,3/3/2022,763,32
Husein Augar,Canada,Manuka Honey Choco,3/23/2022,2457,99
Karlen McCaffrey,Australia,Fruit & Nut Bars,3/16/2022,10094,374
Kelci Walkden,USA,White Choc,3/24/2022,3059,192
Gunar Cockshoot,Canada,Caramel Stuffed Bars,3/3/2022,2716,227
Van Tuxwell,New Zealand,Organic Choco Syrup,3/11/2022,9114,608
Dennison Crosswaite,New Zealand,Spicy Special Slims,3/24/2022,11837,494
Kelci Walkden,Canada,Orange Choco,3/17/2022,6853,286
Gunar Cockshoot,New Zealand,70% Dark Bites,3/1/2022,9310,345
Barr Faughny,Canada,Milk Bars,3/24/2022,11599,967
Dennison Crosswaite,Canada,Orange Choco,3/29/2022,3696,195
Andria Kimpton,Canada,Spicy Special Slims,3/11/2022,3934,164
Van Tuxwell,Australia,White Choc,3/29/2022,1498,107
Andria Kimpton,Australia,Mint Chip Choco,3/29/2022,2387,114
Barr Faughny,Canada,Choco Coated Almonds,3/3/2022,12719,1817
Ches Bonnell,India,99% Dark & Pure,3/29/2022,2240,173
Kelci Walkden,India,Choco Coated Almonds,3/2/2022,11039,1840
Mallorie Waber,UK,Mint Chip Choco,3/1/2022,3969,189
Dotty Strutley,USA,70% Dark Bites,3/29/2022,18480,740
Mallorie Waber,Canada,White Choc,3/4/2022,13811,768
Roddy Speechley,New Zealand,Milk Bars,3/28/2022,9590,738
Kelci Walkden,Canada,Mint Chip Choco,3/28/2022,9730,443
Rafaelita Blaksland,USA,White Choc,3/23/2022,2779,127
Mallorie Waber,India,Choco Coated Almonds,3/16/2022,3262,297
Gigi Bohling,UK,Eclairs,3/14/2022,2254,161
Roddy Speechley,USA,Fruit & Nut Bars,3/7/2022,1365,46
Kaine Padly,India,Raspberry Choco,3/4/2022,154,22
Karlen McCaffrey,New Zealand,Raspberry Choco,3/24/2022,13419,1491
Karlen McCaffrey,Australia,Choco Coated Almonds,3/29/2022,4711,472
Wilone O'Kielt,UK,Manuka Honey Choco,3/24/2022,5271,203
Wilone O'Kielt,Canada,After Nines,3/16/2022,7714,386
Madelene Upcott,India,Eclairs,3/11/2022,9275,1160
Curtice Advani,India,Orange Choco,3/7/2022,4620,244
Barr Faughny,India,Almond Choco,3/22/2022,3927,171
Rafaelita Blaksland,UK,85% Dark Bars,3/15/2022,3493,159
Jehu Rudeforth,USA,Baker's Choco Chips,3/10/2022,12663,745
Jehu Rudeforth,Canada,After Nines,3/30/2022,875,59
Marney O'Breen,Canada,Orange Choco,3/25/2022,3514,153
Rafaelita Blaksland,Canada,Fruit & Nut Bars,3/3/2022,8953,320
Rafaelita Blaksland,Australia,Peanut Butter Cubes,3/21/2022,3997,267
Wilone O'Kielt,Canada,Milk Bars,3/9/2022,13888,1389
Van Tuxwell,New Zealand,Drinking Coco,3/29/2022,812,43
Barr Faughny,Australia,Fruit & Nut Bars,3/7/2022,3535,142
Ches Bonnell,Canada,Mint Chip Choco,3/11/2022,7588,447
Gunar Cockshoot,New Zealand,Baker's Choco Chips,3/23/2022,4277,306
Husein Augar,Canada,Milk Bars,3/4/2022,1946,130
Camilla Castle,New Zealand,Caramel Stuffed Bars,3/25/2022,546,42
Andria Kimpton,USA,Peanut Butter Cubes,3/1/2022,1001,126
Ches Bonnell,USA,Orange Choco,3/3/2022,175,9
Gunar Cockshoot,USA,85% Dark Bars,3/10/2022,5782,290
Marney O'Breen,USA,Almond Choco,3/21/2022,490,21
Jan Morforth,Australia,50% Dark Bites,3/24/2022,15372,592
Mallorie Waber,USA,Choco Coated Almonds,3/10/2022,4557,415
Gunar Cockshoot,Australia,Raspberry Choco,3/23/2022,5425,603
Curtice Advani,New Zealand,Raspberry Choco,3/2/2022,6685,955
Oby Sorrel,USA,Manuka Honey Choco,3/17/2022,609,24
Gigi Bohling,Australia,Baker's Choco Chips,3/25/2022,2149,120
Madelene Upcott,Canada,Smooth Sliky Salty,3/24/2022,1925,175
Dennison Crosswaite,UK,After Nines,3/23/2022,5761,275
Karlen McCaffrey,Australia,99% Dark & Pure,3/15/2022,4760,251
Camilla Castle,UK,Drinking Coco,3/9/2022,9653,568
Beverie Moffet,New Zealand,70% Dark Bites,3/18/2022,2205,89
Dennison Crosswaite,UK,50% Dark Bites,3/2/2022,19873,765
Wilone O'Kielt,Australia,Raspberry Choco,3/1/2022,11144,1239
Gigi Bohling,Canada,Eclairs,3/25/2022,10899,1363
Karlen McCaffrey,Canada,White Choc,3/4/2022,8064,475
Kaine Padly,Australia,Milk Bars,3/9/2022,3220,190
Oby Sorrel,Canada,Organic Choco Syrup,3/8/2022,5586,266
Barr Faughny,USA,Almond Choco,3/25/2022,8225,294
Karlen McCaffrey,Australia,After Nines,3/29/2022,4592,242
Dotty Strutley,India,Almond Choco,3/17/2022,994,42
Brien Boise,New Zealand,Eclairs,3/28/2022,8715,671
Husein Augar,UK,Baker's Choco Chips,3/29/2022,399,23
Marney O'Breen,USA,Orange Choco,3/1/2022,7567,329
Ches Bonnell,Canada,Raspberry Choco,3/7/2022,9555,956
Roddy Speechley,Canada,Spicy Special Slims,3/11/2022,4144,173
Kelci Walkden,India,Peanut Butter Cubes,3/21/2022,8708,968
Karlen McCaffrey,India,Organic Choco Syrup,3/18/2022,406,18
Camilla Castle,UK,Almond Choco,3/24/2022,4893,196
Gigi Bohling,Australia,70% Dark Bites,3/3/2022,8036,310
Camilla Castle,Canada,99% Dark & Pure,3/14/2022,11025,849
Jan Morforth,Australia,Drinking Coco,3/23/2022,280,13
Gunar Cockshoot,India,Caramel Stuffed Bars,3/21/2022,854,54
Roddy Speechley,UK,Organic Choco Syrup,3/1/2022,13160,732
Van Tuxwell,New Zealand,Orange Choco,3/2/2022,1932,102
Oby Sorrel,India,Manuka Honey Choco,3/28/2022,5817,182
Brien Boise,Australia,Baker's Choco Chips,3/28/2022,322,22
Barr Faughny,India,Orange Choco,3/1/2022,12537,570
Kaine Padly,New Zealand,Smooth Sliky Salty,3/4/2022,1225,82
Madelene Upcott,UK,Eclairs,3/14/2022,5124,427
Dotty Strutley,New Zealand,White Choc,3/29/2022,6034,431
Curtice Advani,UK,Peanut Butter Cubes,3/17/2022,7903,988
Dennison Crosswaite,USA,Orange Choco,3/2/2022,707,31
Curtice Advani,New Zealand,Manuka Honey Choco,3/28/2022,14609,562
Jan Morforth,UK,Spicy Special Slims,3/14/2022,9205,439
Rafaelita Blaksland,USA,Almond Choco,3/3/2022,5705,204
Dotty Strutley,Canada,Drinking Coco,3/14/2022,3325,167
Roddy Speechley,Australia,70% Dark Bites,3/9/2022,4900,205
Curtice Advani,USA,85% Dark Bars,3/4/2022,8911,388
Roddy Speechley,UK,70% Dark Bites,3/24/2022,1316,51
Kaine Padly,Canada,Fruit & Nut Bars,3/1/2022,4340,155